aggregate_eligible,ape_rotation_deg_max,ape_rotation_deg_mean,ape_rotation_deg_median,ape_rotation_deg_p95,ape_rotation_deg_rmse,ape_se3_aligned_translation_m_max,ape_se3_aligned_translation_m_mean,ape_se3_aligned_translation_m_median,ape_se3_aligned_translation_m_p95,ape_se3_aligned_translation_m_rmse,ape_translation_m_max,ape_translation_m_mean,ape_translation_m_median,ape_translation_m_p95,ape_translation_m_rmse,coverage,dataset,deadline_exceedances,epoch_total_max_ms,epoch_total_p99_ms,grid_samples,rpe_1s_rotation_deg_max,rpe_1s_rotation_deg_mean,rpe_1s_rotation_deg_median,rpe_1s_rotation_deg_p95,rpe_1s_rotation_deg_rmse,rpe_1s_translation_m_max,rpe_1s_translation_m_mean,rpe_1s_translation_m_median,rpe_1s_translation_m_p95,rpe_1s_translation_m_rmse,samples,sequence,stage,start_s,status,stop_s,velocity_max_mps,wall_ms
True,179.40175430908144,84.67386855379056,106.79526155488456,153.94487881639054,100.54888700529267,30.70577383739053,2.8299737350048555,1.6599764788396232,12.259534493645695,4.936921754920526,31.04437680978141,2.892997192757375,1.4769699810937265,13.164788569358373,5.062620667958357,0.9830729166666666,HUEC,0,5.03159,2.0397004,2304,177.957734004413,11.229034919889965,3.6463667131479407,59.09265038255967,23.35058821115042,32.01845014286746,2.1437847555014655,1.4427239444853233,6.984913743787274,3.8323610690218555,2265,LOS_Trajectory_A_Case_1,covariance,2.6,SUCCESS,232.9000000000002,10.958996737571372,2728.445686
True,179.97050954874294,92.04146982507035,98.84583052449148,172.8612069738746,109.65833430186447,42.169019094793455,4.2325662250251215,2.0643691912386437,16.36732580636285,6.939710868553361,44.46081198677154,4.037789205150542,1.5173524323894407,16.26847236192907,7.194150702900854,0.9098625707356508,HUEC,0,7.25381,2.1337646999999937,2474,165.3026090373736,10.105188174685901,3.8347273064880203,52.52894035370697,20.18119285682757,43.81282825842413,2.891041933216272,1.523557605268037,12.742565679658355,5.688362365794709,2251,LOS_Trajectory_A_Case_2,covariance,3.6,SUCCESS,250.9000000000002,15.260793693350292,2706.24449
True,179.1787946749729,96.02364710824796,113.04555373300941,158.25985263397686,108.39685207495512,31.498985278445183,2.283156944025814,0.9157233716248018,9.766790654593942,4.578052831567203,32.871099424215735,2.6929204093328782,1.225869671887334,9.616035049072035,4.9402401175688855,1.0,HUEC,0,2.825,2.187294200000001,1792,139.03934906970966,12.063458485937959,4.8274303704624595,59.713594141429155,21.88209026871656,32.333693818691636,2.3996028396209614,2.0614774020737388,7.1694868638286495,3.9502733846682343,1792,LOS_Trajectory_B_Case_3,covariance,2.7,SUCCESS,181.80000000000015,11.705741407386377,2139.890012
True,179.8908126620141,78.36566999405741,76.12103334185767,168.6855615184461,96.94496614844444,24.4782726186535,1.4660784640019833,0.7175819121470222,5.252786526342401,2.764502646912244,27.2319079808906,2.2186982074489157,1.391750469917544,6.508584191444608,3.484987270746313,0.9984480082772892,HUEC,0,4.54434,2.1177196,1933,92.81872985724164,9.853141132444982,3.171517169321043,57.02325298305072,20.451114269532017,25.401745700058257,1.68927207392443,1.3491737934081796,4.528632015335687,3.018141056412836,1930,LOS_Trajectory_B_Case_4,covariance,2.1,SUCCESS,195.20000000000016,17.296231946354673,2221.790057
True,179.77641307077198,66.02438353797349,53.82960218533344,159.21945474240067,84.03827785736304,63.553412994924436,5.834041623660156,2.5324218651234482,22.956615722123303,9.797917816709502,68.03058837393822,5.287135561457226,1.9685980372312175,24.21638578890144,10.255610816015157,1.0,HUEC,0,3.21447,2.2064414999999995,2571,141.5773470309088,10.322153551243826,4.930168938211476,44.86112769364662,19.099875829471824,53.390707480492075,3.3532119566684724,1.3327504991104735,14.437612273401676,6.979734473908492,2571,NLOS_Trajectory_A_Case_1,covariance,2.3,SUCCESS,259.30000000000024,20.48819224253387,3142.36251
True,179.7151556527349,81.20372924403338,80.02139795963788,167.6507187791154,96.83136230729599,38.61038581754602,3.778565116553686,1.9247428170019885,13.075313863735792,6.0310674865389675,37.94283292539541,3.9841226064307897,2.2729521595268745,13.641590746762146,6.221256118342074,0.9984295249312917,HUEC,0,12.6162,2.1494830000000005,2547,137.15821104884608,11.22126642453222,5.385532701850548,50.653398672752004,20.050347969250215,40.801970633126444,2.7305698547255894,1.5773625211532223,10.525866569244005,4.980791846178655,2543,NLOS_Trajectory_A_Case_2,covariance,3.6,SUCCESS,258.2000000000002,13.367626373672328,3142.490141
True,179.96027075503517,94.3072950589589,96.22691954041593,174.4104805387429,112.44362967611436,18.026072759309713,1.4887609039323006,0.7523155172292671,5.787966786258338,2.6859356761446525,19.028010708789544,2.0326321902901596,1.2322336665913498,6.730606156081181,3.098100249077505,0.9970518867924528,HUEC,0,4.07037,2.178137999999997,1696,98.02361947047021,10.140958825989985,2.818345434237864,58.378028490855485,21.07692985958932,18.972267231448015,1.784491672066537,1.5472452825049439,4.965550483733262,2.7217114411473906,1691,NLOS_Trajectory_B_Case_3,covariance,2.7,SUCCESS,172.10000000000014,6.6919363298226315,1947.38306
True,179.9959915955979,68.77784809605197,66.82930681390289,171.24517173015929,88.75378209774405,17.62563167011782,1.6737956134598282,0.6754491504778386,8.961995983931168,3.2801680144513155,18.867928776745043,2.5301051104464043,1.509173480775146,8.943582087882614,3.8003331056756218,1.0,HUEC,0,3.17597,2.1783710000000003,1700,98.89896880343024,11.85980535901784,4.4271676288769335,61.680451083084705,22.230683996520884,24.414522775471998,1.709310897446274,1.2302895842559423,5.5463672909251445,3.0163008124769872,1700,NLOS_Trajectory_B_Case_4,covariance,2.3,SUCCESS,172.20000000000016,11.187173469287226,2000.624273
False,11.353169352023894,4.8960844136909065,4.240172380727888,8.314496975757871,5.204422304679665,3.1536270507741095,1.0609404450213265,0.9718747737529237,2.3252641459297805,1.2250402451150093,3.748692576783883,1.0680560222065283,0.7394319468209521,2.6567691357200727,1.3777275107743896,0.10230053842388644,MILUV,0,2.87954,2.663869999999998,2043,,,,,,,,,,,209,cirObstacles_1_random3_0,covariance,5.8000000000000025,SUCCESS,207.0000000000002,1.7220430303810645,671.604663
True,175.87975433253163,17.626777178646424,17.36187455813511,27.338109048146375,19.685212831667123,1.0107483597465128,0.3671766652792661,0.3113523073550151,0.7354933011199171,0.41536637331012843,1.6287474013045258,0.6557829469487624,0.640211928885983,1.2987655090723098,0.751481520170518,0.9962462462462462,MILUV,0,3.32353,2.0621994000000012,1332,179.69171315872418,3.4424116486657383,2.5285032950481257,6.858559606600132,10.285868389974462,1.4068956098221346,0.37948676167411,0.33866570330577334,0.8499430305066815,0.45063146203738985,1327,default_1_circular3D_0,covariance,2.1,SUCCESS,135.1000000000001,1.639562520077304,1456.382327
True,172.70466235058504,6.53433432388405,6.267651638834797,10.375373233699012,8.142946668069682,1.2106369615589256,0.3390600153772257,0.3000884290772725,0.7236103458104732,0.38483413304848213,1.5341926124189698,0.44093262142482875,0.40544461811473087,1.0333898206702414,0.5296556213438195,0.9970457902511078,MILUV,0,2.81879,2.0119548000000007,2031,179.08745434092918,2.4264064280346607,1.8481016044984886,4.546887512052561,7.096011424491807,1.1406432346333426,0.26060674874185014,0.22253065880303127,0.6151908821048424,0.31512199603887486,2025,default_1_random3_0,covariance,2.1,SUCCESS,205.00000000000017,1.4415910650129122,2233.187958
True,179.88970309718732,131.3627315708695,136.91303400840238,177.5435549388254,135.86372896203426,3.922241576994162,0.2431733473756896,0.19662793384085764,0.4838934909991003,0.3849611017799457,4.00858323047543,0.2501598667014568,0.19606715275129127,0.4957485137479466,0.396252460712628,0.9982486865148862,SFUISE,0,3.79034,2.091213599999999,571,71.28235865206038,16.969153130810174,14.115365566841252,43.52527388540802,22.33546234296546,4.620702084317195,0.8095407963279917,0.8863031466904931,1.5909770137945956,1.0350236961645798,570,ISAS-Walk1,covariance,5.7,SUCCESS,62.5999999999998,7.158933163984701,941.605251
True,179.86235320698606,101.34110834429994,101.42379039730315,167.69207191381267,110.50475697914572,0.6849874527590369,0.19036456815494252,0.16928255734611597,0.40052547991618437,0.2161411524095374,0.7437978202135695,0.19215541149097037,0.16340714524111044,0.4345069156338178,0.22670470469615256,0.9986504723346828,SFUISE,0,3.12169,2.092403999999997,741,61.61371019347997,16.395638150911715,14.239711516802709,38.670869377681505,20.85565977613487,0.9577821561614742,0.4006430270413014,0.3711509679197712,0.8104317229956254,0.4618687934371183,740,ISAS-Walk2,covariance,4.5,SUCCESS,78.39999999999974,0.9380332620329889,1226.688058
True,179.82864900741026,125.56460202582674,130.82956512799433,172.03229800207114,130.7801292888912,3.8277786847428974,0.2579461456136274,0.1984347534030954,0.48477906778362284,0.4226582598593471,3.9447234328130922,0.24602416215619285,0.18840378403634392,0.4520837549701398,0.42849698835599664,0.9974874371859297,SFUISE,0,3.48005,1.7796258999999996,796,124.31020527827302,20.82005714602313,18.124716340970885,47.435274010640036,26.52626030516104,4.018631179265507,0.5803349159669114,0.5366374429819064,0.9734948808580752,0.7436741894666915,794,ISAS-Walk3,covariance,4.6,SUCCESS,84.09999999999971,6.784366325724533,1251.556357
True,179.70331894930337,123.39512466117681,137.11104048651111,173.74043641986358,132.664827045345,3.0414350308117277,0.3545519477478763,0.31194053981113473,0.6267600176908007,0.45953350954937544,3.57704078327211,1.1897239376725968,1.2597603193127775,1.6491234767417304,1.249485700771038,0.9985994397759104,own_vicon,0,12.2753,2.0774928,714,25.31994798272412,5.947276364095596,5.0088160401277575,16.365713985018612,7.615453446954233,3.8080429770986197,1.0860393911340886,1.3958181147010011,1.9504344320562363,1.3338464511036248,713,2025-10-24-15-31-28_vicon_lidar_uwb_imu_no_obstacle,covariance,2.1,SUCCESS,73.30000000000005,3.0736378615926765,3577.317798
True,175.12823240589427,172.4216438809855,171.82290019918898,174.68404667368068,172.42464862037184,0.7859196144261625,0.3588781608751893,0.276258576263661,0.7831796943049036,0.41086922853244434,1.7883752748020008,1.0335827560479303,0.7993567835024613,1.773708068574877,1.1033125335001157,0.9893617021276596,own_vicon,0,3.46653,1.894950399999999,94,14.068366961218318,3.6967605315485144,2.317099105603281,10.991329852475218,5.325232627476377,1.3659320343556782,0.2992539758897217,0.1946321133895152,0.9933152647961477,0.45205954261753384,93,2025-10-24-15-46-27_vicon_lidar_uwb_imu_obstacle,covariance,2.1,SUCCESS,11.300000000000008,1.4435418654659795,466.102078
True,171.57328674572693,171.38482542392853,171.38027692657582,171.52067911478915,171.38484331019765,0.01895624907109896,0.007413542019405762,0.006694131073782429,0.01418629484306495,0.008236873509011375,0.7542830683336574,0.7467549949997688,0.7468301301391279,0.7516809584233327,0.7467629609290805,1.0,own_vicon,0,2.36092,1.8964001000000017,95,2.530222866992085,0.21263973834580152,0.12787691065820397,0.6590623971433714,0.4465289167508845,0.022893686767080798,0.011209558851273052,0.009815043856617316,0.020230957113862153,0.012525016906476618,95,2025-10-24-15-48-55_vicon_lidar_uwb_imu_obstacle,covariance,2.1,SUCCESS,11.500000000000009,0.057900767592363574,472.980534
True,12.05036390342256,3.8220070207513746,4.024988736564129,6.6386780464755475,4.249994717229649,0.14936883948853225,0.04469309951265568,0.042061791514944956,0.08376585064132584,0.049544734096775477,0.14897942601371336,0.044734396597542796,0.04142483878152757,0.0829300771464085,0.049684862193514735,0.9991742361684558,simulation,0,3.74251,2.1584180000000006,1211,7.776386397319598,1.0848582599215886,0.847086977196303,2.8370211698683,1.3936583595960288,0.34386626999596254,0.09157675532603023,0.08637934014105567,0.16134188997691898,0.10039678062230457,1210,figure_eight_nominal_seed_20260901,covariance,2.0,SUCCESS,122.9000000000001,1.6392240421570476,2587.997056
True,179.81998285367172,129.72131684170887,129.6211027129063,170.24725229368414,132.15856764525006,1.5169274252305966,0.37501046122425113,0.32584726154276844,0.8504391780358633,0.4459183686851816,1.662774258138171,0.43310189034349356,0.35257905233200143,1.0442485133649166,0.5231903164344731,1.0,starloc,0,3.9669,2.1922015000000004,1129,95.18371931493779,26.869495939310468,23.08187162691363,56.98808286886714,30.91602480115026,1.777028079243114,0.506281029905041,0.45884336876342263,1.004188699694432,0.5774108302068354,1129,apriltag_s3,covariance,3.5,SUCCESS,116.3000000000001,3.652969104208246,5233.784818
True,179.97876631375132,136.30193680532273,143.02503573707742,177.94839374695772,140.412764641442,2.1251043488188137,0.842406237620232,0.7731868692403303,1.7372077501410428,0.9425658167125989,2.90484443332453,0.9310734585512961,0.8241267230404785,2.0176571085891988,1.0849311823021128,1.0,starloc,0,11.4854,2.0672949999999997,471,112.15529400888933,50.13747541979471,49.69913363596484,89.05557309613897,54.873946942409106,2.9440227384523125,1.179701362606857,1.1840651411434313,1.9335841778147729,1.270097740315522,471,eight_s2,covariance,2.2,SUCCESS,49.200000000000045,6.050353626661503,2287.435351
True,179.96571393123992,128.9664705795795,129.51221788319572,176.0377872709011,132.64598412451753,1.5698262804100094,0.4709287791764705,0.38274908690405585,1.232625625192602,0.556293484910863,1.953910764309235,0.653985245440751,0.5855355711309588,1.3110295361869846,0.7486653100814453,0.9989473684210526,starloc,0,8.00111,2.0763824999999962,950,130.90017780564955,31.261083838413377,28.881070474959202,55.156050375814786,34.50692820730952,2.4414414204161,0.6336936799134961,0.5705908962272738,1.2332476928063105,0.725378590460878,949,eight_s3,covariance,3.6,SUCCESS,98.40000000000008,3.911584097523662,4583.758853
True,179.98804381815975,158.47435642413464,159.92472315131468,178.11282076568781,159.15008220592566,1.461007884248751,0.38816585405288767,0.3209904409752855,0.9139542345800227,0.46014866751412514,1.3813345936045056,0.43512204318604775,0.33560115234657134,1.0210428674291545,0.520482741357249,1.0,starloc,0,3.53077,2.059879199999999,1089,49.37023689795917,15.865134311798865,14.520203997351299,32.55707345070481,18.08429401481609,2.025066112150092,0.8266261344877188,0.7893837200270005,1.4281786864951929,0.9010271132399655,1089,ell_s3,covariance,2.1,SUCCESS,110.90000000000009,2.317431726188498,5068.405481
True,179.65740719601277,162.6910753515866,164.20956644349877,177.88570762812316,163.10593039812355,1.096641207952972,0.2496613986425455,0.22655738948587437,0.6221776281406518,0.297701232502025,1.240948208472524,0.4094202335863127,0.36890047329707076,0.7453542117098829,0.4523838556580474,1.0,starloc,0,3.88403,2.0537359999999985,1097,78.21559459891891,10.248263080092745,7.051454158578424,30.05071569464574,13.946724367820632,1.3700942827026044,0.31088224958656946,0.19329558647473635,1.049851355153216,0.4351621105221571,1097,grid_s3,covariance,3.2,SUCCESS,112.8000000000001,3.2987415700415212,5053.92484
True,179.63353736087097,142.8064229908261,141.14290514774424,175.3943886323765,144.04747464684397,1.7269270523782476,0.5290453909230921,0.4728168680866908,0.9564418806502929,0.5745257222545123,1.6897216207977541,0.7525506224787755,0.7523139731021363,1.402892779357922,0.8297754320416395,0.9967532467532467,starloc,0,2.72929,1.9414205999999998,308,108.19843440395088,42.87344854893833,42.47443279396778,51.684466135029425,44.30521841747344,3.2487040848426623,1.6797165335393893,1.7602285176860768,2.5649456439468636,1.7843858440310967,307,loop-2d-fast_s1,covariance,3.5,SUCCESS,34.10000000000002,5.587112397767205,1338.690974
True,179.62525483110244,136.5650084091206,133.50604326782988,174.6709345470958,138.33771213306522,1.271994456188538,0.48875177008086423,0.4363803507674917,0.8954209372216372,0.5425975930253426,1.9868834934954565,0.8176127025857396,0.7601095040058353,1.5605364322506667,0.9140119288989366,1.0,starloc,0,3.17272,1.9869030000000012,327,93.11764822889059,37.559926363807826,38.090849872731326,55.20448311216992,39.51950935407376,3.718344147546714,1.7870590024078643,1.794694578287454,2.867888444944175,1.9037308804365503,327,loop-2d-fast_s2,covariance,2.1,SUCCESS,34.70000000000003,4.274038374480978,1536.008347
True,179.96810874671309,134.98070469099255,131.18221311846702,177.60478944635327,137.4079174397982,0.48535508280393724,0.1891850878220897,0.17303428806238202,0.3771313127960894,0.21427737460358437,0.8714604304643756,0.3346570068211454,0.2799942672466065,0.6914041263242827,0.3733233401776016,1.0,starloc,0,7.75347,2.0183277999999882,534,54.108514029444244,24.705378269286346,25.68811100981283,38.45918230567428,26.550116236038118,1.9267217574453253,1.238916236725272,1.3309288250732867,1.7443118160777857,1.3121407108693173,534,loop-2d-fast_s3,covariance,1.4,SUCCESS,54.700000000000045,2.703865797119561,2407.49534
True,179.9866062460703,157.30527215487322,160.54269257828005,178.51664426404778,158.18692234531494,2.532525870954428,0.7321096472059925,0.6334651015521006,1.5229974388601921,0.8377563759362839,2.738999224119521,0.7461760568583057,0.6454462799636433,1.6020416600367013,0.8652428136632886,1.0,starloc,0,2.98439,2.1871891999999993,799,64.48009304682286,18.61759584719576,16.56892884028914,40.49637880056999,21.630907529220657,3.496140634867855,0.995418217128359,0.8872465164001015,1.9744507412588646,1.121475708467849,799,loop-2d-v2_s5,covariance,3.6,SUCCESS,83.40000000000006,5.454623461743258,1000.342365
True,179.91514777862247,142.25441193016127,140.98053541110903,176.1564624967445,143.83130515862854,0.8522188851641104,0.3649552726411503,0.3353340078530469,0.6725931642154288,0.3982411970140341,1.3392803638447206,0.4770943465972594,0.42730602055408584,0.9873482839980305,0.5395618454973418,0.998389694041868,starloc,0,3.14549,2.1526707999999988,621,60.80311006062981,19.653875081657812,19.875399672190852,29.30839820775972,20.985376712010915,2.0749984322213324,0.8862794090144035,0.8867153871134164,1.5915574028720796,0.9680995032947196,620,loop-2d_s1,covariance,3.6,SUCCESS,65.50000000000006,2.700791258254514,2631.541592
True,179.88310911118091,144.62453485446437,142.95536523220434,173.940806347593,145.84426137762904,1.1194095196729057,0.39225965159223974,0.3626646812678424,0.773390428786061,0.4308511280008346,1.6538185961853722,0.7210865587127234,0.6471018773364458,1.327684766584019,0.7865629477191399,0.9988066825775657,starloc,0,3.35188,1.9617215999999984,838,90.24849485934148,16.972065729630398,15.212245488928795,35.39418045722337,19.790039715340306,1.4071727659544198,0.687712659887305,0.6952878046890083,1.0989203685498627,0.7345425435439258,837,loop-2d_s2,covariance,3.2,SUCCESS,86.80000000000008,2.3212771641105245,3609.065907
True,179.99120618344,148.1193418040479,146.86679440625934,178.4212153114246,149.29568315186765,1.727416628781144,0.2040721213150666,0.16148335362905542,0.47640918478453104,0.2729058972123097,2.1320402162118124,0.3080072158216362,0.22866329260170276,0.6784461616009412,0.396830323217431,1.0,starloc,0,3.57174,1.9087531999999992,1020,37.19532705704837,14.212129981924162,13.314372987060938,25.64933755637727,15.550477130395802,2.0666794541022053,0.6379315199562107,0.6309971107154,1.000642048116628,0.6842843723355387,1020,loop-2d_s3,covariance,3.2,SUCCESS,105.1000000000001,1.7371862594163585,4521.960666
True,179.95825898061156,156.17801226972662,155.72160010807093,176.30298657331542,156.53159197795458,2.4017297897258008,0.2586515655542202,0.15085162683485898,0.8077305258704911,0.4375724739684043,2.3873425326966116,0.2703891357463962,0.16870875408190017,0.8705828801525105,0.448771179005519,0.9994722955145119,starloc,0,3.22537,1.9846655999999991,1895,49.96565487209034,4.835384067453258,3.366346644725966,15.101833242459138,7.561924479996178,2.8759109758201924,0.3843761251586188,0.33734927408464366,0.9735049484859333,0.5853964307455448,1894,loop-2d_s4,covariance,3.0,SUCCESS,192.30000000000018,2.70570811567619,7950.347813
True,179.98109738231005,161.61325648208296,160.5033108399781,176.95877418933645,161.893568155189,2.2250395856178002,0.5931621823324166,0.5612013210462049,1.0634412864795757,0.6589354759032172,2.7621389245929113,0.9537502277972176,0.9110295059255141,1.7380985346576079,1.0589095720549282,1.0,starloc,0,3.74859,2.3808769999999986,633,110.39615280323349,23.970090161658693,21.542325537517193,48.69014102079068,28.20516690792829,2.312269855833947,1.1098799885153177,1.1410225779772476,1.698283173434737,1.1671902085240158,633,loop-2d_s5,covariance,3.7,SUCCESS,66.90000000000006,4.894235854114512,798.602375
True,179.99297117865078,162.49788208173646,165.62960131420832,178.7471336704004,162.97862992266502,2.1604539442729846,0.3177358517666664,0.2491708707388623,0.6728084427552657,0.4185253597844039,2.42556630941453,0.34939168069947707,0.278122044814443,0.7330497108927876,0.4618471837674069,1.0,starloc,0,3.55381,2.0154874999999994,1470,54.640207621576714,13.028220738415163,11.106250684869398,28.329284098434297,15.305252229262713,1.9256409037743656,0.5667897117136004,0.5347401902054755,1.0647002725944341,0.6316082205142277,1470,loop-3d-z_s3,covariance,3.3,SUCCESS,150.20000000000013,2.654682838016813,6615.600966
True,179.46742953901082,124.83988690288636,124.16923012533042,161.62047798414562,126.93231404279373,1.979681532710948,0.7043958556395562,0.6231684164521374,1.4617603537958384,0.7864870543464324,2.365753513887059,0.7438610141095195,0.5933727919745069,1.775514912859475,0.884593195711388,0.998812351543943,starloc,0,7.21327,2.0263235999999996,842,135.129576178152,34.27116443439339,29.972635001024813,83.49391478762408,40.88622023457129,2.4351273204201562,0.8617107614972633,0.8159715857864686,1.7078687607988123,0.963706924609698,841,loop-3d_s1,covariance,3.5,SUCCESS,87.50000000000007,6.4101448586205905,3645.333082
True,179.82058314834507,137.83373797978896,137.86957547675362,173.48466603537202,139.56950127169927,1.1521081985273038,0.4499182626577945,0.40810238168655805,0.8903424378260494,0.4990345461997375,1.8805196578831767,0.7697298801792288,0.686130332784154,1.4847174444480413,0.863365095686546,1.0,starloc,0,13.1045,2.009889799999999,783,121.7233230312722,24.552622990751924,19.88372689453929,63.19870724181928,30.250315846257106,1.907437860698782,0.7772518024843392,0.7069476906199232,1.4324240635816965,0.8528859735720821,783,loop-3d_s2,covariance,2.1,SUCCESS,80.30000000000007,4.1242751153476656,3468.74976
True,179.9742199339669,126.25515218182508,123.38103174062988,176.6632853805753,129.66641794468882,1.6351593779788591,0.4431666308886936,0.4083687497979905,0.8958148776927767,0.5129318269895459,1.6758711098522945,0.5212187440186243,0.4755590876629787,1.101785336882939,0.6004716186165481,0.9989775051124744,starloc,0,3.23158,2.0118812000000084,978,94.94330165004925,30.367068468736917,28.897946156388016,54.46483697375148,33.59455857351658,1.9056527316675425,0.6696863175031097,0.6263810486518906,1.3433544537119637,0.7556104946107465,977,loop-3d_s3,covariance,1.3,SUCCESS,98.90000000000008,6.520848815583751,4486.832509
True,179.86418167562334,160.8990997240958,162.24811914187234,176.29006128931266,161.28711249174623,2.2532005636512586,0.7280895207543125,0.677925994544659,1.3090369797885735,0.7924323332153431,2.471246995335879,0.7539437824231898,0.7013215055164406,1.3920343791420902,0.8365831461421323,1.0,starloc,0,2.60339,2.235628500000001,315,67.55980868755638,26.13487089659459,24.036118830966103,57.21636477158834,29.890855494909434,3.14658331748206,1.380570831178864,1.2773437654671531,2.365417779198264,1.4914428071547092,315,loop-3d_s5,covariance,3.6,SUCCESS,35.00000000000003,4.436974465887313,401.130522
True,179.9329214105254,151.14211688676602,154.23692440021273,177.38251753554715,152.10981931078118,2.0226939962203048,0.7069606658084673,0.6486877061339558,1.5824650112793162,0.8106902493990292,2.130847234320941,0.8436229222237419,0.8114324504610722,1.624077590057238,0.9408883087226233,1.0,starloc,0,3.26877,2.034204699999997,759,142.6712311019352,31.1386405802967,21.933797980960506,86.78632686878248,41.3158593185192,2.492311083027638,1.0338110377656613,0.9785108843509259,1.7070164864006867,1.0997307052849512,759,zigzag_s2,covariance,2.2,SUCCESS,78.00000000000007,7.659150161284214,3576.704595
True,179.9658666407753,118.19349799998609,114.35633633985147,172.65845385545853,122.15941286468191,1.6327263496785678,0.37354610047275993,0.31383128404870425,0.9602497067028204,0.45723631098664935,1.9089046735581219,0.5285196007339287,0.4441496026468487,1.2669172716681332,0.6192640903444634,0.9994952044422009,starloc,0,3.29448,1.984056,1981,176.17105932294672,23.645477086208228,21.232650985271274,44.76578698077804,29.294345668059343,2.0165852254693917,0.669109170872734,0.6541781188746174,1.168148010533345,0.7266204053844432,1980,zigzag_s3,covariance,3.6,SUCCESS,201.50000000000017,4.408678581131086,8955.099158
True,179.99566562651395,154.1938175460024,153.95860648876868,178.50615773500357,155.14613006684797,2.400488492012398,0.3575895705840042,0.23014905830606927,1.455171573280724,0.5418737397337193,2.3603817858064082,0.36814087503952875,0.24011925963110226,1.4877156273212344,0.5472943106547021,0.999537251272559,starloc,0,10.4895,2.0794829000000026,2161,73.1065202460125,8.118470876176088,5.273169766263191,23.402202858914507,11.441194868485,2.555513129712353,0.3341656384639503,0.2822953310506856,0.7278337473473262,0.4457313995560274,2160,zigzag_s4,covariance,2.0,SUCCESS,217.9000000000002,3.6134279578073785,9362.203984
