attempt	terminal_state	detector_pass	hypotheses	generated_actions	kernel_evaluated_actions	coverage_status	risk_all_validated	risk_ledger_closes	base_svd	core_compute_ms	analysis_completion_ms	arrival_to_packet_ready_ms	deadline_miss	complete_work	rss_kib
1	EXECUTED	1	24	1	1	COMPLETE	0	0	1	9.9169289999999997	9.9261970000000002	9.9852900000000009	0	1	103816
2	EXECUTED	1	48	1	1	COMPLETE	0	0	1	26.154523999999999	26.166547999999999	26.243715000000002	0	1	103816
3	EXECUTED	1	72	1	1	COMPLETE	0	0	1	56.897756999999999	56.909592000000004	57.001359000000001	0	1	103816
4	EXECUTED	1	96	1	1	COMPLETE	0	0	1	106.486042	106.498681	106.57696	0	1	103816
5	EXECUTED	1	120	1	1	COMPLETE	0	0	1	178.89613499999999	178.919366	179.15314100000001	0	1	105156
6	EXECUTED	1	144	1	1	COMPLETE	0	0	1	286.468006	286.50767000000002	286.59119800000002	0	1	107028
7	EXECUTED	1	168	1	1	COMPLETE	0	0	1	415.57742000000002	415.59147100000001	415.71112399999998	0	1	109620
8	EXECUTED	1	192	1	1	COMPLETE	0	0	1	597.98898299999996	598.01250400000004	598.15527699999996	0	1	112068
9	EXECUTED	1	216	1	1	COMPLETE	0	0	1	815.52177900000004	815.54782599999999	815.65314699999999	0	1	115380
10	EXECUTED	1	240	1	1	COMPLETE	0	0	1	1073.819575	1073.832719	1073.956357	0	1	118980
11	EXECUTED	1	264	1	1	COMPLETE	0	0	1	1182.093668	1182.107996	1182.248337	0	1	122580
12	EXECUTED	1	288	1	1	COMPLETE	0	0	1	298.74435199999999	298.758554	298.87224800000001	0	1	124740
13	EXECUTED	1	312	1	1	COMPLETE	0	0	1	319.04698300000001	319.06280400000003	319.19663200000002	0	1	125460
14	EXECUTED	1	336	1	1	COMPLETE	0	0	1	351.112371	351.15278699999999	351.52446500000002	0	1	125892
15	EXECUTED	1	360	1	1	COMPLETE	0	0	1	396.26166899999998	396.276678	396.42049600000001	0	1	126756
16	EXECUTED	1	384	1	1	COMPLETE	0	0	1	438.62117799999999	438.64008799999999	438.857776	0	1	127764
17	EXECUTED	1	408	1	1	COMPLETE	0	0	1	433.542663	433.55563799999999	433.66938099999999	0	1	128484
18	EXECUTED	1	432	1	1	COMPLETE	0	0	1	463.28580799999997	463.30069300000002	463.43902100000003	0	1	129636
19	EXECUTED	1	456	1	1	COMPLETE	0	0	1	495.92472199999997	495.94084299999997	496.17794800000001	0	1	130788
20	EXECUTED	1	480	1	1	COMPLETE	0	0	1	536.14237800000001	536.15862200000004	536.30403799999999	0	1	131940
21	EXECUTED	1	504	1	1	COMPLETE	0	0	1	563.76908200000003	563.78968999999995	563.90645099999995	0	1	133280
22	EXECUTED	1	504	1	1	COMPLETE	0	0	1	571.47465199999999	571.51932499999998	571.70658900000001	0	1	134568
23	EXECUTED	0	504	7	7	COMPLETE	0	0	1	1510.780266	1510.8084670000001	1515.272909	0	1	188608
24	EXECUTED	1	504	1	1	COMPLETE	0	0	1	562.43760099999997	563.03679799999998	563.32457299999999	0	1	188608
