timestamp_ns,transaction_id,window_id,base_graph_version,linearization_version,selected_action_id,fde_status,backend_updates,stale_state,reinitialization_required
50000000,1,1,1,1,0,"RISK_BUDGET_INVALID",1,0,0
100000000,2,2,2,2,0,"RISK_BUDGET_INVALID",1,0,0
150000000,3,3,3,3,0,"RISK_BUDGET_INVALID",1,0,0
200000000,4,4,4,4,0,"RISK_BUDGET_INVALID",1,0,0
250000000,5,5,5,5,0,"RISK_BUDGET_INVALID",1,0,0
300000000,6,6,6,6,0,"RISK_BUDGET_INVALID",1,0,0
350000000,7,7,7,7,0,"RISK_BUDGET_INVALID",1,0,0
400000000,8,8,8,8,0,"RISK_BUDGET_INVALID",1,0,0
450000000,9,9,9,9,0,"RISK_BUDGET_INVALID",1,0,0
500000000,10,10,10,10,0,"RISK_BUDGET_INVALID",1,0,0
550000000,11,11,11,11,0,"RISK_BUDGET_INVALID",1,0,0
600000000,12,12,12,12,0,"NO_VALID_CANDIDATE",1,0,0
650000000,13,13,13,13,0,"NO_VALID_CANDIDATE",1,0,0
700000000,14,14,14,14,0,"NO_VALID_CANDIDATE",1,0,0
750000000,15,15,15,15,0,"NO_VALID_CANDIDATE",1,0,0
800000000,16,16,16,16,0,"NO_VALID_CANDIDATE",1,0,0
850000000,17,17,17,17,0,"NO_VALID_CANDIDATE",1,0,0
900000000,18,18,18,18,0,"NO_VALID_CANDIDATE",1,0,0
950000000,19,19,19,19,0,"NO_VALID_CANDIDATE",1,0,0
1000000000,20,20,20,20,0,"NO_VALID_CANDIDATE",1,0,0
1050000000,21,21,21,21,0,"NO_VALID_CANDIDATE",1,0,0
1100000000,22,22,22,22,0,"NO_VALID_CANDIDATE",1,0,0
1150000000,23,23,23,23,0,"NO_VALID_CANDIDATE",1,0,0
1200000000,24,24,24,24,0,"NO_VALID_CANDIDATE",1,0,0
1250000000,25,25,25,25,0,"NO_VALID_CANDIDATE",1,0,0
1300000000,26,26,26,26,0,"NO_VALID_CANDIDATE",1,0,0
1350000000,27,27,27,27,0,"NO_VALID_CANDIDATE",1,0,0
1400000000,28,28,28,28,0,"NO_VALID_CANDIDATE",1,0,0
1450000000,29,29,29,29,0,"NO_VALID_CANDIDATE",1,0,0
1500000000,30,30,30,30,0,"NO_VALID_CANDIDATE",1,0,0
1550000000,31,31,31,31,0,"NO_VALID_CANDIDATE",1,0,0
1600000000,32,32,32,32,0,"NO_VALID_CANDIDATE",1,0,0
1650000000,33,33,33,33,0,"NO_VALID_CANDIDATE",1,0,0
1700000000,34,34,34,34,0,"NO_VALID_CANDIDATE",1,0,0
1750000000,35,35,35,35,0,"NO_VALID_CANDIDATE",1,0,0
1800000000,36,36,36,36,0,"NO_VALID_CANDIDATE",1,0,0
1850000000,37,37,37,37,0,"NO_VALID_CANDIDATE",1,0,0
1900000000,38,38,38,38,0,"NO_VALID_CANDIDATE",1,0,0
1950000000,39,39,39,39,0,"NO_VALID_CANDIDATE",1,0,0
2000000000,40,40,40,40,0,"NO_VALID_CANDIDATE",1,0,0
2050000000,41,41,41,41,0,"NO_VALID_CANDIDATE",1,0,0
2100000000,42,42,42,42,0,"NO_VALID_CANDIDATE",1,0,0
2150000000,43,43,43,43,0,"NO_VALID_CANDIDATE",1,0,0
2200000000,44,44,44,44,0,"NO_VALID_CANDIDATE",1,0,0
2250000000,45,45,45,45,0,"NO_VALID_CANDIDATE",1,0,0
