timestamp_ns,window_id,action_id,action_type,physical_source_ids,removed_group_ids,added_group_ids,bridge_mode,cardinality,valid,post_detector_passed,covers_plausible_set,statistic,threshold,rank,dof,condition_number,information_logdet,risk_allocation,hpl_m,vpl_m,selected,evaluation_wall_ms,removal_data_source,model_error_record,model_error_validated,reason
50000000,1,1,"ACTION_SEARCH_OCCURRENCE_V1","ACTION_OCCURRENCE_V1|action=1|duplicate_index=0|operation=ACTION_SEMANTICS_V1|42:414354494f4e5f4f5045524154494f4e5f56317c303b303b303b303b303b303b303b303a3b303a3b303b;1;8:4b4545505f414c4c;0;0;0;0;","","","",0,1,1,1,0.0221972,42.7009,30,8,46000.6,242.81,4e-05,4.84197,4.61534,0,5.139,"GENERATED_ACTION_SNAPSHOT_V1|1;137:414354494f4e5f53454d414e544943535f56317c34323a3431343335343439346634653566346635303435353234313534343934663465356635363331376333303362333033623330336233303362333033623330336233303362333033613362333033613362333033623b313b383a346234353435353035663431346334633b303b303b303b303b;42:414354494f4e5f4f5045524154494f4e5f56317c303b303b303b303b303b303b303b303a3b303a3b303b;","PLANNED_EVALUATION;operation_identity=ACTION_OPERATION_V1|0;0;0;0;0;0;0;0:;0:;0;;semantic_identity=ACTION_SEMANTICS_V1|42:414354494f4e5f4f5045524154494f4e5f56317c303b303b303b303b303b303b303b303a3b303a3b303b;1;8:4b4545505f414c4c;0;0;0;0;",1,"terminal=PL_COMPLETE;ACTION_OPERATION_IDENTITY=ACTION_OPERATION_V1|0;0;0;0;0;0;0;0:;0:;0;"
100000000,2,1,"ACTION_SEARCH_OCCURRENCE_V1","ACTION_OCCURRENCE_V1|action=1|duplicate_index=0|operation=ACTION_SEMANTICS_V1|42:414354494f4e5f4f5045524154494f4e5f56317c303b303b303b303b303b303b303b303a3b303a3b303b;1;8:4b4545505f414c4c;0;0;0;0;","","","",0,1,1,1,0.0510082,58.3244,45,16,69826.4,412.901,4e-05,5.21316,4.80533,0,193.129,"GENERATED_ACTION_SNAPSHOT_V1|1;137:414354494f4e5f53454d414e544943535f56317c34323a3431343335343439346634653566346635303435353234313534343934663465356635363331376333303362333033623330336233303362333033623330336233303362333033613362333033613362333033623b313b383a346234353435353035663431346334633b303b303b303b303b;42:414354494f4e5f4f5045524154494f4e5f56317c303b303b303b303b303b303b303b303a3b303a3b303b;","PLANNED_EVALUATION;operation_identity=ACTION_OPERATION_V1|0;0;0;0;0;0;0;0:;0:;0;;semantic_identity=ACTION_SEMANTICS_V1|42:414354494f4e5f4f5045524154494f4e5f56317c303b303b303b303b303b303b303b303a3b303a3b303b;1;8:4b4545505f414c4c;0;0;0;0;",1,"terminal=PL_COMPLETE;ACTION_OPERATION_IDENTITY=ACTION_OPERATION_V1|0;0;0;0;0;0;0;0:;0:;0;"
150000000,3,1,"ACTION_SEARCH_OCCURRENCE_V1","ACTION_OCCURRENCE_V1|action=1|duplicate_index=0|operation=ACTION_SEMANTICS_V1|42:414354494f4e5f4f5045524154494f4e5f56317c303b303b303b303b303b303b303b303a3b303a3b303b;1;8:4b4545505f414c4c;0;0;0;0;","","","",0,1,1,1,0.0627349,72.2289,60,24,85469.6,582.804,4e-05,5.49499,3.93652,0,44.9784,"GENERATED_ACTION_SNAPSHOT_V1|1;137:414354494f4e5f53454d414e544943535f56317c34323a3431343335343439346634653566346635303435353234313534343934663465356635363331376333303362333033623330336233303362333033623330336233303362333033613362333033613362333033623b313b383a346234353435353035663431346334633b303b303b303b303b;42:414354494f4e5f4f5045524154494f4e5f56317c303b303b303b303b303b303b303b303a3b303a3b303b;","PLANNED_EVALUATION;operation_identity=ACTION_OPERATION_V1|0;0;0;0;0;0;0;0:;0:;0;;semantic_identity=ACTION_SEMANTICS_V1|42:414354494f4e5f4f5045524154494f4e5f56317c303b303b303b303b303b303b303b303a3b303a3b303b;1;8:4b4545505f414c4c;0;0;0;0;",1,"terminal=PL_COMPLETE;ACTION_OPERATION_IDENTITY=ACTION_OPERATION_V1|0;0;0;0;0;0;0;0:;0:;0;"
200000000,4,1,"ACTION_SEARCH_OCCURRENCE_V1","ACTION_OCCURRENCE_V1|action=1|duplicate_index=0|operation=ACTION_SEMANTICS_V1|42:414354494f4e5f4f5045524154494f4e5f56317c303b303b303b303b303b303b303b303a3b303a3b303b;1;8:4b4545505f414c4c;0;0;0;0;","","","",0,1,1,1,0.0797589,85.2316,75,32,96499.9,752.813,4e-05,5.77329,2.76853,0,93.5036,"GENERATED_ACTION_SNAPSHOT_V1|1;137:414354494f4e5f53454d414e544943535f56317c34323a3431343335343439346634653566346635303435353234313534343934663465356635363331376333303362333033623330336233303362333033623330336233303362333033613362333033613362333033623b313b383a346234353435353035663431346334633b303b303b303b303b;42:414354494f4e5f4f5045524154494f4e5f56317c303b303b303b303b303b303b303b303a3b303a3b303b;","PLANNED_EVALUATION;operation_identity=ACTION_OPERATION_V1|0;0;0;0;0;0;0;0:;0:;0;;semantic_identity=ACTION_SEMANTICS_V1|42:414354494f4e5f4f5045524154494f4e5f56317c303b303b303b303b303b303b303b303a3b303a3b303b;1;8:4b4545505f414c4c;0;0;0;0;",1,"terminal=PL_COMPLETE;ACTION_OPERATION_IDENTITY=ACTION_OPERATION_V1|0;0;0;0;0;0;0;0:;0:;0;"
250000000,5,1,"ACTION_SEARCH_OCCURRENCE_V1","ACTION_OCCURRENCE_V1|action=1|duplicate_index=0|operation=ACTION_SEMANTICS_V1|42:414354494f4e5f4f5045524154494f4e5f56317c303b303b303b303b303b303b303b303a3b303a3b303b;1;8:4b4545505f414c4c;0;0;0;0;","","","",0,1,1,1,0.0937182,97.653,90,40,108700,922.894,4e-05,6.03411,2.06151,0,150.413,"GENERATED_ACTION_SNAPSHOT_V1|1;137:414354494f4e5f53454d414e544943535f56317c34323a3431343335343439346634653566346635303435353234313534343934663465356635363331376333303362333033623330336233303362333033623330336233303362333033613362333033613362333033623b313b383a346234353435353035663431346334633b303b303b303b303b;42:414354494f4e5f4f5045524154494f4e5f56317c303b303b303b303b303b303b303b303a3b303a3b303b;","PLANNED_EVALUATION;operation_identity=ACTION_OPERATION_V1|0;0;0;0;0;0;0;0:;0:;0;;semantic_identity=ACTION_SEMANTICS_V1|42:414354494f4e5f4f5045524154494f4e5f56317c303b303b303b303b303b303b303b303a3b303a3b303b;1;8:4b4545505f414c4c;0;0;0;0;",1,"terminal=PL_COMPLETE;ACTION_OPERATION_IDENTITY=ACTION_OPERATION_V1|0;0;0;0;0;0;0;0:;0:;0;"
300000000,6,1,"ACTION_SEARCH_OCCURRENCE_V1","ACTION_OCCURRENCE_V1|action=1|duplicate_index=0|operation=ACTION_SEMANTICS_V1|42:414354494f4e5f4f5045524154494f4e5f56317c303b303b303b303b303b303b303b303a3b303a3b303b;1;8:4b4545505f414c4c;0;0;0;0;","","","",0,1,1,1,0.101087,109.659,105,48,120942,1093.01,4e-05,6.2633,2.00288,0,241.71,"GENERATED_ACTION_SNAPSHOT_V1|1;137:414354494f4e5f53454d414e544943535f56317c34323a3431343335343439346634653566346635303435353234313534343934663465356635363331376333303362333033623330336233303362333033623330336233303362333033613362333033613362333033623b313b383a346234353435353035663431346334633b303b303b303b303b;42:414354494f4e5f4f5045524154494f4e5f56317c303b303b303b303b303b303b303b303a3b303a3b303b;","PLANNED_EVALUATION;operation_identity=ACTION_OPERATION_V1|0;0;0;0;0;0;0;0:;0:;0;;semantic_identity=ACTION_SEMANTICS_V1|42:414354494f4e5f4f5045524154494f4e5f56317c303b303b303b303b303b303b303b303a3b303a3b303b;1;8:4b4545505f414c4c;0;0;0;0;",1,"terminal=PL_COMPLETE;ACTION_OPERATION_IDENTITY=ACTION_OPERATION_V1|0;0;0;0;0;0;0;0:;0:;0;"
350000000,7,1,"ACTION_SEARCH_OCCURRENCE_V1","ACTION_OCCURRENCE_V1|action=1|duplicate_index=0|operation=ACTION_SEMANTICS_V1|42:414354494f4e5f4f5045524154494f4e5f56317c303b303b303b303b303b303b303b303a3b303a3b303b;1;8:4b4545505f414c4c;0;0;0;0;","","","",0,1,1,1,0.106861,121.349,120,56,131557,1263.18,4e-05,6.44709,2.04415,0,345.612,"GENERATED_ACTION_SNAPSHOT_V1|1;137:414354494f4e5f53454d414e544943535f56317c34323a3431343335343439346634653566346635303435353234313534343934663465356635363331376333303362333033623330336233303362333033623330336233303362333033613362333033613362333033623b313b383a346234353435353035663431346334633b303b303b303b303b;42:414354494f4e5f4f5045524154494f4e5f56317c303b303b303b303b303b303b303b303a3b303a3b303b;","PLANNED_EVALUATION;operation_identity=ACTION_OPERATION_V1|0;0;0;0;0;0;0;0:;0:;0;;semantic_identity=ACTION_SEMANTICS_V1|42:414354494f4e5f4f5045524154494f4e5f56317c303b303b303b303b303b303b303b303a3b303a3b303b;1;8:4b4545505f414c4c;0;0;0;0;",1,"terminal=PL_COMPLETE;ACTION_OPERATION_IDENTITY=ACTION_OPERATION_V1|0;0;0;0;0;0;0;0:;0:;0;"
400000000,8,1,"ACTION_SEARCH_OCCURRENCE_V1","ACTION_OCCURRENCE_V1|action=1|duplicate_index=0|operation=ACTION_SEMANTICS_V1|42:414354494f4e5f4f5045524154494f4e5f56317c303b303b303b303b303b303b303b303a3b303a3b303b;1;8:4b4545505f414c4c;0;0;0;0;","","","",0,1,1,1,0.118267,132.787,135,64,140872,1433.37,4e-05,6.61966,2.07903,0,504.672,"GENERATED_ACTION_SNAPSHOT_V1|1;137:414354494f4e5f53454d414e544943535f56317c34323a3431343335343439346634653566346635303435353234313534343934663465356635363331376333303362333033623330336233303362333033623330336233303362333033613362333033613362333033623b313b383a346234353435353035663431346334633b303b303b303b303b;42:414354494f4e5f4f5045524154494f4e5f56317c303b303b303b303b303b303b303b303a3b303a3b303b;","PLANNED_EVALUATION;operation_identity=ACTION_OPERATION_V1|0;0;0;0;0;0;0;0:;0:;0;;semantic_identity=ACTION_SEMANTICS_V1|42:414354494f4e5f4f5045524154494f4e5f56317c303b303b303b303b303b303b303b303a3b303a3b303b;1;8:4b4545505f414c4c;0;0;0;0;",1,"terminal=PL_COMPLETE;ACTION_OPERATION_IDENTITY=ACTION_OPERATION_V1|0;0;0;0;0;0;0;0:;0:;0;"
450000000,9,1,"ACTION_SEARCH_OCCURRENCE_V1","ACTION_OCCURRENCE_V1|action=1|duplicate_index=0|operation=ACTION_SEMANTICS_V1|42:414354494f4e5f4f5045524154494f4e5f56317c303b303b303b303b303b303b303b303a3b303a3b303b;1;8:4b4545505f414c4c;0;0;0;0;","","","",0,1,1,1,0.137909,144.02,150,72,148630,1603.61,4e-05,6.78664,2.11191,0,668.246,"GENERATED_ACTION_SNAPSHOT_V1|1;137:414354494f4e5f53454d414e544943535f56317c34323a3431343335343439346634653566346635303435353234313534343934663465356635363331376333303362333033623330336233303362333033623330336233303362333033613362333033613362333033623b313b383a346234353435353035663431346334633b303b303b303b303b;42:414354494f4e5f4f5045524154494f4e5f56317c303b303b303b303b303b303b303b303a3b303a3b303b;","PLANNED_EVALUATION;operation_identity=ACTION_OPERATION_V1|0;0;0;0;0;0;0;0:;0:;0;;semantic_identity=ACTION_SEMANTICS_V1|42:414354494f4e5f4f5045524154494f4e5f56317c303b303b303b303b303b303b303b303a3b303a3b303b;1;8:4b4545505f414c4c;0;0;0;0;",1,"terminal=PL_COMPLETE;ACTION_OPERATION_IDENTITY=ACTION_OPERATION_V1|0;0;0;0;0;0;0;0:;0:;0;"
500000000,10,1,"ACTION_SEARCH_OCCURRENCE_V1","ACTION_OCCURRENCE_V1|action=1|duplicate_index=0|operation=ACTION_SEMANTICS_V1|42:414354494f4e5f4f5045524154494f4e5f56317c303b303b303b303b303b303b303b303a3b303a3b303b;1;8:4b4545505f414c4c;0;0;0;0;","","","",0,1,1,1,0.149101,155.081,165,80,156213,1773.84,4e-05,6.95777,2.13734,0,870.264,"GENERATED_ACTION_SNAPSHOT_V1|1;137:414354494f4e5f53454d414e544943535f56317c34323a3431343335343439346634653566346635303435353234313534343934663465356635363331376333303362333033623330336233303362333033623330336233303362333033613362333033613362333033623b313b383a346234353435353035663431346334633b303b303b303b303b;42:414354494f4e5f4f5045524154494f4e5f56317c303b303b303b303b303b303b303b303a3b303a3b303b;","PLANNED_EVALUATION;operation_identity=ACTION_OPERATION_V1|0;0;0;0;0;0;0;0:;0:;0;;semantic_identity=ACTION_SEMANTICS_V1|42:414354494f4e5f4f5045524154494f4e5f56317c303b303b303b303b303b303b303b303a3b303a3b303b;1;8:4b4545505f414c4c;0;0;0;0;",1,"terminal=PL_COMPLETE;ACTION_OPERATION_IDENTITY=ACTION_OPERATION_V1|0;0;0;0;0;0;0;0:;0:;0;"
550000000,11,1,"ACTION_SEARCH_OCCURRENCE_V1","ACTION_OCCURRENCE_V1|action=1|duplicate_index=0|operation=ACTION_SEMANTICS_V1|42:414354494f4e5f4f5045524154494f4e5f56317c303b303b303b303b303b303b303b303a3b303a3b303b;1;8:4b4545505f414c4c;0;0;0;0;","","","",0,1,1,1,0.154864,165.993,165,88,163482,1771.09,4e-05,2.3572,2.16325,0,987.23,"GENERATED_ACTION_SNAPSHOT_V1|1;137:414354494f4e5f53454d414e544943535f56317c34323a3431343335343439346634653566346635303435353234313534343934663465356635363331376333303362333033623330336233303362333033623330336233303362333033613362333033613362333033623b313b383a346234353435353035663431346334633b303b303b303b303b;42:414354494f4e5f4f5045524154494f4e5f56317c303b303b303b303b303b303b303b303a3b303a3b303b;","PLANNED_EVALUATION;operation_identity=ACTION_OPERATION_V1|0;0;0;0;0;0;0;0:;0:;0;;semantic_identity=ACTION_SEMANTICS_V1|42:414354494f4e5f4f5045524154494f4e5f56317c303b303b303b303b303b303b303b303a3b303a3b303b;1;8:4b4545505f414c4c;0;0;0;0;",1,"terminal=PL_COMPLETE;ACTION_OPERATION_IDENTITY=ACTION_OPERATION_V1|0;0;0;0;0;0;0;0:;0:;0;"
600000000,12,1,"ACTION_SEARCH_OCCURRENCE_V1","ACTION_OCCURRENCE_V1|action=1|duplicate_index=0|operation=ACTION_SEMANTICS_V1|42:414354494f4e5f4f5045524154494f4e5f56317c303b303b303b303b303b303b303b303a3b303a3b303b;1;8:4b4545505f414c4c;0;0;0;0;","","","",0,0,1,1,0.173584,176.778,165,96,171341,1771.14,4e-05,inf,inf,0,157.981,"GENERATED_ACTION_SNAPSHOT_V1|1;137:414354494f4e5f53454d414e544943535f56317c34323a3431343335343439346634653566346635303435353234313534343934663465356635363331376333303362333033623330336233303362333033623330336233303362333033613362333033613362333033623b313b383a346234353435353035663431346334633b303b303b303b303b;42:414354494f4e5f4f5045524154494f4e5f56317c303b303b303b303b303b303b303b303a3b303a3b303b;","PLANNED_EVALUATION;operation_identity=ACTION_OPERATION_V1|0;0;0;0;0;0;0;0:;0:;0;;semantic_identity=ACTION_SEMANTICS_V1|42:414354494f4e5f4f5045524154494f4e5f56317c303b303b303b303b303b303b303b303a3b303a3b303b;1;8:4b4545505f414c4c;0;0;0;0;",1,"remaining post-FDE hypothesis 3 has no valid section 5.9 bound: dual-channel PL bound: channel history_eliminated_detector_only has no symmetric PSD certificate: rank transition interval is numerically indeterminate;ACTION_OPERATION_IDENTITY=ACTION_OPERATION_V1|0;0;0;0;0;0;0;0:;0:;0;"
650000000,13,1,"ACTION_SEARCH_OCCURRENCE_V1","ACTION_OCCURRENCE_V1|action=1|duplicate_index=0|operation=ACTION_SEMANTICS_V1|42:414354494f4e5f4f5045524154494f4e5f56317c303b303b303b303b303b303b303b303a3b303a3b303b;1;8:4b4545505f414c4c;0;0;0;0;","","","",0,0,1,1,0.197684,187.45,165,104,179801,1771.48,4e-05,inf,inf,0,181.945,"GENERATED_ACTION_SNAPSHOT_V1|1;137:414354494f4e5f53454d414e544943535f56317c34323a3431343335343439346634653566346635303435353234313534343934663465356635363331376333303362333033623330336233303362333033623330336233303362333033613362333033613362333033623b313b383a346234353435353035663431346334633b303b303b303b303b;42:414354494f4e5f4f5045524154494f4e5f56317c303b303b303b303b303b303b303b303a3b303a3b303b;","PLANNED_EVALUATION;operation_identity=ACTION_OPERATION_V1|0;0;0;0;0;0;0;0:;0:;0;;semantic_identity=ACTION_SEMANTICS_V1|42:414354494f4e5f4f5045524154494f4e5f56317c303b303b303b303b303b303b303b303a3b303a3b303b;1;8:4b4545505f414c4c;0;0;0;0;",1,"remaining post-FDE hypothesis 6 has no valid section 5.9 bound: dual-channel PL bound: channel history_eliminated_detector_only has no symmetric PSD certificate: rank transition interval is numerically indeterminate;ACTION_OPERATION_IDENTITY=ACTION_OPERATION_V1|0;0;0;0;0;0;0;0:;0:;0;"
700000000,14,1,"ACTION_SEARCH_OCCURRENCE_V1","ACTION_OCCURRENCE_V1|action=1|duplicate_index=0|operation=ACTION_SEMANTICS_V1|42:414354494f4e5f4f5045524154494f4e5f56317c303b303b303b303b303b303b303b303a3b303a3b303b;1;8:4b4545505f414c4c;0;0;0;0;","","","",0,0,1,1,0.222738,198.022,165,112,188307,1771.8,4e-05,inf,inf,0,208.487,"GENERATED_ACTION_SNAPSHOT_V1|1;137:414354494f4e5f53454d414e544943535f56317c34323a3431343335343439346634653566346635303435353234313534343934663465356635363331376333303362333033623330336233303362333033623330336233303362333033613362333033613362333033623b313b383a346234353435353035663431346334633b303b303b303b303b;42:414354494f4e5f4f5045524154494f4e5f56317c303b303b303b303b303b303b303b303a3b303a3b303b;","PLANNED_EVALUATION;operation_identity=ACTION_OPERATION_V1|0;0;0;0;0;0;0;0:;0:;0;;semantic_identity=ACTION_SEMANTICS_V1|42:414354494f4e5f4f5045524154494f4e5f56317c303b303b303b303b303b303b303b303a3b303a3b303b;1;8:4b4545505f414c4c;0;0;0;0;",1,"remaining post-FDE hypothesis 9 has no valid section 5.9 bound: dual-channel PL bound: channel history_eliminated_detector_only has no symmetric PSD certificate: rank transition interval is numerically indeterminate;ACTION_OPERATION_IDENTITY=ACTION_OPERATION_V1|0;0;0;0;0;0;0;0:;0:;0;"
750000000,15,1,"ACTION_SEARCH_OCCURRENCE_V1","ACTION_OCCURRENCE_V1|action=1|duplicate_index=0|operation=ACTION_SEMANTICS_V1|42:414354494f4e5f4f5045524154494f4e5f56317c303b303b303b303b303b303b303b303a3b303a3b303b;1;8:4b4545505f414c4c;0;0;0;0;","","","",0,0,1,1,0.25309,208.504,165,120,197626,1771.91,4e-05,inf,inf,0,234.339,"GENERATED_ACTION_SNAPSHOT_V1|1;137:414354494f4e5f53454d414e544943535f56317c34323a3431343335343439346634653566346635303435353234313534343934663465356635363331376333303362333033623330336233303362333033623330336233303362333033613362333033613362333033623b313b383a346234353435353035663431346334633b303b303b303b303b;42:414354494f4e5f4f5045524154494f4e5f56317c303b303b303b303b303b303b303b303a3b303a3b303b;","PLANNED_EVALUATION;operation_identity=ACTION_OPERATION_V1|0;0;0;0;0;0;0;0:;0:;0;;semantic_identity=ACTION_SEMANTICS_V1|42:414354494f4e5f4f5045524154494f4e5f56317c303b303b303b303b303b303b303b303a3b303a3b303b;1;8:4b4545505f414c4c;0;0;0;0;",1,"remaining post-FDE hypothesis 12 has no valid section 5.9 bound: dual-channel PL bound: channel history_eliminated_detector_only has no symmetric PSD certificate: rank transition interval is numerically indeterminate;ACTION_OPERATION_IDENTITY=ACTION_OPERATION_V1|0;0;0;0;0;0;0;0:;0:;0;"
800000000,16,1,"ACTION_SEARCH_OCCURRENCE_V1","ACTION_OCCURRENCE_V1|action=1|duplicate_index=0|operation=ACTION_SEMANTICS_V1|42:414354494f4e5f4f5045524154494f4e5f56317c303b303b303b303b303b303b303b303a3b303a3b303b;1;8:4b4545505f414c4c;0;0;0;0;","","","",0,0,1,1,0.274878,218.906,165,128,206835,1771.89,4e-05,inf,inf,0,260.076,"GENERATED_ACTION_SNAPSHOT_V1|1;137:414354494f4e5f53454d414e544943535f56317c34323a3431343335343439346634653566346635303435353234313534343934663465356635363331376333303362333033623330336233303362333033623330336233303362333033613362333033613362333033623b313b383a346234353435353035663431346334633b303b303b303b303b;42:414354494f4e5f4f5045524154494f4e5f56317c303b303b303b303b303b303b303b303a3b303a3b303b;","PLANNED_EVALUATION;operation_identity=ACTION_OPERATION_V1|0;0;0;0;0;0;0;0:;0:;0;;semantic_identity=ACTION_SEMANTICS_V1|42:414354494f4e5f4f5045524154494f4e5f56317c303b303b303b303b303b303b303b303a3b303a3b303b;1;8:4b4545505f414c4c;0;0;0;0;",1,"remaining post-FDE hypothesis 15 has no valid section 5.9 bound: dual-channel PL bound: channel history_eliminated_detector_only has no symmetric PSD certificate: rank transition interval is numerically indeterminate;ACTION_OPERATION_IDENTITY=ACTION_OPERATION_V1|0;0;0;0;0;0;0;0:;0:;0;"
850000000,17,1,"ACTION_SEARCH_OCCURRENCE_V1","ACTION_OCCURRENCE_V1|action=1|duplicate_index=0|operation=ACTION_SEMANTICS_V1|42:414354494f4e5f4f5045524154494f4e5f56317c303b303b303b303b303b303b303b303a3b303a3b303b;1;8:4b4545505f414c4c;0;0;0;0;","","","",0,0,1,1,0.296276,229.235,165,136,216120,1771.77,4e-05,inf,inf,0,286.144,"GENERATED_ACTION_SNAPSHOT_V1|1;137:414354494f4e5f53454d414e544943535f56317c34323a3431343335343439346634653566346635303435353234313534343934663465356635363331376333303362333033623330336233303362333033623330336233303362333033613362333033613362333033623b313b383a346234353435353035663431346334633b303b303b303b303b;42:414354494f4e5f4f5045524154494f4e5f56317c303b303b303b303b303b303b303b303a3b303a3b303b;","PLANNED_EVALUATION;operation_identity=ACTION_OPERATION_V1|0;0;0;0;0;0;0;0:;0:;0;;semantic_identity=ACTION_SEMANTICS_V1|42:414354494f4e5f4f5045524154494f4e5f56317c303b303b303b303b303b303b303b303a3b303a3b303b;1;8:4b4545505f414c4c;0;0;0;0;",1,"remaining post-FDE hypothesis 18 has no valid section 5.9 bound: dual-channel PL bound: channel history_eliminated_detector_only has no symmetric PSD certificate: rank transition interval is numerically indeterminate;ACTION_OPERATION_IDENTITY=ACTION_OPERATION_V1|0;0;0;0;0;0;0;0:;0:;0;"
900000000,18,1,"ACTION_SEARCH_OCCURRENCE_V1","ACTION_OCCURRENCE_V1|action=1|duplicate_index=0|operation=ACTION_SEMANTICS_V1|42:414354494f4e5f4f5045524154494f4e5f56317c303b303b303b303b303b303b303b303a3b303a3b303b;1;8:4b4545505f414c4c;0;0;0;0;","","","",0,0,1,1,0.313317,239.497,165,144,225408,1771.66,4e-05,inf,inf,0,315.941,"GENERATED_ACTION_SNAPSHOT_V1|1;137:414354494f4e5f53454d414e544943535f56317c34323a3431343335343439346634653566346635303435353234313534343934663465356635363331376333303362333033623330336233303362333033623330336233303362333033613362333033613362333033623b313b383a346234353435353035663431346334633b303b303b303b303b;42:414354494f4e5f4f5045524154494f4e5f56317c303b303b303b303b303b303b303b303a3b303a3b303b;","PLANNED_EVALUATION;operation_identity=ACTION_OPERATION_V1|0;0;0;0;0;0;0;0:;0:;0;;semantic_identity=ACTION_SEMANTICS_V1|42:414354494f4e5f4f5045524154494f4e5f56317c303b303b303b303b303b303b303b303a3b303a3b303b;1;8:4b4545505f414c4c;0;0;0;0;",1,"remaining post-FDE hypothesis 21 has no valid section 5.9 bound: dual-channel PL bound: channel history_eliminated_detector_only has no symmetric PSD certificate: rank transition interval is numerically indeterminate;ACTION_OPERATION_IDENTITY=ACTION_OPERATION_V1|0;0;0;0;0;0;0;0:;0:;0;"
950000000,19,1,"ACTION_SEARCH_OCCURRENCE_V1","ACTION_OCCURRENCE_V1|action=1|duplicate_index=0|operation=ACTION_SEMANTICS_V1|42:414354494f4e5f4f5045524154494f4e5f56317c303b303b303b303b303b303b303b303a3b303a3b303b;1;8:4b4545505f414c4c;0;0;0;0;","","","",0,0,1,1,0.337496,249.697,165,152,234354,1771.49,4e-05,inf,inf,0,349.339,"GENERATED_ACTION_SNAPSHOT_V1|1;137:414354494f4e5f53454d414e544943535f56317c34323a3431343335343439346634653566346635303435353234313534343934663465356635363331376333303362333033623330336233303362333033623330336233303362333033613362333033613362333033623b313b383a346234353435353035663431346334633b303b303b303b303b;42:414354494f4e5f4f5045524154494f4e5f56317c303b303b303b303b303b303b303b303a3b303a3b303b;","PLANNED_EVALUATION;operation_identity=ACTION_OPERATION_V1|0;0;0;0;0;0;0;0:;0:;0;;semantic_identity=ACTION_SEMANTICS_V1|42:414354494f4e5f4f5045524154494f4e5f56317c303b303b303b303b303b303b303b303a3b303a3b303b;1;8:4b4545505f414c4c;0;0;0;0;",1,"remaining post-FDE hypothesis 24 has no valid section 5.9 bound: dual-channel PL bound: channel history_eliminated_detector_only has no symmetric PSD certificate: rank transition interval is numerically indeterminate;ACTION_OPERATION_IDENTITY=ACTION_OPERATION_V1|0;0;0;0;0;0;0;0:;0:;0;"
1000000000,20,1,"ACTION_SEARCH_OCCURRENCE_V1","ACTION_OCCURRENCE_V1|action=1|duplicate_index=0|operation=ACTION_SEMANTICS_V1|42:414354494f4e5f4f5045524154494f4e5f56317c303b303b303b303b303b303b303b303a3b303a3b303b;1;8:4b4545505f414c4c;0;0;0;0;","","","",0,0,1,1,0.359245,259.841,165,160,242903,1771.32,4e-05,inf,inf,0,378.667,"GENERATED_ACTION_SNAPSHOT_V1|1;137:414354494f4e5f53454d414e544943535f56317c34323a3431343335343439346634653566346635303435353234313534343934663465356635363331376333303362333033623330336233303362333033623330336233303362333033613362333033613362333033623b313b383a346234353435353035663431346334633b303b303b303b303b;42:414354494f4e5f4f5045524154494f4e5f56317c303b303b303b303b303b303b303b303a3b303a3b303b;","PLANNED_EVALUATION;operation_identity=ACTION_OPERATION_V1|0;0;0;0;0;0;0;0:;0:;0;;semantic_identity=ACTION_SEMANTICS_V1|42:414354494f4e5f4f5045524154494f4e5f56317c303b303b303b303b303b303b303b303a3b303a3b303b;1;8:4b4545505f414c4c;0;0;0;0;",1,"remaining post-FDE hypothesis 27 has no valid section 5.9 bound: dual-channel PL bound: channel history_eliminated_detector_only has no symmetric PSD certificate: rank transition interval is numerically indeterminate;ACTION_OPERATION_IDENTITY=ACTION_OPERATION_V1|0;0;0;0;0;0;0;0:;0:;0;"
1050000000,21,1,"ACTION_SEARCH_OCCURRENCE_V1","ACTION_OCCURRENCE_V1|action=1|duplicate_index=0|operation=ACTION_SEMANTICS_V1|42:414354494f4e5f4f5045524154494f4e5f56317c303b303b303b303b303b303b303b303a3b303a3b303b;1;8:4b4545505f414c4c;0;0;0;0;","","","",0,0,1,1,0.378786,269.932,165,168,251990,1771.17,4e-05,inf,inf,0,416.984,"GENERATED_ACTION_SNAPSHOT_V1|1;137:414354494f4e5f53454d414e544943535f56317c34323a3431343335343439346634653566346635303435353234313534343934663465356635363331376333303362333033623330336233303362333033623330336233303362333033613362333033613362333033623b313b383a346234353435353035663431346334633b303b303b303b303b;42:414354494f4e5f4f5045524154494f4e5f56317c303b303b303b303b303b303b303b303a3b303a3b303b;","PLANNED_EVALUATION;operation_identity=ACTION_OPERATION_V1|0;0;0;0;0;0;0;0:;0:;0;;semantic_identity=ACTION_SEMANTICS_V1|42:414354494f4e5f4f5045524154494f4e5f56317c303b303b303b303b303b303b303b303a3b303a3b303b;1;8:4b4545505f414c4c;0;0;0;0;",1,"remaining post-FDE hypothesis 30 has no valid section 5.9 bound: dual-channel PL bound: channel history_eliminated_detector_only has no symmetric PSD certificate: rank transition interval is numerically indeterminate;ACTION_OPERATION_IDENTITY=ACTION_OPERATION_V1|0;0;0;0;0;0;0;0:;0:;0;"
1100000000,22,1,"ACTION_SEARCH_OCCURRENCE_V1","ACTION_OCCURRENCE_V1|action=1|duplicate_index=0|operation=ACTION_SEMANTICS_V1|42:414354494f4e5f4f5045524154494f4e5f56317c303b303b303b303b303b303b303b303a3b303a3b303b;1;8:4b4545505f414c4c;0;0;0;0;","","","",0,0,1,1,0.388006,271.19,165,169,259963,1771.02,4e-05,inf,inf,0,408.33,"GENERATED_ACTION_SNAPSHOT_V1|1;137:414354494f4e5f53454d414e544943535f56317c34323a3431343335343439346634653566346635303435353234313534343934663465356635363331376333303362333033623330336233303362333033623330336233303362333033613362333033613362333033623b313b383a346234353435353035663431346334633b303b303b303b303b;42:414354494f4e5f4f5045524154494f4e5f56317c303b303b303b303b303b303b303b303a3b303a3b303b;","PLANNED_EVALUATION;operation_identity=ACTION_OPERATION_V1|0;0;0;0;0;0;0;0:;0:;0;;semantic_identity=ACTION_SEMANTICS_V1|42:414354494f4e5f4f5045524154494f4e5f56317c303b303b303b303b303b303b303b303a3b303a3b303b;1;8:4b4545505f414c4c;0;0;0;0;",1,"remaining post-FDE hypothesis 30 has no valid section 5.9 bound: dual-channel PL bound: channel history_eliminated_detector_only has no symmetric PSD certificate: rank transition interval is numerically indeterminate;ACTION_OPERATION_IDENTITY=ACTION_OPERATION_V1|0;0;0;0;0;0;0;0:;0:;0;"
1150000000,23,1,"ACTION_SEARCH_OCCURRENCE_V1","ACTION_OCCURRENCE_V1|action=1|duplicate_index=0|operation=ACTION_SEMANTICS_V1|42:414354494f4e5f4f5045524154494f4e5f56317c303b303b303b303b303b303b303b303a3b303a3b303b;1;8:4b4545505f414c4c;0;0;0;0;","","","",0,0,1,1,0.402162,271.19,165,169,268318,1770.86,4e-05,inf,inf,0,405.531,"GENERATED_ACTION_SNAPSHOT_V1|1;137:414354494f4e5f53454d414e544943535f56317c34323a3431343335343439346634653566346635303435353234313534343934663465356635363331376333303362333033623330336233303362333033623330336233303362333033613362333033613362333033623b313b383a346234353435353035663431346334633b303b303b303b303b;42:414354494f4e5f4f5045524154494f4e5f56317c303b303b303b303b303b303b303b303a3b303a3b303b;","PLANNED_EVALUATION;operation_identity=ACTION_OPERATION_V1|0;0;0;0;0;0;0;0:;0:;0;;semantic_identity=ACTION_SEMANTICS_V1|42:414354494f4e5f4f5045524154494f4e5f56317c303b303b303b303b303b303b303b303a3b303a3b303b;1;8:4b4545505f414c4c;0;0;0;0;",1,"remaining post-FDE hypothesis 30 has no valid section 5.9 bound: dual-channel PL bound: channel history_eliminated_detector_only has no symmetric PSD certificate: rank transition interval is numerically indeterminate;ACTION_OPERATION_IDENTITY=ACTION_OPERATION_V1|0;0;0;0;0;0;0;0:;0:;0;"
1200000000,24,1,"ACTION_SEARCH_OCCURRENCE_V1","ACTION_OCCURRENCE_V1|action=1|duplicate_index=0|operation=ACTION_SEMANTICS_V1|42:414354494f4e5f4f5045524154494f4e5f56317c303b303b303b303b303b303b303b303a3b303a3b303b;1;8:4b4545505f414c4c;0;0;0;0;","","","",0,0,1,1,0.425775,271.19,165,169,275605,1770.78,4e-05,inf,inf,0,411.738,"GENERATED_ACTION_SNAPSHOT_V1|1;137:414354494f4e5f53454d414e544943535f56317c34323a3431343335343439346634653566346635303435353234313534343934663465356635363331376333303362333033623330336233303362333033623330336233303362333033613362333033613362333033623b313b383a346234353435353035663431346334633b303b303b303b303b;42:414354494f4e5f4f5045524154494f4e5f56317c303b303b303b303b303b303b303b303a3b303a3b303b;","PLANNED_EVALUATION;operation_identity=ACTION_OPERATION_V1|0;0;0;0;0;0;0;0:;0:;0;;semantic_identity=ACTION_SEMANTICS_V1|42:414354494f4e5f4f5045524154494f4e5f56317c303b303b303b303b303b303b303b303a3b303a3b303b;1;8:4b4545505f414c4c;0;0;0;0;",1,"remaining post-FDE hypothesis 30 has no valid section 5.9 bound: dual-channel PL bound: channel history_eliminated_detector_only has no symmetric PSD certificate: rank transition interval is numerically indeterminate;ACTION_OPERATION_IDENTITY=ACTION_OPERATION_V1|0;0;0;0;0;0;0;0:;0:;0;"
1250000000,25,1,"ACTION_SEARCH_OCCURRENCE_V1","ACTION_OCCURRENCE_V1|action=1|duplicate_index=0|operation=ACTION_SEMANTICS_V1|42:414354494f4e5f4f5045524154494f4e5f56317c303b303b303b303b303b303b303b303a3b303a3b303b;1;8:4b4545505f414c4c;0;0;0;0;","","","",0,0,1,1,0.438863,271.19,165,169,283881,1770.66,4e-05,inf,inf,0,410.909,"GENERATED_ACTION_SNAPSHOT_V1|1;137:414354494f4e5f53454d414e544943535f56317c34323a3431343335343439346634653566346635303435353234313534343934663465356635363331376333303362333033623330336233303362333033623330336233303362333033613362333033613362333033623b313b383a346234353435353035663431346334633b303b303b303b303b;42:414354494f4e5f4f5045524154494f4e5f56317c303b303b303b303b303b303b303b303a3b303a3b303b;","PLANNED_EVALUATION;operation_identity=ACTION_OPERATION_V1|0;0;0;0;0;0;0;0:;0:;0;;semantic_identity=ACTION_SEMANTICS_V1|42:414354494f4e5f4f5045524154494f4e5f56317c303b303b303b303b303b303b303b303a3b303a3b303b;1;8:4b4545505f414c4c;0;0;0;0;",1,"remaining post-FDE hypothesis 30 has no valid section 5.9 bound: dual-channel PL bound: channel history_eliminated_detector_only has no symmetric PSD certificate: rank transition interval is numerically indeterminate;ACTION_OPERATION_IDENTITY=ACTION_OPERATION_V1|0;0;0;0;0;0;0;0:;0:;0;"
1300000000,26,1,"ACTION_SEARCH_OCCURRENCE_V1","ACTION_OCCURRENCE_V1|action=1|duplicate_index=0|operation=ACTION_SEMANTICS_V1|42:414354494f4e5f4f5045524154494f4e5f56317c303b303b303b303b303b303b303b303a3b303a3b303b;1;8:4b4545505f414c4c;0;0;0;0;","","","",0,0,1,1,0.444853,271.19,165,169,291661,1770.55,4e-05,inf,inf,0,415.883,"GENERATED_ACTION_SNAPSHOT_V1|1;137:414354494f4e5f53454d414e544943535f56317c34323a3431343335343439346634653566346635303435353234313534343934663465356635363331376333303362333033623330336233303362333033623330336233303362333033613362333033613362333033623b313b383a346234353435353035663431346334633b303b303b303b303b;42:414354494f4e5f4f5045524154494f4e5f56317c303b303b303b303b303b303b303b303a3b303a3b303b;","PLANNED_EVALUATION;operation_identity=ACTION_OPERATION_V1|0;0;0;0;0;0;0;0:;0:;0;;semantic_identity=ACTION_SEMANTICS_V1|42:414354494f4e5f4f5045524154494f4e5f56317c303b303b303b303b303b303b303b303a3b303a3b303b;1;8:4b4545505f414c4c;0;0;0;0;",1,"remaining post-FDE hypothesis 30 has no valid section 5.9 bound: dual-channel PL bound: channel history_eliminated_detector_only has no symmetric PSD certificate: rank transition interval is numerically indeterminate;ACTION_OPERATION_IDENTITY=ACTION_OPERATION_V1|0;0;0;0;0;0;0;0:;0:;0;"
1350000000,27,1,"ACTION_SEARCH_OCCURRENCE_V1","ACTION_OCCURRENCE_V1|action=1|duplicate_index=0|operation=ACTION_SEMANTICS_V1|42:414354494f4e5f4f5045524154494f4e5f56317c303b303b303b303b303b303b303b303a3b303a3b303b;1;8:4b4545505f414c4c;0;0;0;0;","","","",0,0,1,1,0.452906,271.19,165,169,298980,1770.47,4e-05,inf,inf,0,414.068,"GENERATED_ACTION_SNAPSHOT_V1|1;137:414354494f4e5f53454d414e544943535f56317c34323a3431343335343439346634653566346635303435353234313534343934663465356635363331376333303362333033623330336233303362333033623330336233303362333033613362333033613362333033623b313b383a346234353435353035663431346334633b303b303b303b303b;42:414354494f4e5f4f5045524154494f4e5f56317c303b303b303b303b303b303b303b303a3b303a3b303b;","PLANNED_EVALUATION;operation_identity=ACTION_OPERATION_V1|0;0;0;0;0;0;0;0:;0:;0;;semantic_identity=ACTION_SEMANTICS_V1|42:414354494f4e5f4f5045524154494f4e5f56317c303b303b303b303b303b303b303b303a3b303a3b303b;1;8:4b4545505f414c4c;0;0;0;0;",1,"remaining post-FDE hypothesis 30 has no valid section 5.9 bound: dual-channel PL bound: channel history_eliminated_detector_only has no symmetric PSD certificate: rank transition interval is numerically indeterminate;ACTION_OPERATION_IDENTITY=ACTION_OPERATION_V1|0;0;0;0;0;0;0;0:;0:;0;"
1400000000,28,1,"ACTION_SEARCH_OCCURRENCE_V1","ACTION_OCCURRENCE_V1|action=1|duplicate_index=0|operation=ACTION_SEMANTICS_V1|42:414354494f4e5f4f5045524154494f4e5f56317c303b303b303b303b303b303b303b303a3b303a3b303b;1;8:4b4545505f414c4c;0;0;0;0;","","","",0,0,1,1,0.460764,271.19,165,169,306109,1770.39,4e-05,inf,inf,0,431.274,"GENERATED_ACTION_SNAPSHOT_V1|1;137:414354494f4e5f53454d414e544943535f56317c34323a3431343335343439346634653566346635303435353234313534343934663465356635363331376333303362333033623330336233303362333033623330336233303362333033613362333033613362333033623b313b383a346234353435353035663431346334633b303b303b303b303b;42:414354494f4e5f4f5045524154494f4e5f56317c303b303b303b303b303b303b303b303a3b303a3b303b;","PLANNED_EVALUATION;operation_identity=ACTION_OPERATION_V1|0;0;0;0;0;0;0;0:;0:;0;;semantic_identity=ACTION_SEMANTICS_V1|42:414354494f4e5f4f5045524154494f4e5f56317c303b303b303b303b303b303b303b303a3b303a3b303b;1;8:4b4545505f414c4c;0;0;0;0;",1,"remaining post-FDE hypothesis 30 has no valid section 5.9 bound: dual-channel PL bound: channel history_eliminated_detector_only has no symmetric PSD certificate: rank transition interval is numerically indeterminate;ACTION_OPERATION_IDENTITY=ACTION_OPERATION_V1|0;0;0;0;0;0;0;0:;0:;0;"
1450000000,29,1,"ACTION_SEARCH_OCCURRENCE_V1","ACTION_OCCURRENCE_V1|action=1|duplicate_index=0|operation=ACTION_SEMANTICS_V1|42:414354494f4e5f4f5045524154494f4e5f56317c303b303b303b303b303b303b303b303a3b303a3b303b;1;8:4b4545505f414c4c;0;0;0;0;","","","",0,0,1,1,0.478745,271.19,165,169,313311,1770.33,4e-05,inf,inf,0,407.589,"GENERATED_ACTION_SNAPSHOT_V1|1;137:414354494f4e5f53454d414e544943535f56317c34323a3431343335343439346634653566346635303435353234313534343934663465356635363331376333303362333033623330336233303362333033623330336233303362333033613362333033613362333033623b313b383a346234353435353035663431346334633b303b303b303b303b;42:414354494f4e5f4f5045524154494f4e5f56317c303b303b303b303b303b303b303b303a3b303a3b303b;","PLANNED_EVALUATION;operation_identity=ACTION_OPERATION_V1|0;0;0;0;0;0;0;0:;0:;0;;semantic_identity=ACTION_SEMANTICS_V1|42:414354494f4e5f4f5045524154494f4e5f56317c303b303b303b303b303b303b303b303a3b303a3b303b;1;8:4b4545505f414c4c;0;0;0;0;",1,"remaining post-FDE hypothesis 30 has no valid section 5.9 bound: dual-channel PL bound: channel history_eliminated_detector_only has no symmetric PSD certificate: rank transition interval is numerically indeterminate;ACTION_OPERATION_IDENTITY=ACTION_OPERATION_V1|0;0;0;0;0;0;0;0:;0:;0;"
1500000000,30,1,"ACTION_SEARCH_OCCURRENCE_V1","ACTION_OCCURRENCE_V1|action=1|duplicate_index=0|operation=ACTION_SEMANTICS_V1|42:414354494f4e5f4f5045524154494f4e5f56317c303b303b303b303b303b303b303b303a3b303a3b303b;1;8:4b4545505f414c4c;0;0;0;0;","","","",0,0,1,1,0.493171,271.19,165,169,320450,1770.27,4e-05,inf,inf,0,415.156,"GENERATED_ACTION_SNAPSHOT_V1|1;137:414354494f4e5f53454d414e544943535f56317c34323a3431343335343439346634653566346635303435353234313534343934663465356635363331376333303362333033623330336233303362333033623330336233303362333033613362333033613362333033623b313b383a346234353435353035663431346334633b303b303b303b303b;42:414354494f4e5f4f5045524154494f4e5f56317c303b303b303b303b303b303b303b303a3b303a3b303b;","PLANNED_EVALUATION;operation_identity=ACTION_OPERATION_V1|0;0;0;0;0;0;0;0:;0:;0;;semantic_identity=ACTION_SEMANTICS_V1|42:414354494f4e5f4f5045524154494f4e5f56317c303b303b303b303b303b303b303b303a3b303a3b303b;1;8:4b4545505f414c4c;0;0;0;0;",1,"remaining post-FDE hypothesis 30 has no valid section 5.9 bound: dual-channel PL bound: channel history_eliminated_detector_only has no symmetric PSD certificate: rank transition interval is numerically indeterminate;ACTION_OPERATION_IDENTITY=ACTION_OPERATION_V1|0;0;0;0;0;0;0;0:;0:;0;"
1550000000,31,1,"ACTION_SEARCH_OCCURRENCE_V1","ACTION_OCCURRENCE_V1|action=1|duplicate_index=0|operation=ACTION_SEMANTICS_V1|42:414354494f4e5f4f5045524154494f4e5f56317c303b303b303b303b303b303b303b303a3b303a3b303b;1;8:4b4545505f414c4c;0;0;0;0;","","","",0,0,1,1,0.498149,271.19,165,169,326970,1770.21,4e-05,inf,inf,0,406.011,"GENERATED_ACTION_SNAPSHOT_V1|1;137:414354494f4e5f53454d414e544943535f56317c34323a3431343335343439346634653566346635303435353234313534343934663465356635363331376333303362333033623330336233303362333033623330336233303362333033613362333033613362333033623b313b383a346234353435353035663431346334633b303b303b303b303b;42:414354494f4e5f4f5045524154494f4e5f56317c303b303b303b303b303b303b303b303a3b303a3b303b;","PLANNED_EVALUATION;operation_identity=ACTION_OPERATION_V1|0;0;0;0;0;0;0;0:;0:;0;;semantic_identity=ACTION_SEMANTICS_V1|42:414354494f4e5f4f5045524154494f4e5f56317c303b303b303b303b303b303b303b303a3b303a3b303b;1;8:4b4545505f414c4c;0;0;0;0;",1,"remaining post-FDE hypothesis 30 has no valid section 5.9 bound: dual-channel PL bound: channel history_eliminated_detector_only has no symmetric PSD certificate: rank transition interval is numerically indeterminate;ACTION_OPERATION_IDENTITY=ACTION_OPERATION_V1|0;0;0;0;0;0;0;0:;0:;0;"
1600000000,32,1,"ACTION_SEARCH_OCCURRENCE_V1","ACTION_OCCURRENCE_V1|action=1|duplicate_index=0|operation=ACTION_SEMANTICS_V1|42:414354494f4e5f4f5045524154494f4e5f56317c303b303b303b303b303b303b303b303a3b303a3b303b;1;8:4b4545505f414c4c;0;0;0;0;","","","",0,0,1,1,0.471868,271.19,165,169,333706,1770.13,4e-05,inf,inf,0,419.536,"GENERATED_ACTION_SNAPSHOT_V1|1;137:414354494f4e5f53454d414e544943535f56317c34323a3431343335343439346634653566346635303435353234313534343934663465356635363331376333303362333033623330336233303362333033623330336233303362333033613362333033613362333033623b313b383a346234353435353035663431346334633b303b303b303b303b;42:414354494f4e5f4f5045524154494f4e5f56317c303b303b303b303b303b303b303b303a3b303a3b303b;","PLANNED_EVALUATION;operation_identity=ACTION_OPERATION_V1|0;0;0;0;0;0;0;0:;0:;0;;semantic_identity=ACTION_SEMANTICS_V1|42:414354494f4e5f4f5045524154494f4e5f56317c303b303b303b303b303b303b303b303a3b303a3b303b;1;8:4b4545505f414c4c;0;0;0;0;",1,"remaining post-FDE hypothesis 30 has no valid section 5.9 bound: dual-channel PL bound: channel history_eliminated_detector_only has no symmetric PSD certificate: rank transition interval is numerically indeterminate;ACTION_OPERATION_IDENTITY=ACTION_OPERATION_V1|0;0;0;0;0;0;0;0:;0:;0;"
1650000000,33,1,"ACTION_SEARCH_OCCURRENCE_V1","ACTION_OCCURRENCE_V1|action=1|duplicate_index=0|operation=ACTION_SEMANTICS_V1|42:414354494f4e5f4f5045524154494f4e5f56317c303b303b303b303b303b303b303b303a3b303a3b303b;1;8:4b4545505f414c4c;0;0;0;0;","","","",0,0,1,1,0.488072,271.19,165,169,339871,1770.09,4e-05,inf,inf,0,412.866,"GENERATED_ACTION_SNAPSHOT_V1|1;137:414354494f4e5f53454d414e544943535f56317c34323a3431343335343439346634653566346635303435353234313534343934663465356635363331376333303362333033623330336233303362333033623330336233303362333033613362333033613362333033623b313b383a346234353435353035663431346334633b303b303b303b303b;42:414354494f4e5f4f5045524154494f4e5f56317c303b303b303b303b303b303b303b303a3b303a3b303b;","PLANNED_EVALUATION;operation_identity=ACTION_OPERATION_V1|0;0;0;0;0;0;0;0:;0:;0;;semantic_identity=ACTION_SEMANTICS_V1|42:414354494f4e5f4f5045524154494f4e5f56317c303b303b303b303b303b303b303b303a3b303a3b303b;1;8:4b4545505f414c4c;0;0;0;0;",1,"remaining post-FDE hypothesis 30 has no valid section 5.9 bound: dual-channel PL bound: channel history_eliminated_detector_only has no symmetric PSD certificate: rank transition interval is numerically indeterminate;ACTION_OPERATION_IDENTITY=ACTION_OPERATION_V1|0;0;0;0;0;0;0;0:;0:;0;"
1700000000,34,1,"ACTION_SEARCH_OCCURRENCE_V1","ACTION_OCCURRENCE_V1|action=1|duplicate_index=0|operation=ACTION_SEMANTICS_V1|42:414354494f4e5f4f5045524154494f4e5f56317c303b303b303b303b303b303b303b303a3b303a3b303b;1;8:4b4545505f414c4c;0;0;0;0;","","","",0,0,1,1,0.498296,271.19,165,169,346773,1770.02,4e-05,inf,inf,0,413.147,"GENERATED_ACTION_SNAPSHOT_V1|1;137:414354494f4e5f53454d414e544943535f56317c34323a3431343335343439346634653566346635303435353234313534343934663465356635363331376333303362333033623330336233303362333033623330336233303362333033613362333033613362333033623b313b383a346234353435353035663431346334633b303b303b303b303b;42:414354494f4e5f4f5045524154494f4e5f56317c303b303b303b303b303b303b303b303a3b303a3b303b;","PLANNED_EVALUATION;operation_identity=ACTION_OPERATION_V1|0;0;0;0;0;0;0;0:;0:;0;;semantic_identity=ACTION_SEMANTICS_V1|42:414354494f4e5f4f5045524154494f4e5f56317c303b303b303b303b303b303b303b303a3b303a3b303b;1;8:4b4545505f414c4c;0;0;0;0;",1,"remaining post-FDE hypothesis 30 has no valid section 5.9 bound: dual-channel PL bound: channel history_eliminated_detector_only has no symmetric PSD certificate: rank transition interval is numerically indeterminate;ACTION_OPERATION_IDENTITY=ACTION_OPERATION_V1|0;0;0;0;0;0;0;0:;0:;0;"
1750000000,35,1,"ACTION_SEARCH_OCCURRENCE_V1","ACTION_OCCURRENCE_V1|action=1|duplicate_index=0|operation=ACTION_SEMANTICS_V1|42:414354494f4e5f4f5045524154494f4e5f56317c303b303b303b303b303b303b303b303a3b303a3b303b;1;8:4b4545505f414c4c;0;0;0;0;","","","",0,0,1,1,0.506712,271.19,165,169,353282,1769.97,4e-05,inf,inf,0,439.82,"GENERATED_ACTION_SNAPSHOT_V1|1;137:414354494f4e5f53454d414e544943535f56317c34323a3431343335343439346634653566346635303435353234313534343934663465356635363331376333303362333033623330336233303362333033623330336233303362333033613362333033613362333033623b313b383a346234353435353035663431346334633b303b303b303b303b;42:414354494f4e5f4f5045524154494f4e5f56317c303b303b303b303b303b303b303b303a3b303a3b303b;","PLANNED_EVALUATION;operation_identity=ACTION_OPERATION_V1|0;0;0;0;0;0;0;0:;0:;0;;semantic_identity=ACTION_SEMANTICS_V1|42:414354494f4e5f4f5045524154494f4e5f56317c303b303b303b303b303b303b303b303a3b303a3b303b;1;8:4b4545505f414c4c;0;0;0;0;",1,"remaining post-FDE hypothesis 30 has no valid section 5.9 bound: dual-channel PL bound: channel history_eliminated_detector_only has no symmetric PSD certificate: rank transition interval is numerically indeterminate;ACTION_OPERATION_IDENTITY=ACTION_OPERATION_V1|0;0;0;0;0;0;0;0:;0:;0;"
1800000000,36,1,"ACTION_SEARCH_OCCURRENCE_V1","ACTION_OCCURRENCE_V1|action=1|duplicate_index=0|operation=ACTION_SEMANTICS_V1|42:414354494f4e5f4f5045524154494f4e5f56317c303b303b303b303b303b303b303b303a3b303a3b303b;1;8:4b4545505f414c4c;0;0;0;0;","","","",0,0,1,1,0.541474,271.19,165,169,358795,1769.93,4e-05,inf,inf,0,409.705,"GENERATED_ACTION_SNAPSHOT_V1|1;137:414354494f4e5f53454d414e544943535f56317c34323a3431343335343439346634653566346635303435353234313534343934663465356635363331376333303362333033623330336233303362333033623330336233303362333033613362333033613362333033623b313b383a346234353435353035663431346334633b303b303b303b303b;42:414354494f4e5f4f5045524154494f4e5f56317c303b303b303b303b303b303b303b303a3b303a3b303b;","PLANNED_EVALUATION;operation_identity=ACTION_OPERATION_V1|0;0;0;0;0;0;0;0:;0:;0;;semantic_identity=ACTION_SEMANTICS_V1|42:414354494f4e5f4f5045524154494f4e5f56317c303b303b303b303b303b303b303b303a3b303a3b303b;1;8:4b4545505f414c4c;0;0;0;0;",1,"remaining post-FDE hypothesis 30 has no valid section 5.9 bound: dual-channel PL bound: channel history_eliminated_detector_only has no symmetric PSD certificate: rank transition interval is numerically indeterminate;ACTION_OPERATION_IDENTITY=ACTION_OPERATION_V1|0;0;0;0;0;0;0;0:;0:;0;"
1850000000,37,1,"ACTION_SEARCH_OCCURRENCE_V1","ACTION_OCCURRENCE_V1|action=1|duplicate_index=0|operation=ACTION_SEMANTICS_V1|42:414354494f4e5f4f5045524154494f4e5f56317c303b303b303b303b303b303b303b303a3b303a3b303b;1;8:4b4545505f414c4c;0;0;0;0;","","","",0,0,1,1,0.555436,271.19,165,169,365824,1769.93,4e-05,inf,inf,0,416.085,"GENERATED_ACTION_SNAPSHOT_V1|1;137:414354494f4e5f53454d414e544943535f56317c34323a3431343335343439346634653566346635303435353234313534343934663465356635363331376333303362333033623330336233303362333033623330336233303362333033613362333033613362333033623b313b383a346234353435353035663431346334633b303b303b303b303b;42:414354494f4e5f4f5045524154494f4e5f56317c303b303b303b303b303b303b303b303a3b303a3b303b;","PLANNED_EVALUATION;operation_identity=ACTION_OPERATION_V1|0;0;0;0;0;0;0;0:;0:;0;;semantic_identity=ACTION_SEMANTICS_V1|42:414354494f4e5f4f5045524154494f4e5f56317c303b303b303b303b303b303b303b303a3b303a3b303b;1;8:4b4545505f414c4c;0;0;0;0;",1,"remaining post-FDE hypothesis 30 has no valid section 5.9 bound: dual-channel PL bound: channel history_eliminated_detector_only has no symmetric PSD certificate: rank transition interval is numerically indeterminate;ACTION_OPERATION_IDENTITY=ACTION_OPERATION_V1|0;0;0;0;0;0;0;0:;0:;0;"
1900000000,38,1,"ACTION_SEARCH_OCCURRENCE_V1","ACTION_OCCURRENCE_V1|action=1|duplicate_index=0|operation=ACTION_SEMANTICS_V1|42:414354494f4e5f4f5045524154494f4e5f56317c303b303b303b303b303b303b303b303a3b303a3b303b;1;8:4b4545505f414c4c;0;0;0;0;","","","",0,0,1,1,0.565707,271.19,165,169,371580,1769.85,4e-05,inf,inf,0,415.367,"GENERATED_ACTION_SNAPSHOT_V1|1;137:414354494f4e5f53454d414e544943535f56317c34323a3431343335343439346634653566346635303435353234313534343934663465356635363331376333303362333033623330336233303362333033623330336233303362333033613362333033613362333033623b313b383a346234353435353035663431346334633b303b303b303b303b;42:414354494f4e5f4f5045524154494f4e5f56317c303b303b303b303b303b303b303b303a3b303a3b303b;","PLANNED_EVALUATION;operation_identity=ACTION_OPERATION_V1|0;0;0;0;0;0;0;0:;0:;0;;semantic_identity=ACTION_SEMANTICS_V1|42:414354494f4e5f4f5045524154494f4e5f56317c303b303b303b303b303b303b303b303a3b303a3b303b;1;8:4b4545505f414c4c;0;0;0;0;",1,"remaining post-FDE hypothesis 30 has no valid section 5.9 bound: dual-channel PL bound: channel history_eliminated_detector_only has no symmetric PSD certificate: rank transition interval is numerically indeterminate;ACTION_OPERATION_IDENTITY=ACTION_OPERATION_V1|0;0;0;0;0;0;0;0:;0:;0;"
1950000000,39,1,"ACTION_SEARCH_OCCURRENCE_V1","ACTION_OCCURRENCE_V1|action=1|duplicate_index=0|operation=ACTION_SEMANTICS_V1|42:414354494f4e5f4f5045524154494f4e5f56317c303b303b303b303b303b303b303b303a3b303a3b303b;1;8:4b4545505f414c4c;0;0;0;0;","","","",0,0,1,1,0.557484,271.19,165,169,377631,1769.78,4e-05,inf,inf,0,414.487,"GENERATED_ACTION_SNAPSHOT_V1|1;137:414354494f4e5f53454d414e544943535f56317c34323a3431343335343439346634653566346635303435353234313534343934663465356635363331376333303362333033623330336233303362333033623330336233303362333033613362333033613362333033623b313b383a346234353435353035663431346334633b303b303b303b303b;42:414354494f4e5f4f5045524154494f4e5f56317c303b303b303b303b303b303b303b303a3b303a3b303b;","PLANNED_EVALUATION;operation_identity=ACTION_OPERATION_V1|0;0;0;0;0;0;0;0:;0:;0;;semantic_identity=ACTION_SEMANTICS_V1|42:414354494f4e5f4f5045524154494f4e5f56317c303b303b303b303b303b303b303b303a3b303a3b303b;1;8:4b4545505f414c4c;0;0;0;0;",1,"remaining post-FDE hypothesis 30 has no valid section 5.9 bound: dual-channel PL bound: channel history_eliminated_detector_only has no symmetric PSD certificate: rank transition interval is numerically indeterminate;ACTION_OPERATION_IDENTITY=ACTION_OPERATION_V1|0;0;0;0;0;0;0;0:;0:;0;"
2000000000,40,1,"ACTION_SEARCH_OCCURRENCE_V1","ACTION_OCCURRENCE_V1|action=1|duplicate_index=0|operation=ACTION_SEMANTICS_V1|42:414354494f4e5f4f5045524154494f4e5f56317c303b303b303b303b303b303b303b303a3b303a3b303b;1;8:4b4545505f414c4c;0;0;0;0;","","","",0,0,1,1,0.567223,271.19,165,169,383576,1769.73,4e-05,inf,inf,0,408.547,"GENERATED_ACTION_SNAPSHOT_V1|1;137:414354494f4e5f53454d414e544943535f56317c34323a3431343335343439346634653566346635303435353234313534343934663465356635363331376333303362333033623330336233303362333033623330336233303362333033613362333033613362333033623b313b383a346234353435353035663431346334633b303b303b303b303b;42:414354494f4e5f4f5045524154494f4e5f56317c303b303b303b303b303b303b303b303a3b303a3b303b;","PLANNED_EVALUATION;operation_identity=ACTION_OPERATION_V1|0;0;0;0;0;0;0;0:;0:;0;;semantic_identity=ACTION_SEMANTICS_V1|42:414354494f4e5f4f5045524154494f4e5f56317c303b303b303b303b303b303b303b303a3b303a3b303b;1;8:4b4545505f414c4c;0;0;0;0;",1,"remaining post-FDE hypothesis 30 has no valid section 5.9 bound: dual-channel PL bound: channel history_eliminated_detector_only has no symmetric PSD certificate: rank transition interval is numerically indeterminate;ACTION_OPERATION_IDENTITY=ACTION_OPERATION_V1|0;0;0;0;0;0;0;0:;0:;0;"
2050000000,41,1,"ACTION_SEARCH_OCCURRENCE_V1","ACTION_OCCURRENCE_V1|action=1|duplicate_index=0|operation=ACTION_SEMANTICS_V1|42:414354494f4e5f4f5045524154494f4e5f56317c303b303b303b303b303b303b303b303a3b303a3b303b;1;8:4b4545505f414c4c;0;0;0;0;","","","",0,0,1,1,0.569971,271.19,165,169,389112,1769.75,4e-05,inf,inf,0,415.959,"GENERATED_ACTION_SNAPSHOT_V1|1;137:414354494f4e5f53454d414e544943535f56317c34323a3431343335343439346634653566346635303435353234313534343934663465356635363331376333303362333033623330336233303362333033623330336233303362333033613362333033613362333033623b313b383a346234353435353035663431346334633b303b303b303b303b;42:414354494f4e5f4f5045524154494f4e5f56317c303b303b303b303b303b303b303b303a3b303a3b303b;","PLANNED_EVALUATION;operation_identity=ACTION_OPERATION_V1|0;0;0;0;0;0;0;0:;0:;0;;semantic_identity=ACTION_SEMANTICS_V1|42:414354494f4e5f4f5045524154494f4e5f56317c303b303b303b303b303b303b303b303a3b303a3b303b;1;8:4b4545505f414c4c;0;0;0;0;",1,"remaining post-FDE hypothesis 30 has no valid section 5.9 bound: dual-channel PL bound: channel history_eliminated_detector_only has no symmetric PSD certificate: rank transition interval is numerically indeterminate;ACTION_OPERATION_IDENTITY=ACTION_OPERATION_V1|0;0;0;0;0;0;0;0:;0:;0;"
2100000000,42,1,"ACTION_SEARCH_OCCURRENCE_V1","ACTION_OCCURRENCE_V1|action=1|duplicate_index=0|operation=ACTION_SEMANTICS_V1|42:414354494f4e5f4f5045524154494f4e5f56317c303b303b303b303b303b303b303b303a3b303a3b303b;1;8:4b4545505f414c4c;0;0;0;0;","","","",0,0,1,1,0.582271,271.19,165,169,395084,1769.69,4e-05,inf,inf,0,424.26,"GENERATED_ACTION_SNAPSHOT_V1|1;137:414354494f4e5f53454d414e544943535f56317c34323a3431343335343439346634653566346635303435353234313534343934663465356635363331376333303362333033623330336233303362333033623330336233303362333033613362333033613362333033623b313b383a346234353435353035663431346334633b303b303b303b303b;42:414354494f4e5f4f5045524154494f4e5f56317c303b303b303b303b303b303b303b303a3b303a3b303b;","PLANNED_EVALUATION;operation_identity=ACTION_OPERATION_V1|0;0;0;0;0;0;0;0:;0:;0;;semantic_identity=ACTION_SEMANTICS_V1|42:414354494f4e5f4f5045524154494f4e5f56317c303b303b303b303b303b303b303b303a3b303a3b303b;1;8:4b4545505f414c4c;0;0;0;0;",1,"remaining post-FDE hypothesis 30 has no valid section 5.9 bound: dual-channel PL bound: channel history_eliminated_detector_only has no symmetric PSD certificate: rank transition interval is numerically indeterminate;ACTION_OPERATION_IDENTITY=ACTION_OPERATION_V1|0;0;0;0;0;0;0;0:;0:;0;"
2150000000,43,1,"ACTION_SEARCH_OCCURRENCE_V1","ACTION_OCCURRENCE_V1|action=1|duplicate_index=0|operation=ACTION_SEMANTICS_V1|42:414354494f4e5f4f5045524154494f4e5f56317c303b303b303b303b303b303b303b303a3b303a3b303b;1;8:4b4545505f414c4c;0;0;0;0;","","","",0,0,1,1,0.572122,271.19,165,169,399942,1769.65,4e-05,inf,inf,0,411.806,"GENERATED_ACTION_SNAPSHOT_V1|1;137:414354494f4e5f53454d414e544943535f56317c34323a3431343335343439346634653566346635303435353234313534343934663465356635363331376333303362333033623330336233303362333033623330336233303362333033613362333033613362333033623b313b383a346234353435353035663431346334633b303b303b303b303b;42:414354494f4e5f4f5045524154494f4e5f56317c303b303b303b303b303b303b303b303a3b303a3b303b;","PLANNED_EVALUATION;operation_identity=ACTION_OPERATION_V1|0;0;0;0;0;0;0;0:;0:;0;;semantic_identity=ACTION_SEMANTICS_V1|42:414354494f4e5f4f5045524154494f4e5f56317c303b303b303b303b303b303b303b303a3b303a3b303b;1;8:4b4545505f414c4c;0;0;0;0;",1,"remaining post-FDE hypothesis 30 has no valid section 5.9 bound: dual-channel PL bound: channel history_eliminated_detector_only has no symmetric PSD certificate: rank transition interval is numerically indeterminate;ACTION_OPERATION_IDENTITY=ACTION_OPERATION_V1|0;0;0;0;0;0;0;0:;0:;0;"
2200000000,44,1,"ACTION_SEARCH_OCCURRENCE_V1","ACTION_OCCURRENCE_V1|action=1|duplicate_index=0|operation=ACTION_SEMANTICS_V1|42:414354494f4e5f4f5045524154494f4e5f56317c303b303b303b303b303b303b303b303a3b303a3b303b;1;8:4b4545505f414c4c;0;0;0;0;","","","",0,0,1,1,0.587753,271.19,165,169,405792,1769.61,4e-05,inf,inf,0,408.999,"GENERATED_ACTION_SNAPSHOT_V1|1;137:414354494f4e5f53454d414e544943535f56317c34323a3431343335343439346634653566346635303435353234313534343934663465356635363331376333303362333033623330336233303362333033623330336233303362333033613362333033613362333033623b313b383a346234353435353035663431346334633b303b303b303b303b;42:414354494f4e5f4f5045524154494f4e5f56317c303b303b303b303b303b303b303b303a3b303a3b303b;","PLANNED_EVALUATION;operation_identity=ACTION_OPERATION_V1|0;0;0;0;0;0;0;0:;0:;0;;semantic_identity=ACTION_SEMANTICS_V1|42:414354494f4e5f4f5045524154494f4e5f56317c303b303b303b303b303b303b303b303a3b303a3b303b;1;8:4b4545505f414c4c;0;0;0;0;",1,"remaining post-FDE hypothesis 30 has no valid section 5.9 bound: dual-channel PL bound: channel history_eliminated_detector_only has no symmetric PSD certificate: rank transition interval is numerically indeterminate;ACTION_OPERATION_IDENTITY=ACTION_OPERATION_V1|0;0;0;0;0;0;0;0:;0:;0;"
2250000000,45,1,"ACTION_SEARCH_OCCURRENCE_V1","ACTION_OCCURRENCE_V1|action=1|duplicate_index=0|operation=ACTION_SEMANTICS_V1|42:414354494f4e5f4f5045524154494f4e5f56317c303b303b303b303b303b303b303b303a3b303a3b303b;1;8:4b4545505f414c4c;0;0;0;0;","","","",0,0,1,1,0.577589,271.19,165,169,410543,1769.61,4e-05,inf,inf,0,414.923,"GENERATED_ACTION_SNAPSHOT_V1|1;137:414354494f4e5f53454d414e544943535f56317c34323a3431343335343439346634653566346635303435353234313534343934663465356635363331376333303362333033623330336233303362333033623330336233303362333033613362333033613362333033623b313b383a346234353435353035663431346334633b303b303b303b303b;42:414354494f4e5f4f5045524154494f4e5f56317c303b303b303b303b303b303b303b303a3b303a3b303b;","PLANNED_EVALUATION;operation_identity=ACTION_OPERATION_V1|0;0;0;0;0;0;0;0:;0:;0;;semantic_identity=ACTION_SEMANTICS_V1|42:414354494f4e5f4f5045524154494f4e5f56317c303b303b303b303b303b303b303b303a3b303a3b303b;1;8:4b4545505f414c4c;0;0;0;0;",1,"remaining post-FDE hypothesis 30 has no valid section 5.9 bound: dual-channel PL bound: channel history_eliminated_detector_only has no symmetric PSD certificate: rank transition interval is numerically indeterminate;ACTION_OPERATION_IDENTITY=ACTION_OPERATION_V1|0;0;0;0;0;0;0;0:;0:;0;"
