schema_version,input_attempt_id,input_timestamp_ns,transaction_id,window_id,graph_version,ordering_version,noise_model_version,linpoint_version,output_timestamp_ns,action_id,kernel_evaluated,numerical_valid,post_passed,pl_evaluated,coverage_rejected,selected,slow_path,near_gate,recovered_replacement,numerical_path,fallback_reason,skip_reason,cache_hits,certificate_passed,condition_value_kind,condition_lower_bound,condition_upper_bound,certificate_margin,matrix_free_step_rejected,covariance_solve_count,scratch_reuse_count,kernel_ms,post_ms,bridge_ms,fault_map_ms,pl_ms,removal_data_source,model_error_record,model_error_validated
uwb-imu-pl/gate-d-diagnostics/v16,1,50000000,1,1,1,1,1,1,50000000,1,1,1,1,1,0,0,0,0,0,"KEEP_BASE_CANONICAL","RANK_SAFETY_CERTIFIED_V1","PL_COMPLETE",0,1,"EXACT_BASE",nan,nan,nan,0,0,0,0.78582200000000002,0.040256,0.000111,0.26708999999999999,4.1001250000000002,"GENERATED_ACTION_SNAPSHOT_V1|1;137:414354494f4e5f53454d414e544943535f56317c34323a3431343335343439346634653566346635303435353234313534343934663465356635363331376333303362333033623330336233303362333033623330336233303362333033613362333033613362333033623b313b383a346234353435353035663431346334633b303b303b303b303b;42:414354494f4e5f4f5045524154494f4e5f56317c303b303b303b303b303b303b303b303a3b303a3b303b;","PLANNED_EVALUATION;operation_identity=ACTION_OPERATION_V1|0;0;0;0;0;0;0;0:;0:;0;;semantic_identity=ACTION_SEMANTICS_V1|42:414354494f4e5f4f5045524154494f4e5f56317c303b303b303b303b303b303b303b303a3b303a3b303b;1;8:4b4545505f414c4c;0;0;0;0;",1
uwb-imu-pl/gate-d-diagnostics/v16,2,100000000,2,2,2,1,1,2,100000000,1,1,1,1,1,0,0,0,0,0,"KEEP_BASE_CANONICAL","RANK_SAFETY_CERTIFIED_V1","PL_COMPLETE",0,1,"EXACT_BASE",nan,nan,nan,0,1,0,2.4872619999999999,0.112192,0.000125,0.22961400000000001,191.738114,"GENERATED_ACTION_SNAPSHOT_V1|1;137:414354494f4e5f53454d414e544943535f56317c34323a3431343335343439346634653566346635303435353234313534343934663465356635363331376333303362333033623330336233303362333033623330336233303362333033613362333033613362333033623b313b383a346234353435353035663431346334633b303b303b303b303b;42:414354494f4e5f4f5045524154494f4e5f56317c303b303b303b303b303b303b303b303a3b303a3b303b;","PLANNED_EVALUATION;operation_identity=ACTION_OPERATION_V1|0;0;0;0;0;0;0;0:;0:;0;;semantic_identity=ACTION_SEMANTICS_V1|42:414354494f4e5f4f5045524154494f4e5f56317c303b303b303b303b303b303b303b303a3b303a3b303b;1;8:4b4545505f414c4c;0;0;0;0;",1
uwb-imu-pl/gate-d-diagnostics/v16,3,150000000,3,3,3,1,1,3,150000000,1,1,1,1,1,0,0,0,0,0,"KEEP_BASE_CANONICAL","RANK_SAFETY_CERTIFIED_V1","PL_COMPLETE",0,1,"EXACT_BASE",nan,nan,nan,0,0,0,4.532915,0.125275,6.9999999999999994e-05,1.922742,38.921720999999998,"GENERATED_ACTION_SNAPSHOT_V1|1;137:414354494f4e5f53454d414e544943535f56317c34323a3431343335343439346634653566346635303435353234313534343934663465356635363331376333303362333033623330336233303362333033623330336233303362333033613362333033613362333033623b313b383a346234353435353035663431346334633b303b303b303b303b;42:414354494f4e5f4f5045524154494f4e5f56317c303b303b303b303b303b303b303b303a3b303a3b303b;","PLANNED_EVALUATION;operation_identity=ACTION_OPERATION_V1|0;0;0;0;0;0;0;0:;0:;0;;semantic_identity=ACTION_SEMANTICS_V1|42:414354494f4e5f4f5045524154494f4e5f56317c303b303b303b303b303b303b303b303a3b303a3b303b;1;8:4b4545505f414c4c;0;0;0;0;",1
uwb-imu-pl/gate-d-diagnostics/v16,4,200000000,4,4,4,1,1,4,200000000,1,1,1,1,1,0,0,0,0,0,"KEEP_BASE_CANONICAL","RANK_SAFETY_CERTIFIED_V1","PL_COMPLETE",0,1,"EXACT_BASE",nan,nan,nan,0,0,0,9.9856259999999999,0.215003,0.00014300000000000001,3.4179390000000001,78.949087000000006,"GENERATED_ACTION_SNAPSHOT_V1|1;137:414354494f4e5f53454d414e544943535f56317c34323a3431343335343439346634653566346635303435353234313534343934663465356635363331376333303362333033623330336233303362333033623330336233303362333033613362333033613362333033623b313b383a346234353435353035663431346334633b303b303b303b303b;42:414354494f4e5f4f5045524154494f4e5f56317c303b303b303b303b303b303b303b303a3b303a3b303b;","PLANNED_EVALUATION;operation_identity=ACTION_OPERATION_V1|0;0;0;0;0;0;0;0:;0:;0;;semantic_identity=ACTION_SEMANTICS_V1|42:414354494f4e5f4f5045524154494f4e5f56317c303b303b303b303b303b303b303b303a3b303a3b303b;1;8:4b4545505f414c4c;0;0;0;0;",1
uwb-imu-pl/gate-d-diagnostics/v16,5,250000000,5,5,5,1,1,5,250000000,1,1,1,1,1,0,0,0,0,0,"KEEP_BASE_CANONICAL","RANK_SAFETY_CERTIFIED_V1","PL_COMPLETE",0,1,"EXACT_BASE",nan,nan,nan,0,0,0,11.188613999999999,0.36543300000000001,0.000111,5.3520399999999997,131.09447399999999,"GENERATED_ACTION_SNAPSHOT_V1|1;137:414354494f4e5f53454d414e544943535f56317c34323a3431343335343439346634653566346635303435353234313534343934663465356635363331376333303362333033623330336233303362333033623330336233303362333033613362333033613362333033623b313b383a346234353435353035663431346334633b303b303b303b303b;42:414354494f4e5f4f5045524154494f4e5f56317c303b303b303b303b303b303b303b303a3b303a3b303b;","PLANNED_EVALUATION;operation_identity=ACTION_OPERATION_V1|0;0;0;0;0;0;0;0:;0:;0;;semantic_identity=ACTION_SEMANTICS_V1|42:414354494f4e5f4f5045524154494f4e5f56317c303b303b303b303b303b303b303b303a3b303a3b303b;1;8:4b4545505f414c4c;0;0;0;0;",1
uwb-imu-pl/gate-d-diagnostics/v16,6,300000000,6,6,6,1,1,6,300000000,1,1,1,1,1,0,0,0,0,0,"KEEP_BASE_CANONICAL","RANK_SAFETY_CERTIFIED_V1","PL_COMPLETE",0,1,"EXACT_BASE",nan,nan,nan,0,0,0,24.281139,0.66530400000000001,0.00018100000000000001,7.57639,206.68459899999999,"GENERATED_ACTION_SNAPSHOT_V1|1;137:414354494f4e5f53454d414e544943535f56317c34323a3431343335343439346634653566346635303435353234313534343934663465356635363331376333303362333033623330336233303362333033623330336233303362333033613362333033613362333033623b313b383a346234353435353035663431346334633b303b303b303b303b;42:414354494f4e5f4f5045524154494f4e5f56317c303b303b303b303b303b303b303b303a3b303a3b303b;","PLANNED_EVALUATION;operation_identity=ACTION_OPERATION_V1|0;0;0;0;0;0;0;0:;0:;0;;semantic_identity=ACTION_SEMANTICS_V1|42:414354494f4e5f4f5045524154494f4e5f56317c303b303b303b303b303b303b303b303a3b303a3b303b;1;8:4b4545505f414c4c;0;0;0;0;",1
uwb-imu-pl/gate-d-diagnostics/v16,7,350000000,7,7,7,1,1,7,350000000,1,1,1,1,1,0,0,0,0,0,"KEEP_BASE_CANONICAL","RANK_SAFETY_CERTIFIED_V1","PL_COMPLETE",0,1,"EXACT_BASE",nan,nan,nan,0,0,0,34.995959999999997,0.96768699999999996,0.00037100000000000002,10.909889,309.54384399999998,"GENERATED_ACTION_SNAPSHOT_V1|1;137:414354494f4e5f53454d414e544943535f56317c34323a3431343335343439346634653566346635303435353234313534343934663465356635363331376333303362333033623330336233303362333033623330336233303362333033613362333033613362333033623b313b383a346234353435353035663431346334633b303b303b303b303b;42:414354494f4e5f4f5045524154494f4e5f56317c303b303b303b303b303b303b303b303a3b303a3b303b;","PLANNED_EVALUATION;operation_identity=ACTION_OPERATION_V1|0;0;0;0;0;0;0;0:;0:;0;;semantic_identity=ACTION_SEMANTICS_V1|42:414354494f4e5f4f5045524154494f4e5f56317c303b303b303b303b303b303b303b303a3b303a3b303b;1;8:4b4545505f414c4c;0;0;0;0;",1
uwb-imu-pl/gate-d-diagnostics/v16,8,400000000,8,8,8,1,1,8,400000000,1,1,1,1,1,0,0,0,0,0,"KEEP_BASE_CANONICAL","RANK_SAFETY_CERTIFIED_V1","PL_COMPLETE",0,1,"EXACT_BASE",nan,nan,nan,0,0,0,50.228797999999998,0.93118299999999998,0.00017699999999999999,14.018521,452.56495899999999,"GENERATED_ACTION_SNAPSHOT_V1|1;137:414354494f4e5f53454d414e544943535f56317c34323a3431343335343439346634653566346635303435353234313534343934663465356635363331376333303362333033623330336233303362333033623330336233303362333033613362333033613362333033623b313b383a346234353435353035663431346334633b303b303b303b303b;42:414354494f4e5f4f5045524154494f4e5f56317c303b303b303b303b303b303b303b303a3b303a3b303b;","PLANNED_EVALUATION;operation_identity=ACTION_OPERATION_V1|0;0;0;0;0;0;0;0:;0:;0;;semantic_identity=ACTION_SEMANTICS_V1|42:414354494f4e5f4f5045524154494f4e5f56317c303b303b303b303b303b303b303b303a3b303a3b303b;1;8:4b4545505f414c4c;0;0;0;0;",1
uwb-imu-pl/gate-d-diagnostics/v16,9,450000000,9,9,9,1,1,9,450000000,1,1,1,1,1,0,0,0,0,0,"KEEP_BASE_CANONICAL","RANK_SAFETY_CERTIFIED_V1","PL_COMPLETE",0,1,"EXACT_BASE",nan,nan,nan,0,0,0,64.376029000000003,1.2260800000000001,6.0000000000000002e-05,18.585802000000001,596.91161599999998,"GENERATED_ACTION_SNAPSHOT_V1|1;137:414354494f4e5f53454d414e544943535f56317c34323a3431343335343439346634653566346635303435353234313534343934663465356635363331376333303362333033623330336233303362333033623330336233303362333033613362333033613362333033623b313b383a346234353435353035663431346334633b303b303b303b303b;42:414354494f4e5f4f5045524154494f4e5f56317c303b303b303b303b303b303b303b303a3b303a3b303b;","PLANNED_EVALUATION;operation_identity=ACTION_OPERATION_V1|0;0;0;0;0;0;0;0:;0:;0;;semantic_identity=ACTION_SEMANTICS_V1|42:414354494f4e5f4f5045524154494f4e5f56317c303b303b303b303b303b303b303b303a3b303a3b303b;1;8:4b4545505f414c4c;0;0;0;0;",1
uwb-imu-pl/gate-d-diagnostics/v16,10,500000000,10,10,10,1,1,10,500000000,1,1,1,1,1,0,0,0,0,0,"KEEP_BASE_CANONICAL","RANK_SAFETY_CERTIFIED_V1","PL_COMPLETE",0,1,"EXACT_BASE",nan,nan,nan,0,0,0,86.898771999999994,1.58779,8.2000000000000001e-05,24.29027,787.743334,"GENERATED_ACTION_SNAPSHOT_V1|1;137:414354494f4e5f53454d414e544943535f56317c34323a3431343335343439346634653566346635303435353234313534343934663465356635363331376333303362333033623330336233303362333033623330336233303362333033613362333033613362333033623b313b383a346234353435353035663431346334633b303b303b303b303b;42:414354494f4e5f4f5045524154494f4e5f56317c303b303b303b303b303b303b303b303a3b303a3b303b;","PLANNED_EVALUATION;operation_identity=ACTION_OPERATION_V1|0;0;0;0;0;0;0;0:;0:;0;;semantic_identity=ACTION_SEMANTICS_V1|42:414354494f4e5f4f5045524154494f4e5f56317c303b303b303b303b303b303b303b303a3b303a3b303b;1;8:4b4545505f414c4c;0;0;0;0;",1
uwb-imu-pl/gate-d-diagnostics/v16,11,550000000,11,11,11,1,1,11,550000000,1,1,1,1,1,0,0,0,0,0,"KEEP_BASE_CANONICAL","RANK_SAFETY_CERTIFIED_V1","PL_COMPLETE",0,1,"EXACT_BASE",nan,nan,nan,0,0,0,92.479135999999997,2.1227239999999998,0.00010900000000000001,26.541549,921.44257500000003,"GENERATED_ACTION_SNAPSHOT_V1|1;137:414354494f4e5f53454d414e544943535f56317c34323a3431343335343439346634653566346635303435353234313534343934663465356635363331376333303362333033623330336233303362333033623330336233303362333033613362333033613362333033623b313b383a346234353435353035663431346334633b303b303b303b303b;42:414354494f4e5f4f5045524154494f4e5f56317c303b303b303b303b303b303b303b303a3b303a3b303b;","PLANNED_EVALUATION;operation_identity=ACTION_OPERATION_V1|0;0;0;0;0;0;0;0:;0:;0;;semantic_identity=ACTION_SEMANTICS_V1|42:414354494f4e5f4f5045524154494f4e5f56317c303b303b303b303b303b303b303b303a3b303a3b303b;1;8:4b4545505f414c4c;0;0;0;0;",1
uwb-imu-pl/gate-d-diagnostics/v16,12,600000000,12,12,12,1,1,12,600000000,1,1,1,1,1,0,0,0,0,0,"KEEP_BASE_CANONICAL","RANK_SAFETY_CERTIFIED_V1","PL_COMPLETE",0,1,"EXACT_BASE",nan,nan,nan,0,0,0,89.772358999999994,2.3864679999999998,0.00034299999999999999,30.645796000000001,44.393597,"GENERATED_ACTION_SNAPSHOT_V1|1;137:414354494f4e5f53454d414e544943535f56317c34323a3431343335343439346634653566346635303435353234313534343934663465356635363331376333303362333033623330336233303362333033623330336233303362333033613362333033613362333033623b313b383a346234353435353035663431346334633b303b303b303b303b;42:414354494f4e5f4f5045524154494f4e5f56317c303b303b303b303b303b303b303b303a3b303a3b303b;","PLANNED_EVALUATION;operation_identity=ACTION_OPERATION_V1|0;0;0;0;0;0;0;0:;0:;0;;semantic_identity=ACTION_SEMANTICS_V1|42:414354494f4e5f4f5045524154494f4e5f56317c303b303b303b303b303b303b303b303a3b303a3b303b;1;8:4b4545505f414c4c;0;0;0;0;",1
uwb-imu-pl/gate-d-diagnostics/v16,13,650000000,13,13,13,1,1,13,650000000,1,1,1,1,1,0,0,0,0,0,"KEEP_BASE_CANONICAL","RANK_SAFETY_CERTIFIED_V1","PL_COMPLETE",0,1,"EXACT_BASE",nan,nan,nan,0,0,0,87.221129000000005,1.549318,0.00038499999999999998,36.722597,56.945687999999997,"GENERATED_ACTION_SNAPSHOT_V1|1;137:414354494f4e5f53454d414e544943535f56317c34323a3431343335343439346634653566346635303435353234313534343934663465356635363331376333303362333033623330336233303362333033623330336233303362333033613362333033613362333033623b313b383a346234353435353035663431346334633b303b303b303b303b;42:414354494f4e5f4f5045524154494f4e5f56317c303b303b303b303b303b303b303b303a3b303a3b303b;","PLANNED_EVALUATION;operation_identity=ACTION_OPERATION_V1|0;0;0;0;0;0;0;0:;0:;0;;semantic_identity=ACTION_SEMANTICS_V1|42:414354494f4e5f4f5045524154494f4e5f56317c303b303b303b303b303b303b303b303a3b303a3b303b;1;8:4b4545505f414c4c;0;0;0;0;",1
uwb-imu-pl/gate-d-diagnostics/v16,14,700000000,14,14,14,1,1,14,700000000,1,1,1,1,1,0,0,0,0,0,"KEEP_BASE_CANONICAL","RANK_SAFETY_CERTIFIED_V1","PL_COMPLETE",0,1,"EXACT_BASE",nan,nan,nan,0,0,0,89.612544999999997,2.120908,0.00014899999999999999,43.364725999999997,69.894723999999997,"GENERATED_ACTION_SNAPSHOT_V1|1;137:414354494f4e5f53454d414e544943535f56317c34323a3431343335343439346634653566346635303435353234313534343934663465356635363331376333303362333033623330336233303362333033623330336233303362333033613362333033613362333033623b313b383a346234353435353035663431346334633b303b303b303b303b;42:414354494f4e5f4f5045524154494f4e5f56317c303b303b303b303b303b303b303b303a3b303a3b303b;","PLANNED_EVALUATION;operation_identity=ACTION_OPERATION_V1|0;0;0;0;0;0;0;0:;0:;0;;semantic_identity=ACTION_SEMANTICS_V1|42:414354494f4e5f4f5045524154494f4e5f56317c303b303b303b303b303b303b303b303a3b303a3b303b;1;8:4b4545505f414c4c;0;0;0;0;",1
uwb-imu-pl/gate-d-diagnostics/v16,15,750000000,15,15,15,1,1,15,750000000,1,1,1,1,1,0,0,0,0,0,"KEEP_BASE_CANONICAL","RANK_SAFETY_CERTIFIED_V1","PL_COMPLETE",0,1,"EXACT_BASE",nan,nan,nan,0,0,0,93.920089000000004,1.565256,8.7999999999999998e-05,51.114102000000003,85.478733000000005,"GENERATED_ACTION_SNAPSHOT_V1|1;137:414354494f4e5f53454d414e544943535f56317c34323a3431343335343439346634653566346635303435353234313534343934663465356635363331376333303362333033623330336233303362333033623330336233303362333033613362333033613362333033623b313b383a346234353435353035663431346334633b303b303b303b303b;42:414354494f4e5f4f5045524154494f4e5f56317c303b303b303b303b303b303b303b303a3b303a3b303b;","PLANNED_EVALUATION;operation_identity=ACTION_OPERATION_V1|0;0;0;0;0;0;0;0:;0:;0;;semantic_identity=ACTION_SEMANTICS_V1|42:414354494f4e5f4f5045524154494f4e5f56317c303b303b303b303b303b303b303b303a3b303a3b303b;1;8:4b4545505f414c4c;0;0;0;0;",1
uwb-imu-pl/gate-d-diagnostics/v16,16,800000000,16,16,16,1,1,16,800000000,1,1,1,1,1,0,0,0,0,0,"KEEP_BASE_CANONICAL","RANK_SAFETY_CERTIFIED_V1","PL_COMPLETE",0,1,"EXACT_BASE",nan,nan,nan,0,0,0,88.307236000000003,1.6224810000000001,0.000185,64.893130999999997,112.51343,"GENERATED_ACTION_SNAPSHOT_V1|1;137:414354494f4e5f53454d414e544943535f56317c34323a3431343335343439346634653566346635303435353234313534343934663465356635363331376333303362333033623330336233303362333033623330336233303362333033613362333033613362333033623b313b383a346234353435353035663431346334633b303b303b303b303b;42:414354494f4e5f4f5045524154494f4e5f56317c303b303b303b303b303b303b303b303a3b303a3b303b;","PLANNED_EVALUATION;operation_identity=ACTION_OPERATION_V1|0;0;0;0;0;0;0;0:;0:;0;;semantic_identity=ACTION_SEMANTICS_V1|42:414354494f4e5f4f5045524154494f4e5f56317c303b303b303b303b303b303b303b303a3b303a3b303b;1;8:4b4545505f414c4c;0;0;0;0;",1
uwb-imu-pl/gate-d-diagnostics/v16,17,850000000,17,17,17,1,1,17,850000000,1,1,1,1,1,0,0,0,0,0,"KEEP_BASE_CANONICAL","RANK_SAFETY_CERTIFIED_V1","PL_COMPLETE",0,1,"EXACT_BASE",nan,nan,nan,0,0,0,89.971507000000003,1.6509039999999999,0.00012999999999999999,69.525284999999997,130.00834499999999,"GENERATED_ACTION_SNAPSHOT_V1|1;137:414354494f4e5f53454d414e544943535f56317c34323a3431343335343439346634653566346635303435353234313534343934663465356635363331376333303362333033623330336233303362333033623330336233303362333033613362333033613362333033623b313b383a346234353435353035663431346334633b303b303b303b303b;42:414354494f4e5f4f5045524154494f4e5f56317c303b303b303b303b303b303b303b303a3b303a3b303b;","PLANNED_EVALUATION;operation_identity=ACTION_OPERATION_V1|0;0;0;0;0;0;0;0:;0:;0;;semantic_identity=ACTION_SEMANTICS_V1|42:414354494f4e5f4f5045524154494f4e5f56317c303b303b303b303b303b303b303b303a3b303a3b303b;1;8:4b4545505f414c4c;0;0;0;0;",1
uwb-imu-pl/gate-d-diagnostics/v16,18,900000000,18,18,18,1,1,18,900000000,1,1,1,1,1,0,0,0,0,0,"KEEP_BASE_CANONICAL","RANK_SAFETY_CERTIFIED_V1","PL_COMPLETE",0,1,"EXACT_BASE",nan,nan,nan,0,0,0,90.883705000000006,1.790718,0.00017100000000000001,86.992718999999994,147.12303499999999,"GENERATED_ACTION_SNAPSHOT_V1|1;137:414354494f4e5f53454d414e544943535f56317c34323a3431343335343439346634653566346635303435353234313534343934663465356635363331376333303362333033623330336233303362333033623330336233303362333033613362333033613362333033623b313b383a346234353435353035663431346334633b303b303b303b303b;42:414354494f4e5f4f5045524154494f4e5f56317c303b303b303b303b303b303b303b303a3b303a3b303b;","PLANNED_EVALUATION;operation_identity=ACTION_OPERATION_V1|0;0;0;0;0;0;0;0:;0:;0;;semantic_identity=ACTION_SEMANTICS_V1|42:414354494f4e5f4f5045524154494f4e5f56317c303b303b303b303b303b303b303b303a3b303a3b303b;1;8:4b4545505f414c4c;0;0;0;0;",1
uwb-imu-pl/gate-d-diagnostics/v16,19,950000000,19,19,19,1,1,19,950000000,1,1,1,1,1,0,0,0,0,0,"KEEP_BASE_CANONICAL","RANK_SAFETY_CERTIFIED_V1","PL_COMPLETE",0,1,"EXACT_BASE",nan,nan,nan,0,0,0,98.556551999999996,1.618606,0.000213,96.572559999999996,169.186183,"GENERATED_ACTION_SNAPSHOT_V1|1;137:414354494f4e5f53454d414e544943535f56317c34323a3431343335343439346634653566346635303435353234313534343934663465356635363331376333303362333033623330336233303362333033623330336233303362333033613362333033613362333033623b313b383a346234353435353035663431346334633b303b303b303b303b;42:414354494f4e5f4f5045524154494f4e5f56317c303b303b303b303b303b303b303b303a3b303a3b303b;","PLANNED_EVALUATION;operation_identity=ACTION_OPERATION_V1|0;0;0;0;0;0;0;0:;0:;0;;semantic_identity=ACTION_SEMANTICS_V1|42:414354494f4e5f4f5045524154494f4e5f56317c303b303b303b303b303b303b303b303a3b303a3b303b;1;8:4b4545505f414c4c;0;0;0;0;",1
uwb-imu-pl/gate-d-diagnostics/v16,20,1000000000,20,20,20,1,1,20,1000000000,1,1,1,1,1,0,0,0,0,0,"KEEP_BASE_CANONICAL","RANK_SAFETY_CERTIFIED_V1","PL_COMPLETE",0,1,"EXACT_BASE",nan,nan,nan,0,0,0,97.061710000000005,1.7155929999999999,0.00012400000000000001,100.82990100000001,185.15745799999999,"GENERATED_ACTION_SNAPSHOT_V1|1;137:414354494f4e5f53454d414e544943535f56317c34323a3431343335343439346634653566346635303435353234313534343934663465356635363331376333303362333033623330336233303362333033623330336233303362333033613362333033613362333033623b313b383a346234353435353035663431346334633b303b303b303b303b;42:414354494f4e5f4f5045524154494f4e5f56317c303b303b303b303b303b303b303b303a3b303a3b303b;","PLANNED_EVALUATION;operation_identity=ACTION_OPERATION_V1|0;0;0;0;0;0;0;0:;0:;0;;semantic_identity=ACTION_SEMANTICS_V1|42:414354494f4e5f4f5045524154494f4e5f56317c303b303b303b303b303b303b303b303a3b303a3b303b;1;8:4b4545505f414c4c;0;0;0;0;",1
uwb-imu-pl/gate-d-diagnostics/v16,21,1050000000,21,21,21,1,1,21,1050000000,1,1,1,1,1,0,0,0,0,0,"KEEP_BASE_CANONICAL","RANK_SAFETY_CERTIFIED_V1","PL_COMPLETE",0,1,"EXACT_BASE",nan,nan,nan,0,0,0,96.246880000000004,1.8220270000000001,0.000272,118.39856899999999,207.44215700000001,"GENERATED_ACTION_SNAPSHOT_V1|1;137:414354494f4e5f53454d414e544943535f56317c34323a3431343335343439346634653566346635303435353234313534343934663465356635363331376333303362333033623330336233303362333033623330336233303362333033613362333033613362333033623b313b383a346234353435353035663431346334633b303b303b303b303b;42:414354494f4e5f4f5045524154494f4e5f56317c303b303b303b303b303b303b303b303a3b303a3b303b;","PLANNED_EVALUATION;operation_identity=ACTION_OPERATION_V1|0;0;0;0;0;0;0;0:;0:;0;;semantic_identity=ACTION_SEMANTICS_V1|42:414354494f4e5f4f5045524154494f4e5f56317c303b303b303b303b303b303b303b303a3b303a3b303b;1;8:4b4545505f414c4c;0;0;0;0;",1
uwb-imu-pl/gate-d-diagnostics/v16,22,1100000000,22,22,22,1,1,22,1100000000,1,1,1,1,1,0,0,0,0,0,"KEEP_BASE_CANONICAL","RANK_SAFETY_CERTIFIED_V1","PL_COMPLETE",0,1,"EXACT_BASE",nan,nan,nan,0,0,0,93.026033999999996,1.7503059999999999,0.000194,113.746944,211.04303100000001,"GENERATED_ACTION_SNAPSHOT_V1|1;137:414354494f4e5f53454d414e544943535f56317c34323a3431343335343439346634653566346635303435353234313534343934663465356635363331376333303362333033623330336233303362333033623330336233303362333033613362333033613362333033623b313b383a346234353435353035663431346334633b303b303b303b303b;42:414354494f4e5f4f5045524154494f4e5f56317c303b303b303b303b303b303b303b303a3b303a3b303b;","PLANNED_EVALUATION;operation_identity=ACTION_OPERATION_V1|0;0;0;0;0;0;0;0:;0:;0;;semantic_identity=ACTION_SEMANTICS_V1|42:414354494f4e5f4f5045524154494f4e5f56317c303b303b303b303b303b303b303b303a3b303a3b303b;1;8:4b4545505f414c4c;0;0;0;0;",1
uwb-imu-pl/gate-d-diagnostics/v16,23,1150000000,23,23,23,1,1,23,1150000000,1,1,1,1,1,0,0,0,0,0,"KEEP_BASE_CANONICAL","RANK_SAFETY_CERTIFIED_V1","PL_COMPLETE",0,1,"EXACT_BASE",nan,nan,nan,0,0,0,89.248806999999999,1.7460899999999999,0.000212,116.58386299999999,218.11658399999999,"GENERATED_ACTION_SNAPSHOT_V1|1;137:414354494f4e5f53454d414e544943535f56317c34323a3431343335343439346634653566346635303435353234313534343934663465356635363331376333303362333033623330336233303362333033623330336233303362333033613362333033613362333033623b313b383a346234353435353035663431346334633b303b303b303b303b;42:414354494f4e5f4f5045524154494f4e5f56317c303b303b303b303b303b303b303b303a3b303a3b303b;","PLANNED_EVALUATION;operation_identity=ACTION_OPERATION_V1|0;0;0;0;0;0;0;0:;0:;0;;semantic_identity=ACTION_SEMANTICS_V1|42:414354494f4e5f4f5045524154494f4e5f56317c303b303b303b303b303b303b303b303a3b303a3b303b;1;8:4b4545505f414c4c;0;0;0;0;",1
uwb-imu-pl/gate-d-diagnostics/v16,24,1200000000,24,24,24,1,1,24,1200000000,1,1,1,1,1,0,0,0,0,0,"KEEP_BASE_CANONICAL","RANK_SAFETY_CERTIFIED_V1","PL_COMPLETE",0,1,"EXACT_BASE",nan,nan,nan,0,0,0,95.074883999999997,1.6646639999999999,0.000121,111.887787,206.66385199999999,"GENERATED_ACTION_SNAPSHOT_V1|1;137:414354494f4e5f53454d414e544943535f56317c34323a3431343335343439346634653566346635303435353234313534343934663465356635363331376333303362333033623330336233303362333033623330336233303362333033613362333033613362333033623b313b383a346234353435353035663431346334633b303b303b303b303b;42:414354494f4e5f4f5045524154494f4e5f56317c303b303b303b303b303b303b303b303a3b303a3b303b;","PLANNED_EVALUATION;operation_identity=ACTION_OPERATION_V1|0;0;0;0;0;0;0;0:;0:;0;;semantic_identity=ACTION_SEMANTICS_V1|42:414354494f4e5f4f5045524154494f4e5f56317c303b303b303b303b303b303b303b303a3b303a3b303b;1;8:4b4545505f414c4c;0;0;0;0;",1
uwb-imu-pl/gate-d-diagnostics/v16,25,1250000000,25,25,25,1,1,25,1250000000,1,1,1,1,1,0,0,0,0,0,"KEEP_BASE_CANONICAL","RANK_SAFETY_CERTIFIED_V1","PL_COMPLETE",0,1,"EXACT_BASE",nan,nan,nan,0,0,0,90.960757999999998,1.6027469999999999,0.00035,112.56895299999999,212.364754,"GENERATED_ACTION_SNAPSHOT_V1|1;137:414354494f4e5f53454d414e544943535f56317c34323a3431343335343439346634653566346635303435353234313534343934663465356635363331376333303362333033623330336233303362333033623330336233303362333033613362333033613362333033623b313b383a346234353435353035663431346334633b303b303b303b303b;42:414354494f4e5f4f5045524154494f4e5f56317c303b303b303b303b303b303b303b303a3b303a3b303b;","PLANNED_EVALUATION;operation_identity=ACTION_OPERATION_V1|0;0;0;0;0;0;0;0:;0:;0;;semantic_identity=ACTION_SEMANTICS_V1|42:414354494f4e5f4f5045524154494f4e5f56317c303b303b303b303b303b303b303b303a3b303a3b303b;1;8:4b4545505f414c4c;0;0;0;0;",1
uwb-imu-pl/gate-d-diagnostics/v16,26,1300000000,26,26,26,1,1,26,1300000000,1,1,1,1,1,0,0,0,0,0,"KEEP_BASE_CANONICAL","RANK_SAFETY_CERTIFIED_V1","PL_COMPLETE",0,1,"EXACT_BASE",nan,nan,nan,0,0,0,94.754937999999996,1.7115819999999999,6.0999999999999999e-05,109.90635399999999,207.135132,"GENERATED_ACTION_SNAPSHOT_V1|1;137:414354494f4e5f53454d414e544943535f56317c34323a3431343335343439346634653566346635303435353234313534343934663465356635363331376333303362333033623330336233303362333033623330336233303362333033613362333033613362333033623b313b383a346234353435353035663431346334633b303b303b303b303b;42:414354494f4e5f4f5045524154494f4e5f56317c303b303b303b303b303b303b303b303a3b303a3b303b;","PLANNED_EVALUATION;operation_identity=ACTION_OPERATION_V1|0;0;0;0;0;0;0;0:;0:;0;;semantic_identity=ACTION_SEMANTICS_V1|42:414354494f4e5f4f5045524154494f4e5f56317c303b303b303b303b303b303b303b303a3b303a3b303b;1;8:4b4545505f414c4c;0;0;0;0;",1
uwb-imu-pl/gate-d-diagnostics/v16,27,1350000000,27,27,27,1,1,27,1350000000,1,1,1,1,1,0,0,0,0,0,"KEEP_BASE_CANONICAL","RANK_SAFETY_CERTIFIED_V1","PL_COMPLETE",0,1,"EXACT_BASE",nan,nan,nan,0,0,0,92.295008999999993,1.8850009999999999,7.1000000000000005e-05,110.376459,206.95462900000001,"GENERATED_ACTION_SNAPSHOT_V1|1;137:414354494f4e5f53454d414e544943535f56317c34323a3431343335343439346634653566346635303435353234313534343934663465356635363331376333303362333033623330336233303362333033623330336233303362333033613362333033613362333033623b313b383a346234353435353035663431346334633b303b303b303b303b;42:414354494f4e5f4f5045524154494f4e5f56317c303b303b303b303b303b303b303b303a3b303a3b303b;","PLANNED_EVALUATION;operation_identity=ACTION_OPERATION_V1|0;0;0;0;0;0;0;0:;0:;0;;semantic_identity=ACTION_SEMANTICS_V1|42:414354494f4e5f4f5045524154494f4e5f56317c303b303b303b303b303b303b303b303a3b303a3b303b;1;8:4b4545505f414c4c;0;0;0;0;",1
uwb-imu-pl/gate-d-diagnostics/v16,28,1400000000,28,28,28,1,1,28,1400000000,1,1,1,1,1,0,0,0,0,0,"KEEP_BASE_CANONICAL","RANK_SAFETY_CERTIFIED_V1","PL_COMPLETE",0,1,"EXACT_BASE",nan,nan,nan,0,0,0,108.694722,1.6581699999999999,0.000105,116.699487,203.17570000000001,"GENERATED_ACTION_SNAPSHOT_V1|1;137:414354494f4e5f53454d414e544943535f56317c34323a3431343335343439346634653566346635303435353234313534343934663465356635363331376333303362333033623330336233303362333033623330336233303362333033613362333033613362333033623b313b383a346234353435353035663431346334633b303b303b303b303b;42:414354494f4e5f4f5045524154494f4e5f56317c303b303b303b303b303b303b303b303a3b303a3b303b;","PLANNED_EVALUATION;operation_identity=ACTION_OPERATION_V1|0;0;0;0;0;0;0;0:;0:;0;;semantic_identity=ACTION_SEMANTICS_V1|42:414354494f4e5f4f5045524154494f4e5f56317c303b303b303b303b303b303b303b303a3b303a3b303b;1;8:4b4545505f414c4c;0;0;0;0;",1
uwb-imu-pl/gate-d-diagnostics/v16,29,1450000000,29,29,29,1,1,29,1450000000,1,1,1,1,1,0,0,0,0,0,"KEEP_BASE_CANONICAL","RANK_SAFETY_CERTIFIED_V1","PL_COMPLETE",0,1,"EXACT_BASE",nan,nan,nan,0,0,0,92.024120999999994,1.649135,7.7000000000000001e-05,116.091787,213.962459,"GENERATED_ACTION_SNAPSHOT_V1|1;137:414354494f4e5f53454d414e544943535f56317c34323a3431343335343439346634653566346635303435353234313534343934663465356635363331376333303362333033623330336233303362333033623330336233303362333033613362333033613362333033623b313b383a346234353435353035663431346334633b303b303b303b303b;42:414354494f4e5f4f5045524154494f4e5f56317c303b303b303b303b303b303b303b303a3b303a3b303b;","PLANNED_EVALUATION;operation_identity=ACTION_OPERATION_V1|0;0;0;0;0;0;0;0:;0:;0;;semantic_identity=ACTION_SEMANTICS_V1|42:414354494f4e5f4f5045524154494f4e5f56317c303b303b303b303b303b303b303b303a3b303a3b303b;1;8:4b4545505f414c4c;0;0;0;0;",1
uwb-imu-pl/gate-d-diagnostics/v16,30,1500000000,30,30,30,1,1,30,1500000000,1,1,1,1,1,0,0,0,0,0,"KEEP_BASE_CANONICAL","RANK_SAFETY_CERTIFIED_V1","PL_COMPLETE",0,1,"EXACT_BASE",nan,nan,nan,0,0,0,99.230469999999997,2.2637640000000001,0.00034099999999999999,116.593633,216.948868,"GENERATED_ACTION_SNAPSHOT_V1|1;137:414354494f4e5f53454d414e544943535f56317c34323a3431343335343439346634653566346635303435353234313534343934663465356635363331376333303362333033623330336233303362333033623330336233303362333033613362333033613362333033623b313b383a346234353435353035663431346334633b303b303b303b303b;42:414354494f4e5f4f5045524154494f4e5f56317c303b303b303b303b303b303b303b303a3b303a3b303b;","PLANNED_EVALUATION;operation_identity=ACTION_OPERATION_V1|0;0;0;0;0;0;0;0:;0:;0;;semantic_identity=ACTION_SEMANTICS_V1|42:414354494f4e5f4f5045524154494f4e5f56317c303b303b303b303b303b303b303b303a3b303a3b303b;1;8:4b4545505f414c4c;0;0;0;0;",1
uwb-imu-pl/gate-d-diagnostics/v16,31,1550000000,31,31,31,2,1,31,1550000000,1,1,1,1,1,0,0,0,0,0,"KEEP_BASE_CANONICAL","RANK_SAFETY_CERTIFIED_V1","PL_COMPLETE",0,1,"EXACT_BASE",nan,nan,nan,0,0,0,87.489377000000005,1.6923710000000001,0.00025099999999999998,121.47645900000001,204.99007800000001,"GENERATED_ACTION_SNAPSHOT_V1|1;137:414354494f4e5f53454d414e544943535f56317c34323a3431343335343439346634653566346635303435353234313534343934663465356635363331376333303362333033623330336233303362333033623330336233303362333033613362333033613362333033623b313b383a346234353435353035663431346334633b303b303b303b303b;42:414354494f4e5f4f5045524154494f4e5f56317c303b303b303b303b303b303b303b303a3b303a3b303b;","PLANNED_EVALUATION;operation_identity=ACTION_OPERATION_V1|0;0;0;0;0;0;0;0:;0:;0;;semantic_identity=ACTION_SEMANTICS_V1|42:414354494f4e5f4f5045524154494f4e5f56317c303b303b303b303b303b303b303b303a3b303a3b303b;1;8:4b4545505f414c4c;0;0;0;0;",1
uwb-imu-pl/gate-d-diagnostics/v16,32,1600000000,32,32,32,3,1,32,1600000000,1,1,1,1,1,0,0,0,0,0,"KEEP_BASE_CANONICAL","RANK_SAFETY_CERTIFIED_V1","PL_COMPLETE",0,1,"EXACT_BASE",nan,nan,nan,0,0,0,93.852339000000001,1.714467,0.00022800000000000001,119.017706,208.642076,"GENERATED_ACTION_SNAPSHOT_V1|1;137:414354494f4e5f53454d414e544943535f56317c34323a3431343335343439346634653566346635303435353234313534343934663465356635363331376333303362333033623330336233303362333033623330336233303362333033613362333033613362333033623b313b383a346234353435353035663431346334633b303b303b303b303b;42:414354494f4e5f4f5045524154494f4e5f56317c303b303b303b303b303b303b303b303a3b303a3b303b;","PLANNED_EVALUATION;operation_identity=ACTION_OPERATION_V1|0;0;0;0;0;0;0;0:;0:;0;;semantic_identity=ACTION_SEMANTICS_V1|42:414354494f4e5f4f5045524154494f4e5f56317c303b303b303b303b303b303b303b303a3b303a3b303b;1;8:4b4545505f414c4c;0;0;0;0;",1
uwb-imu-pl/gate-d-diagnostics/v16,33,1650000000,33,33,33,4,1,33,1650000000,1,1,1,1,1,0,0,0,0,0,"KEEP_BASE_CANONICAL","RANK_SAFETY_CERTIFIED_V1","PL_COMPLETE",0,1,"EXACT_BASE",nan,nan,nan,0,0,0,94.539243999999997,1.8050060000000001,0.000428,114.13482399999999,204.98275000000001,"GENERATED_ACTION_SNAPSHOT_V1|1;137:414354494f4e5f53454d414e544943535f56317c34323a3431343335343439346634653566346635303435353234313534343934663465356635363331376333303362333033623330336233303362333033623330336233303362333033613362333033613362333033623b313b383a346234353435353035663431346334633b303b303b303b303b;42:414354494f4e5f4f5045524154494f4e5f56317c303b303b303b303b303b303b303b303a3b303a3b303b;","PLANNED_EVALUATION;operation_identity=ACTION_OPERATION_V1|0;0;0;0;0;0;0;0:;0:;0;;semantic_identity=ACTION_SEMANTICS_V1|42:414354494f4e5f4f5045524154494f4e5f56317c303b303b303b303b303b303b303b303a3b303a3b303b;1;8:4b4545505f414c4c;0;0;0;0;",1
uwb-imu-pl/gate-d-diagnostics/v16,34,1700000000,34,34,34,5,1,34,1700000000,1,1,1,1,1,0,0,0,0,0,"KEEP_BASE_CANONICAL","RANK_SAFETY_CERTIFIED_V1","PL_COMPLETE",0,1,"EXACT_BASE",nan,nan,nan,0,0,0,104.145348,1.619626,9.8999999999999994e-05,115.91328,205.40396699999999,"GENERATED_ACTION_SNAPSHOT_V1|1;137:414354494f4e5f53454d414e544943535f56317c34323a3431343335343439346634653566346635303435353234313534343934663465356635363331376333303362333033623330336233303362333033623330336233303362333033613362333033613362333033623b313b383a346234353435353035663431346334633b303b303b303b303b;42:414354494f4e5f4f5045524154494f4e5f56317c303b303b303b303b303b303b303b303a3b303a3b303b;","PLANNED_EVALUATION;operation_identity=ACTION_OPERATION_V1|0;0;0;0;0;0;0;0:;0:;0;;semantic_identity=ACTION_SEMANTICS_V1|42:414354494f4e5f4f5045524154494f4e5f56317c303b303b303b303b303b303b303b303a3b303a3b303b;1;8:4b4545505f414c4c;0;0;0;0;",1
uwb-imu-pl/gate-d-diagnostics/v16,35,1750000000,35,35,35,6,1,35,1750000000,1,1,1,1,1,0,0,0,0,0,"KEEP_BASE_CANONICAL","RANK_SAFETY_CERTIFIED_V1","PL_COMPLETE",0,1,"EXACT_BASE",nan,nan,nan,0,0,0,94.336982000000006,1.6348339999999999,0.000103,113.210463,210.46458000000001,"GENERATED_ACTION_SNAPSHOT_V1|1;137:414354494f4e5f53454d414e544943535f56317c34323a3431343335343439346634653566346635303435353234313534343934663465356635363331376333303362333033623330336233303362333033623330336233303362333033613362333033613362333033623b313b383a346234353435353035663431346334633b303b303b303b303b;42:414354494f4e5f4f5045524154494f4e5f56317c303b303b303b303b303b303b303b303a3b303a3b303b;","PLANNED_EVALUATION;operation_identity=ACTION_OPERATION_V1|0;0;0;0;0;0;0;0:;0:;0;;semantic_identity=ACTION_SEMANTICS_V1|42:414354494f4e5f4f5045524154494f4e5f56317c303b303b303b303b303b303b303b303a3b303a3b303b;1;8:4b4545505f414c4c;0;0;0;0;",1
uwb-imu-pl/gate-d-diagnostics/v16,36,1800000000,36,36,36,7,1,36,1800000000,1,1,1,1,1,0,0,0,0,0,"KEEP_BASE_CANONICAL","RANK_SAFETY_CERTIFIED_V1","PL_COMPLETE",0,1,"EXACT_BASE",nan,nan,nan,0,0,0,92.412644999999998,2.0124650000000002,7.4999999999999993e-05,114.580209,207.30693400000001,"GENERATED_ACTION_SNAPSHOT_V1|1;137:414354494f4e5f53454d414e544943535f56317c34323a3431343335343439346634653566346635303435353234313534343934663465356635363331376333303362333033623330336233303362333033623330336233303362333033613362333033613362333033623b313b383a346234353435353035663431346334633b303b303b303b303b;42:414354494f4e5f4f5045524154494f4e5f56317c303b303b303b303b303b303b303b303a3b303a3b303b;","PLANNED_EVALUATION;operation_identity=ACTION_OPERATION_V1|0;0;0;0;0;0;0;0:;0:;0;;semantic_identity=ACTION_SEMANTICS_V1|42:414354494f4e5f4f5045524154494f4e5f56317c303b303b303b303b303b303b303b303a3b303a3b303b;1;8:4b4545505f414c4c;0;0;0;0;",1
uwb-imu-pl/gate-d-diagnostics/v16,37,1850000000,37,37,37,8,1,37,1850000000,1,1,1,1,1,0,0,0,0,0,"KEEP_BASE_CANONICAL","RANK_SAFETY_CERTIFIED_V1","PL_COMPLETE",0,1,"EXACT_BASE",nan,nan,nan,0,0,0,105.32378799999999,1.616503,0.00040999999999999999,115.068271,209.32473200000001,"GENERATED_ACTION_SNAPSHOT_V1|1;137:414354494f4e5f53454d414e544943535f56317c34323a3431343335343439346634653566346635303435353234313534343934663465356635363331376333303362333033623330336233303362333033623330336233303362333033613362333033613362333033623b313b383a346234353435353035663431346334633b303b303b303b303b;42:414354494f4e5f4f5045524154494f4e5f56317c303b303b303b303b303b303b303b303a3b303a3b303b;","PLANNED_EVALUATION;operation_identity=ACTION_OPERATION_V1|0;0;0;0;0;0;0;0:;0:;0;;semantic_identity=ACTION_SEMANTICS_V1|42:414354494f4e5f4f5045524154494f4e5f56317c303b303b303b303b303b303b303b303a3b303a3b303b;1;8:4b4545505f414c4c;0;0;0;0;",1
uwb-imu-pl/gate-d-diagnostics/v16,38,1900000000,38,38,38,9,1,38,1900000000,1,1,1,1,1,0,0,0,0,0,"KEEP_BASE_CANONICAL","RANK_SAFETY_CERTIFIED_V1","PL_COMPLETE",0,1,"EXACT_BASE",nan,nan,nan,0,0,0,96.470072999999999,2.2763260000000001,0.000155,115.895534,206.879288,"GENERATED_ACTION_SNAPSHOT_V1|1;137:414354494f4e5f53454d414e544943535f56317c34323a3431343335343439346634653566346635303435353234313534343934663465356635363331376333303362333033623330336233303362333033623330336233303362333033613362333033613362333033623b313b383a346234353435353035663431346334633b303b303b303b303b;42:414354494f4e5f4f5045524154494f4e5f56317c303b303b303b303b303b303b303b303a3b303a3b303b;","PLANNED_EVALUATION;operation_identity=ACTION_OPERATION_V1|0;0;0;0;0;0;0;0:;0:;0;;semantic_identity=ACTION_SEMANTICS_V1|42:414354494f4e5f4f5045524154494f4e5f56317c303b303b303b303b303b303b303b303a3b303a3b303b;1;8:4b4545505f414c4c;0;0;0;0;",1
uwb-imu-pl/gate-d-diagnostics/v16,39,1950000000,39,39,39,10,1,39,1950000000,1,1,1,1,1,0,0,0,0,0,"KEEP_BASE_CANONICAL","RANK_SAFETY_CERTIFIED_V1","PL_COMPLETE",0,1,"EXACT_BASE",nan,nan,nan,0,0,0,93.976134999999999,1.6138459999999999,0.00044499999999999997,111.27537100000001,207.47508400000001,"GENERATED_ACTION_SNAPSHOT_V1|1;137:414354494f4e5f53454d414e544943535f56317c34323a3431343335343439346634653566346635303435353234313534343934663465356635363331376333303362333033623330336233303362333033623330336233303362333033613362333033613362333033623b313b383a346234353435353035663431346334633b303b303b303b303b;42:414354494f4e5f4f5045524154494f4e5f56317c303b303b303b303b303b303b303b303a3b303a3b303b;","PLANNED_EVALUATION;operation_identity=ACTION_OPERATION_V1|0;0;0;0;0;0;0;0:;0:;0;;semantic_identity=ACTION_SEMANTICS_V1|42:414354494f4e5f4f5045524154494f4e5f56317c303b303b303b303b303b303b303b303a3b303a3b303b;1;8:4b4545505f414c4c;0;0;0;0;",1
uwb-imu-pl/gate-d-diagnostics/v16,40,2000000000,40,40,40,11,1,40,2000000000,1,1,1,1,1,0,0,0,0,0,"KEEP_BASE_CANONICAL","RANK_SAFETY_CERTIFIED_V1","PL_COMPLETE",0,1,"EXACT_BASE",nan,nan,nan,0,0,0,92.468231000000003,2.2852570000000001,0.00021699999999999999,110.756201,212.89737400000001,"GENERATED_ACTION_SNAPSHOT_V1|1;137:414354494f4e5f53454d414e544943535f56317c34323a3431343335343439346634653566346635303435353234313534343934663465356635363331376333303362333033623330336233303362333033623330336233303362333033613362333033613362333033623b313b383a346234353435353035663431346334633b303b303b303b303b;42:414354494f4e5f4f5045524154494f4e5f56317c303b303b303b303b303b303b303b303a3b303a3b303b;","PLANNED_EVALUATION;operation_identity=ACTION_OPERATION_V1|0;0;0;0;0;0;0;0:;0:;0;;semantic_identity=ACTION_SEMANTICS_V1|42:414354494f4e5f4f5045524154494f4e5f56317c303b303b303b303b303b303b303b303a3b303a3b303b;1;8:4b4545505f414c4c;0;0;0;0;",1
uwb-imu-pl/gate-d-diagnostics/v16,41,2050000000,41,41,41,12,1,41,2050000000,1,1,1,1,1,0,0,0,0,0,"KEEP_BASE_CANONICAL","RANK_SAFETY_CERTIFIED_V1","PL_COMPLETE",0,1,"EXACT_BASE",nan,nan,nan,0,0,0,92.203582999999995,1.727741,0.00017799999999999999,112.529697,204.95093600000001,"GENERATED_ACTION_SNAPSHOT_V1|1;137:414354494f4e5f53454d414e544943535f56317c34323a3431343335343439346634653566346635303435353234313534343934663465356635363331376333303362333033623330336233303362333033623330336233303362333033613362333033613362333033623b313b383a346234353435353035663431346334633b303b303b303b303b;42:414354494f4e5f4f5045524154494f4e5f56317c303b303b303b303b303b303b303b303a3b303a3b303b;","PLANNED_EVALUATION;operation_identity=ACTION_OPERATION_V1|0;0;0;0;0;0;0;0:;0:;0;;semantic_identity=ACTION_SEMANTICS_V1|42:414354494f4e5f4f5045524154494f4e5f56317c303b303b303b303b303b303b303b303a3b303a3b303b;1;8:4b4545505f414c4c;0;0;0;0;",1
uwb-imu-pl/gate-d-diagnostics/v16,42,2100000000,42,42,42,13,1,42,2100000000,1,1,1,1,1,0,0,0,0,0,"KEEP_BASE_CANONICAL","RANK_SAFETY_CERTIFIED_V1","PL_COMPLETE",0,1,"EXACT_BASE",nan,nan,nan,0,0,0,104.669658,1.814891,0.00020599999999999999,115.39714499999999,212.29720900000001,"GENERATED_ACTION_SNAPSHOT_V1|1;137:414354494f4e5f53454d414e544943535f56317c34323a3431343335343439346634653566346635303435353234313534343934663465356635363331376333303362333033623330336233303362333033623330336233303362333033613362333033613362333033623b313b383a346234353435353035663431346334633b303b303b303b303b;42:414354494f4e5f4f5045524154494f4e5f56317c303b303b303b303b303b303b303b303a3b303a3b303b;","PLANNED_EVALUATION;operation_identity=ACTION_OPERATION_V1|0;0;0;0;0;0;0;0:;0:;0;;semantic_identity=ACTION_SEMANTICS_V1|42:414354494f4e5f4f5045524154494f4e5f56317c303b303b303b303b303b303b303b303a3b303a3b303b;1;8:4b4545505f414c4c;0;0;0;0;",1
uwb-imu-pl/gate-d-diagnostics/v16,43,2150000000,43,43,43,14,1,43,2150000000,1,1,1,1,1,0,0,0,0,0,"KEEP_BASE_CANONICAL","RANK_SAFETY_CERTIFIED_V1","PL_COMPLETE",0,1,"EXACT_BASE",nan,nan,nan,0,0,0,90.241382999999999,1.627713,9.3999999999999994e-05,112.892802,209.788847,"GENERATED_ACTION_SNAPSHOT_V1|1;137:414354494f4e5f53454d414e544943535f56317c34323a3431343335343439346634653566346635303435353234313534343934663465356635363331376333303362333033623330336233303362333033623330336233303362333033613362333033613362333033623b313b383a346234353435353035663431346334633b303b303b303b303b;42:414354494f4e5f4f5045524154494f4e5f56317c303b303b303b303b303b303b303b303a3b303a3b303b;","PLANNED_EVALUATION;operation_identity=ACTION_OPERATION_V1|0;0;0;0;0;0;0;0:;0:;0;;semantic_identity=ACTION_SEMANTICS_V1|42:414354494f4e5f4f5045524154494f4e5f56317c303b303b303b303b303b303b303b303a3b303a3b303b;1;8:4b4545505f414c4c;0;0;0;0;",1
uwb-imu-pl/gate-d-diagnostics/v16,44,2200000000,44,44,44,15,1,44,2200000000,1,1,1,1,1,0,0,0,0,0,"KEEP_BASE_CANONICAL","RANK_SAFETY_CERTIFIED_V1","PL_COMPLETE",0,1,"EXACT_BASE",nan,nan,nan,0,0,0,94.193715999999995,1.662668,0.00019900000000000001,114.10397399999999,209.12467899999999,"GENERATED_ACTION_SNAPSHOT_V1|1;137:414354494f4e5f53454d414e544943535f56317c34323a3431343335343439346634653566346635303435353234313534343934663465356635363331376333303362333033623330336233303362333033623330336233303362333033613362333033613362333033623b313b383a346234353435353035663431346334633b303b303b303b303b;42:414354494f4e5f4f5045524154494f4e5f56317c303b303b303b303b303b303b303b303a3b303a3b303b;","PLANNED_EVALUATION;operation_identity=ACTION_OPERATION_V1|0;0;0;0;0;0;0;0:;0:;0;;semantic_identity=ACTION_SEMANTICS_V1|42:414354494f4e5f4f5045524154494f4e5f56317c303b303b303b303b303b303b303b303a3b303a3b303b;1;8:4b4545505f414c4c;0;0;0;0;",1
uwb-imu-pl/gate-d-diagnostics/v16,45,2250000000,45,45,45,16,1,45,2250000000,1,1,1,1,1,0,0,0,0,0,"KEEP_BASE_CANONICAL","RANK_SAFETY_CERTIFIED_V1","PL_COMPLETE",0,1,"EXACT_BASE",nan,nan,nan,0,0,0,100.058263,1.6733260000000001,0.00027,110.79521800000001,205.585331,"GENERATED_ACTION_SNAPSHOT_V1|1;137:414354494f4e5f53454d414e544943535f56317c34323a3431343335343439346634653566346635303435353234313534343934663465356635363331376333303362333033623330336233303362333033623330336233303362333033613362333033613362333033623b313b383a346234353435353035663431346334633b303b303b303b303b;42:414354494f4e5f4f5045524154494f4e5f56317c303b303b303b303b303b303b303b303a3b303a3b303b;","PLANNED_EVALUATION;operation_identity=ACTION_OPERATION_V1|0;0;0;0;0;0;0;0:;0:;0;;semantic_identity=ACTION_SEMANTICS_V1|42:414354494f4e5f4f5045524154494f4e5f56317c303b303b303b303b303b303b303b303a3b303a3b303b;1;8:4b4545505f414c4c;0;0;0;0;",1
