timestamp_ns,px,py,pz,qw,qx,qy,qz
50000000,0.0249993489634196,0.0277484171208373,1.20474992855241,0.999992,0.00092736536508041,0.000678542874634842,0.00383682658303567
100000000,0.0499947918294247,0.0554873376167712,1.20949942842698,0.999968,0.00184928506506611,0.00136406603346641,0.00767212407166739
150000000,0.0749824231109205,0.0832072681130257,1.21424807098459,0.999928,0.00276549656692504,0.00205640801243374,0.0115056200266964
200000000,0.0999583385413567,0.110898721733967,1.21899542766347,0.999872,0.00367574016751457,0.0027554030410942,0.0153370433389735
250000000,0.12491863568476,0.138552221349892,1.22374107001789,0.9998,0.00457975909649506,0.00346088110599055,0.0191661243049921
300000000,0.149859414545485,0.16615830282049,1.22848456975686,0.999712,0.00547729961754775,0.00417266801668764,0.0229925947010975
350000000,0.174776778177574,0.193707518233841,1.23322549878274,0.999608,0.0063681111278285,0.00489058547442964,0.0268161878562554
400000000,0.199666833293656,0.221190439139884,1.2379634292299,0.999489,0.00725194625559034,0.00561445114336676,0.0306366387233251
450000000,0.224525690873257,0.248597659777204,1.24269793350335,0.999353,0.00812856095590923,0.00634407872429822,0.0344536839487838
500000000,0.249349466770455,0.275919800292062,1.24742858431728,0.999202,0.00899771460444961,0.00707927803087631,0.0382670619408509
550000000,0.274134282320771,0.303147509948563,1.25215495473367,0.999035,0.00985917008920772,0.00781985506821448,0.0420765129359637
600000000,0.298876264947198,0.33027147032885,1.25687661820079,0.998853,0.0107126939001727,0.00856561211384053,0.0458817790635563
650000000,0.32357154876529,0.357282398522245,1.26159314859172,0.998655,0.0115580562168478,0.00931634780093415,0.0496826044090976
700000000,0.348216275187192,0.38417105030223,1.2663041202428,0.998441,0.0123950309935745,0.0100718572037864,0.0534787350753443
750000000,0.37280659352454,0.410928223290199,1.27100910799204,0.998212,0.0132233960426075,0.0108319319254174,0.0572699192417697
800000000,0.397338661590122,0.437544760104876,1.27570768721747,0.997968,0.0140429331148866,0.0115963601872856,0.0610559072221283
850000000,0.421808646298215,0.464011551496344,1.28039943387552,0.997709,0.0148534279784569,0.0123649269210238,0.0648364515201203
900000000,0.446212724263491,0.490319539463596,1.28508392453924,0.997434,0.01565467049449,0.0131374138621306,0.0686113068831235
950000000,0.470547082398418,0.516459720354546,1.28976073643651,0.997144,0.0164464546908594,0.0139135996455499,0.0723802303539584
1000000000,0.494807918509046,0.542423147947443,1.29442944748825,0.99684,0.0172285788332295,0.0146932599030668,0.0761429813206602
1050000000,0.518991441889091,0.568200936512625,1.29908963634645,0.99652,0.0180008454936148,0.015476167362447,0.0798993215642291
1100000000,0.543093873912226,0.593784263853576,1.30374088243222,0.996186,0.0187630616163738,0.0162620919482485,0.083649015304335
1150000000,0.567111448622484,0.619164374326238,1.30838276597377,0.995837,0.0195150385815989,0.017050800884229,0.0873918292429552
1200000000,0.591040413322679,0.644332581835538,1.31301486804425,0.995473,0.020256592265871,0.0178420587972765,0.0911275326059265
1250000000,0.614877029160762,0.669280272808129,1.3176367705996,0.995095,0.0209875431003471,0.0186356278227861,0.0948558971823924
1300000000,0.638617571714002,0.693998909140292,1.32224805651626,0.994703,0.0217077161261515,0.0194312677114067,0.0985766973621343
1350000000,0.662258331570926,0.718480031120025,1.32684830962878,0.994296,0.0224169410470459,0.0202287359370805,0.102289710170773
1400000000,0.685795614910903,0.742715260322294,1.33143711476747,0.993876,0.0231150522793536,0.0210277878062989,0.10599471530283
1450000000,0.709225744081297,0.766696302476468,1.33601405779575,0.993441,0.023801888999118,0.0218281765684947,0.109691495152648
1500000000,0.732545058172095,0.790414950304952,1.34057872564765,0.992992,0.0244772951864751,0.0226296535274946,0.113379834843159
1550000000,0.755749913587913,0.813863086332049,1.34513070636497,0.99253,0.0251411196672263,0.0234319681539519,0.1170595222525
1600000000,0.778836684617301,0.837032685662083,1.34966958913455,0.992054,0.0257932161515954,0.0242348681986805,0.12073034803848
1650000000,0.801801763999257,0.859915818725846,1.35419496432529,0.991565,0.0264334432701613,0.0250380998068136,0.124392105660908
1700000000,0.82464156348685,0.882504653994411,1.35870642352517,0.991062,0.0270616646069561,0.0258414076327046,0.128044591401763
1750000000,0.847352514407876,0.904791460659402,1.36320355957805,0.990547,0.0276777487297235,0.026644534955495,0.131687604383249
1800000000,0.86993106822246,0.926768611278783,1.36768596662045,0.990018,0.0282815692173339,0.0274472237952685,0.135320946583718
1850000000,0.892373697077505,0.948428584387274,1.37215324011818,0.989476,0.0288730046843551,0.0282492150297137,0.138944422851488
1900000000,0.914676894357911,0.969763967070507,1.37660497690284,0.988922,0.0294519388027803,0.0290502485112171,0.142557840916565
1950000000,0.936837175234479,0.990767457502015,1.38104077520821,0.988355,0.030018260320917,0.0298500631843091,0.146161011400291
2000000000,0.958851077208406,1.01143186744222,1.38546023470649,0.987775,0.030571863079443,0.0306483972033856,0.14975374782294
2050000000,0.980715160652297,1.03175012469852,1.38986295654448,0.987184,0.0311126460246391,0.0314449880506283,0.153335866609274
2100000000,1.0024260093476,1.05171527554571,1.3942485433795,0.98658,0.0316405132188082,0.0322395726540486,0.156907187092095
2150000000,1.02398023101836,1.07132048710578,1.39861659941533,0.985964,0.032155373847895,0.0330318875055781,0.160467531513812
2200000000,1.04537445786132,1.09055904968645,1.40296673043788,0.985337,0.0326571422263223,0.0338216687791336,0.164016725026061
2250000000,1.06660534707204,1.10942437907748,1.40729854385077,0.984697,0.0331457377990607,0.0346086524485798,0.167554595687391
