schema_version,input_attempt_id,input_timestamp_ns,transaction_id,window_id,graph_version,ordering_version,noise_model_version,linpoint_version,output_timestamp_ns,present,valid,capacity_ok,state,version_digest,scope_digest,fault_columns,boundary_rows,emitted_rows,boundary_columns,rank_boundary,nu_perp,kappa_b,constant_offset,omega_trace,xi_norm,information_form_factors,injected_epochs,horizon_first_epoch,window_first_epoch,omitted_epoch_count,material_gap_epoch_count,claims_full_coverage,assumptions,omitted_risk_source,reason
uwb-imu-pl/gate-d-diagnostics/v16,1,50000000,1,1,1,1,1,1,50000000,1,1,1,"HISTORY_SUMMARY_VALID",1616120987084239359,"fbbf232a0a941ee9",0,15,15,15,15,0,0,0,0,0,0,0,1,0,1,0,0,"history_fault_coverage=[1,0) source=derived:tx.oldest_recoverable_epoch+1; omitted_epochs=1 material_gap_epochs=0; no detection or protection claim is made outside the covered range","history_fault_omitted:[0,1) count=1",""
uwb-imu-pl/gate-d-diagnostics/v16,2,100000000,2,2,2,1,1,2,100000000,1,1,1,"HISTORY_SUMMARY_VALID",17618683870490891971,"fbbf232a0a941ee9",0,15,15,15,15,0,0,0,0,0,0,0,1,0,1,0,0,"history_fault_coverage=[1,0) source=derived:tx.oldest_recoverable_epoch+1; omitted_epochs=1 material_gap_epochs=0; no detection or protection claim is made outside the covered range","history_fault_omitted:[0,1) count=1",""
uwb-imu-pl/gate-d-diagnostics/v16,3,150000000,3,3,3,1,1,3,150000000,1,1,1,"HISTORY_SUMMARY_VALID",5863529157445111256,"fbbf232a0a941ee9",0,15,15,15,15,0,0,0,0,0,0,0,1,0,1,0,0,"history_fault_coverage=[1,0) source=derived:tx.oldest_recoverable_epoch+1; omitted_epochs=1 material_gap_epochs=0; no detection or protection claim is made outside the covered range","history_fault_omitted:[0,1) count=1",""
uwb-imu-pl/gate-d-diagnostics/v16,4,200000000,4,4,4,1,1,4,200000000,1,1,1,"HISTORY_SUMMARY_VALID",12286352885785231301,"fbbf232a0a941ee9",0,15,15,15,15,0,0,0,0,0,0,0,1,0,1,0,0,"history_fault_coverage=[1,0) source=derived:tx.oldest_recoverable_epoch+1; omitted_epochs=1 material_gap_epochs=0; no detection or protection claim is made outside the covered range","history_fault_omitted:[0,1) count=1",""
uwb-imu-pl/gate-d-diagnostics/v16,5,250000000,5,5,5,1,1,5,250000000,1,1,1,"HISTORY_SUMMARY_VALID",13562259329916814375,"fbbf232a0a941ee9",0,15,15,15,15,0,0,0,0,0,0,0,1,0,1,0,0,"history_fault_coverage=[1,0) source=derived:tx.oldest_recoverable_epoch+1; omitted_epochs=1 material_gap_epochs=0; no detection or protection claim is made outside the covered range","history_fault_omitted:[0,1) count=1",""
uwb-imu-pl/gate-d-diagnostics/v16,6,300000000,6,6,6,1,1,6,300000000,1,1,1,"HISTORY_SUMMARY_VALID",10483438098872264371,"fbbf232a0a941ee9",0,15,15,15,15,0,0,0,0,0,0,0,1,0,1,0,0,"history_fault_coverage=[1,0) source=derived:tx.oldest_recoverable_epoch+1; omitted_epochs=1 material_gap_epochs=0; no detection or protection claim is made outside the covered range","history_fault_omitted:[0,1) count=1",""
uwb-imu-pl/gate-d-diagnostics/v16,7,350000000,7,7,7,1,1,7,350000000,1,1,1,"HISTORY_SUMMARY_VALID",16268342725013596589,"fbbf232a0a941ee9",0,15,15,15,15,0,0,0,0,0,0,0,1,0,1,0,0,"history_fault_coverage=[1,0) source=derived:tx.oldest_recoverable_epoch+1; omitted_epochs=1 material_gap_epochs=0; no detection or protection claim is made outside the covered range","history_fault_omitted:[0,1) count=1",""
uwb-imu-pl/gate-d-diagnostics/v16,8,400000000,8,8,8,1,1,8,400000000,1,1,1,"HISTORY_SUMMARY_VALID",3467257643830880530,"fbbf232a0a941ee9",0,15,15,15,15,0,0,0,0,0,0,0,1,0,1,0,0,"history_fault_coverage=[1,0) source=derived:tx.oldest_recoverable_epoch+1; omitted_epochs=1 material_gap_epochs=0; no detection or protection claim is made outside the covered range","history_fault_omitted:[0,1) count=1",""
uwb-imu-pl/gate-d-diagnostics/v16,9,450000000,9,9,9,1,1,9,450000000,1,1,1,"HISTORY_SUMMARY_VALID",14565998366999211329,"fbbf232a0a941ee9",0,15,15,15,15,0,0,0,0,0,0,0,1,0,1,0,0,"history_fault_coverage=[1,0) source=derived:tx.oldest_recoverable_epoch+1; omitted_epochs=1 material_gap_epochs=0; no detection or protection claim is made outside the covered range","history_fault_omitted:[0,1) count=1",""
uwb-imu-pl/gate-d-diagnostics/v16,10,500000000,10,10,10,1,1,10,500000000,1,1,1,"HISTORY_SUMMARY_VALID",12912650112229422956,"fbbf232a0a941ee9",0,15,15,15,15,0,0,0,0,0,0,0,1,0,1,0,0,"history_fault_coverage=[1,0) source=derived:tx.oldest_recoverable_epoch+1; omitted_epochs=1 material_gap_epochs=0; no detection or protection claim is made outside the covered range","history_fault_omitted:[0,1) count=1",""
uwb-imu-pl/gate-d-diagnostics/v16,11,550000000,11,11,11,1,1,11,550000000,1,1,1,"HISTORY_SUMMARY_VALID",11030644271114119338,"fbbf232a0a941ee9",0,30,15,15,15,0,0,0,0,0,0,0,1,1,1,0,0,"history_fault_coverage=[1,1) source=derived:tx.oldest_recoverable_epoch+1; omitted_epochs=1 material_gap_epochs=0; no detection or protection claim is made outside the covered range","history_fault_omitted:[0,1) count=1",""
uwb-imu-pl/gate-d-diagnostics/v16,12,600000000,12,12,12,1,1,12,600000000,1,1,1,"HISTORY_SUMMARY_VALID",1668204601344561976,"fbbf232a0a941ee9",22,53,23,15,15,8,0.022220605191520221,0,507.7698512109024,1.4642475546956255,0,1,1,2,1,0,0,"history_fault_coverage=[1,2) source=derived:tx.oldest_recoverable_epoch+1; omitted_epochs=1 material_gap_epochs=0; no detection or protection claim is made outside the covered range","history_fault_omitted:[0,1) count=1",""
uwb-imu-pl/gate-d-diagnostics/v16,13,650000000,13,13,13,1,1,13,650000000,1,1,1,"HISTORY_SUMMARY_VALID",7750193792930614952,"fbbf232a0a941ee9",44,76,31,15,15,16,0.050890381078328509,0,1228.4888164461486,2.1659666924958731,0,2,1,3,1,0,0,"history_fault_coverage=[1,3) source=derived:tx.oldest_recoverable_epoch+1; omitted_epochs=1 material_gap_epochs=0; no detection or protection claim is made outside the covered range","history_fault_omitted:[0,1) count=1",""
uwb-imu-pl/gate-d-diagnostics/v16,14,700000000,14,14,14,1,1,14,700000000,1,1,1,"HISTORY_SUMMARY_VALID",10493874188089982455,"fbbf232a0a941ee9",66,99,39,15,15,24,0.062733257269780462,0,1921.794306845487,2.4286354341558356,0,3,1,4,1,0,0,"history_fault_coverage=[1,4) source=derived:tx.oldest_recoverable_epoch+1; omitted_epochs=1 material_gap_epochs=0; no detection or protection claim is made outside the covered range","history_fault_omitted:[0,1) count=1",""
uwb-imu-pl/gate-d-diagnostics/v16,15,750000000,15,15,15,1,1,15,750000000,1,1,1,"HISTORY_SUMMARY_VALID",7179758202508784779,"fbbf232a0a941ee9",88,122,47,15,15,32,0.079766056162715593,0,2613.0930024023874,2.7170445051894787,0,4,1,5,1,0,0,"history_fault_coverage=[1,5) source=derived:tx.oldest_recoverable_epoch+1; omitted_epochs=1 material_gap_epochs=0; no detection or protection claim is made outside the covered range","history_fault_omitted:[0,1) count=1",""
uwb-imu-pl/gate-d-diagnostics/v16,16,800000000,16,16,16,1,1,16,800000000,1,1,1,"HISTORY_SUMMARY_VALID",15357755226667432704,"fbbf232a0a941ee9",110,145,55,15,15,40,0.093720078004000673,0,3311.2053029258877,2.9357623965249462,0,5,1,6,1,0,0,"history_fault_coverage=[1,6) source=derived:tx.oldest_recoverable_epoch+1; omitted_epochs=1 material_gap_epochs=0; no detection or protection claim is made outside the covered range","history_fault_omitted:[0,1) count=1",""
uwb-imu-pl/gate-d-diagnostics/v16,17,850000000,17,17,17,1,1,17,850000000,1,1,1,"HISTORY_SUMMARY_VALID",2923661273206682671,"fbbf232a0a941ee9",132,168,63,15,15,48,0.10108384238961063,0,4013.0629385202947,3.0816538587004061,0,6,1,7,1,0,0,"history_fault_coverage=[1,7) source=derived:tx.oldest_recoverable_epoch+1; omitted_epochs=1 material_gap_epochs=0; no detection or protection claim is made outside the covered range","history_fault_omitted:[0,1) count=1",""
uwb-imu-pl/gate-d-diagnostics/v16,18,900000000,18,18,18,1,1,18,900000000,1,1,1,"HISTORY_SUMMARY_VALID",7230935819099039268,"fbbf232a0a941ee9",154,191,71,15,15,56,0.10686684617704427,0,4715.8220498381716,3.1642533074657857,0,7,1,8,1,0,0,"history_fault_coverage=[1,8) source=derived:tx.oldest_recoverable_epoch+1; omitted_epochs=1 material_gap_epochs=0; no detection or protection claim is made outside the covered range","history_fault_omitted:[0,1) count=1",""
uwb-imu-pl/gate-d-diagnostics/v16,19,950000000,19,19,19,1,1,19,950000000,1,1,1,"HISTORY_SUMMARY_VALID",16885878319772370663,"fbbf232a0a941ee9",176,214,79,15,15,64,0.11826168063338247,0,5418.1690979835339,3.3430585315991843,0,8,1,9,1,0,0,"history_fault_coverage=[1,9) source=derived:tx.oldest_recoverable_epoch+1; omitted_epochs=1 material_gap_epochs=0; no detection or protection claim is made outside the covered range","history_fault_omitted:[0,1) count=1",""
uwb-imu-pl/gate-d-diagnostics/v16,20,1000000000,20,20,20,1,1,20,1000000000,1,1,1,"HISTORY_SUMMARY_VALID",14743753363409897357,"fbbf232a0a941ee9",198,237,87,15,15,72,0.13791940632939895,0,6120.8550303275415,3.5836359040538515,0,9,1,10,1,0,0,"history_fault_coverage=[1,10) source=derived:tx.oldest_recoverable_epoch+1; omitted_epochs=1 material_gap_epochs=0; no detection or protection claim is made outside the covered range","history_fault_omitted:[0,1) count=1",""
uwb-imu-pl/gate-d-diagnostics/v16,21,1050000000,21,21,21,1,1,21,1050000000,1,1,1,"HISTORY_SUMMARY_VALID",451259521702538451,"fbbf232a0a941ee9",220,260,95,15,15,80,0.14910126109350716,0,6824.209296969284,3.7367242750137422,0,10,1,11,1,0,0,"history_fault_coverage=[1,11) source=derived:tx.oldest_recoverable_epoch+1; omitted_epochs=1 material_gap_epochs=0; no detection or protection claim is made outside the covered range","history_fault_omitted:[0,1) count=1",""
uwb-imu-pl/gate-d-diagnostics/v16,22,1100000000,22,22,22,1,1,22,1100000000,1,1,1,"HISTORY_SUMMARY_VALID",16726875772226872306,"fbbf232a0a941ee9",220,283,96,15,15,81,0.15486213663840895,0,6885.1733441688566,3.3909655887509138,0,10,2,12,2,0,0,"history_fault_coverage=[2,12) source=derived:tx.oldest_recoverable_epoch+1; omitted_epochs=2 material_gap_epochs=0; no detection or protection claim is made outside the covered range","history_fault_omitted:[0,2) count=2",""
uwb-imu-pl/gate-d-diagnostics/v16,23,1150000000,23,23,23,1,1,23,1150000000,1,1,1,"HISTORY_SUMMARY_VALID",8175098158820548497,"fbbf232a0a941ee9",220,306,96,15,15,81,0.17358060034964748,0,6902.4265204705716,3.4053930624668372,0,10,3,13,3,0,0,"history_fault_coverage=[3,13) source=derived:tx.oldest_recoverable_epoch+1; omitted_epochs=3 material_gap_epochs=0; no detection or protection claim is made outside the covered range","history_fault_omitted:[0,3) count=3",""
uwb-imu-pl/gate-d-diagnostics/v16,24,1200000000,24,24,24,1,1,24,1200000000,1,1,1,"HISTORY_SUMMARY_VALID",7931716420409951521,"fbbf232a0a941ee9",220,329,96,15,15,81,0.19765094489981247,0,6906.7868009640533,3.5619680353667436,0,10,4,14,4,0,0,"history_fault_coverage=[4,14) source=derived:tx.oldest_recoverable_epoch+1; omitted_epochs=4 material_gap_epochs=0; no detection or protection claim is made outside the covered range","history_fault_omitted:[0,4) count=4",""
uwb-imu-pl/gate-d-diagnostics/v16,25,1250000000,25,25,25,1,1,25,1250000000,1,1,1,"HISTORY_SUMMARY_VALID",8576982657082501029,"fbbf232a0a941ee9",220,352,96,15,15,81,0.22274410871576014,0,6908.2026510314608,3.6755392712185024,0,10,5,15,5,0,0,"history_fault_coverage=[5,15) source=derived:tx.oldest_recoverable_epoch+1; omitted_epochs=5 material_gap_epochs=0; no detection or protection claim is made outside the covered range","history_fault_omitted:[0,5) count=5",""
uwb-imu-pl/gate-d-diagnostics/v16,26,1300000000,26,26,26,1,1,26,1300000000,1,1,1,"HISTORY_SUMMARY_VALID",9507093284648901258,"fbbf232a0a941ee9",220,375,96,15,15,81,0.25309391549617172,0,6909.1461115880593,3.8669491522422184,0,10,6,16,6,0,0,"history_fault_coverage=[6,16) source=derived:tx.oldest_recoverable_epoch+1; omitted_epochs=6 material_gap_epochs=0; no detection or protection claim is made outside the covered range","history_fault_omitted:[0,6) count=6",""
uwb-imu-pl/gate-d-diagnostics/v16,27,1350000000,27,27,27,1,1,27,1350000000,1,1,1,"HISTORY_SUMMARY_VALID",16777910421501621315,"fbbf232a0a941ee9",220,398,96,15,15,81,0.27487715386646655,0,6909.8789292244346,4.0852254222050117,0,10,7,17,7,0,0,"history_fault_coverage=[7,17) source=derived:tx.oldest_recoverable_epoch+1; omitted_epochs=7 material_gap_epochs=0; no detection or protection claim is made outside the covered range","history_fault_omitted:[0,7) count=7",""
uwb-imu-pl/gate-d-diagnostics/v16,28,1400000000,28,28,28,1,1,28,1400000000,1,1,1,"HISTORY_SUMMARY_VALID",14823077443860963275,"fbbf232a0a941ee9",220,421,96,15,15,81,0.29627357373859525,0,6910.2825409877678,4.2686757873807171,0,10,8,18,8,0,0,"history_fault_coverage=[8,18) source=derived:tx.oldest_recoverable_epoch+1; omitted_epochs=8 material_gap_epochs=0; no detection or protection claim is made outside the covered range","history_fault_omitted:[0,8) count=8",""
uwb-imu-pl/gate-d-diagnostics/v16,29,1450000000,29,29,29,1,1,29,1450000000,1,1,1,"HISTORY_SUMMARY_VALID",6115801752477813902,"fbbf232a0a941ee9",220,444,96,15,15,81,0.3133084736308851,0,6911.057885338827,4.3043248918087098,0,10,9,19,9,0,0,"history_fault_coverage=[9,19) source=derived:tx.oldest_recoverable_epoch+1; omitted_epochs=9 material_gap_epochs=0; no detection or protection claim is made outside the covered range","history_fault_omitted:[0,9) count=9",""
uwb-imu-pl/gate-d-diagnostics/v16,30,1500000000,30,30,30,1,1,30,1500000000,1,1,1,"HISTORY_SUMMARY_VALID",44517169930282505,"fbbf232a0a941ee9",220,467,96,15,15,81,0.33750432851938833,0,6911.4291217868313,4.399053546321146,0,10,10,20,10,0,0,"history_fault_coverage=[10,20) source=derived:tx.oldest_recoverable_epoch+1; omitted_epochs=10 material_gap_epochs=0; no detection or protection claim is made outside the covered range","history_fault_omitted:[0,10) count=10",""
uwb-imu-pl/gate-d-diagnostics/v16,31,1550000000,31,31,31,2,1,31,1550000000,1,1,1,"HISTORY_SUMMARY_VALID",9952197080313974771,"fbbf232a0a941ee9",220,475,96,15,15,81,0.35608778902064697,-4.3368086899420177e-19,6911.4744027904962,4.5118745100961437,1,10,11,21,11,0,0,"history_fault_coverage=[11,21) source=derived:tx.oldest_recoverable_epoch+1; omitted_epochs=11 material_gap_epochs=0; no detection or protection claim is made outside the covered range","history_fault_omitted:[0,11) count=11",""
uwb-imu-pl/gate-d-diagnostics/v16,32,1600000000,32,32,32,3,1,32,1600000000,1,1,1,"HISTORY_SUMMARY_VALID",11173593214915828214,"fbbf232a0a941ee9",220,475,96,15,15,81,0.33999873149569898,0.022197153337153667,6911.6187496608991,4.6495712548588237,1,10,12,22,12,0,0,"history_fault_coverage=[12,22) source=derived:tx.oldest_recoverable_epoch+1; omitted_epochs=12 material_gap_epochs=0; no detection or protection claim is made outside the covered range","history_fault_omitted:[0,12) count=12",""
uwb-imu-pl/gate-d-diagnostics/v16,33,1650000000,33,33,33,4,1,33,1650000000,1,1,1,"HISTORY_SUMMARY_VALID",7591966664489312411,"fbbf232a0a941ee9",220,475,96,15,15,81,0.3349292470831744,0.050878578000662332,6911.7905428757476,4.5014982154290282,1,10,13,23,13,0,0,"history_fault_coverage=[13,23) source=derived:tx.oldest_recoverable_epoch+1; omitted_epochs=13 material_gap_epochs=0; no detection or protection claim is made outside the covered range","history_fault_omitted:[0,13) count=13",""
uwb-imu-pl/gate-d-diagnostics/v16,34,1700000000,34,34,34,5,1,34,1700000000,1,1,1,"HISTORY_SUMMARY_VALID",16644773512291851137,"fbbf232a0a941ee9",220,475,96,15,15,81,0.33713024118867047,0.062812190029614495,6910.9929521931626,4.4281928346568291,1,10,14,24,14,0,0,"history_fault_coverage=[14,24) source=derived:tx.oldest_recoverable_epoch+1; omitted_epochs=14 material_gap_epochs=0; no detection or protection claim is made outside the covered range","history_fault_omitted:[0,14) count=14",""
uwb-imu-pl/gate-d-diagnostics/v16,35,1750000000,35,35,35,6,1,35,1750000000,1,1,1,"HISTORY_SUMMARY_VALID",3533785260542797043,"fbbf232a0a941ee9",220,475,96,15,15,81,0.34449967945453674,0.079790121802731373,6911.2839662172619,4.3978519409945376,1,10,15,25,15,0,0,"history_fault_coverage=[15,25) source=derived:tx.oldest_recoverable_epoch+1; omitted_epochs=15 material_gap_epochs=0; no detection or protection claim is made outside the covered range","history_fault_omitted:[0,15) count=15",""
uwb-imu-pl/gate-d-diagnostics/v16,36,1800000000,36,36,36,7,1,36,1800000000,1,1,1,"HISTORY_SUMMARY_VALID",11379278119909379024,"fbbf232a0a941ee9",220,475,96,15,15,81,0.341423344473335,0.093761827235872994,6911.5606508522305,4.2122520395322605,1,10,16,26,16,0,0,"history_fault_coverage=[16,26) source=derived:tx.oldest_recoverable_epoch+1; omitted_epochs=16 material_gap_epochs=0; no detection or protection claim is made outside the covered range","history_fault_omitted:[0,16) count=16",""
uwb-imu-pl/gate-d-diagnostics/v16,37,1850000000,37,37,37,8,1,37,1850000000,1,1,1,"HISTORY_SUMMARY_VALID",3562547147044141773,"fbbf232a0a941ee9",220,475,96,15,15,81,0.34332905603949671,0.10125776755712688,6911.4704214371759,4.0136206515277699,1,10,17,27,17,0,0,"history_fault_coverage=[17,27) source=derived:tx.oldest_recoverable_epoch+1; omitted_epochs=17 material_gap_epochs=0; no detection or protection claim is made outside the covered range","history_fault_omitted:[0,17) count=17",""
uwb-imu-pl/gate-d-diagnostics/v16,38,1900000000,38,38,38,9,1,38,1900000000,1,1,1,"HISTORY_SUMMARY_VALID",1828268734397488962,"fbbf232a0a941ee9",220,475,96,15,15,81,0.34646230674309514,0.10714917155555338,6911.501904617603,3.8229850796246949,1,10,18,28,18,0,0,"history_fault_coverage=[18,28) source=derived:tx.oldest_recoverable_epoch+1; omitted_epochs=18 material_gap_epochs=0; no detection or protection claim is made outside the covered range","history_fault_omitted:[0,18) count=18",""
uwb-imu-pl/gate-d-diagnostics/v16,39,1950000000,39,39,39,10,1,39,1950000000,1,1,1,"HISTORY_SUMMARY_VALID",7354227289555061194,"fbbf232a0a941ee9",220,475,96,15,15,81,0.33521704505485433,0.11853052686008982,6911.5337391464363,3.7258473389452331,1,10,19,29,19,0,0,"history_fault_coverage=[19,29) source=derived:tx.oldest_recoverable_epoch+1; omitted_epochs=19 material_gap_epochs=0; no detection or protection claim is made outside the covered range","history_fault_omitted:[0,19) count=19",""
uwb-imu-pl/gate-d-diagnostics/v16,40,2000000000,40,40,40,11,1,40,2000000000,1,1,1,"HISTORY_SUMMARY_VALID",2028125611642362392,"fbbf232a0a941ee9",220,475,96,15,15,81,0.33985816309191152,0.13815683507005658,6911.6961288232851,3.6442208971385841,1,10,20,30,20,0,0,"history_fault_coverage=[20,30) source=derived:tx.oldest_recoverable_epoch+1; omitted_epochs=20 material_gap_epochs=0; no detection or protection claim is made outside the covered range","history_fault_omitted:[0,20) count=20",""
uwb-imu-pl/gate-d-diagnostics/v16,41,2050000000,41,41,41,12,1,41,2050000000,1,1,1,"HISTORY_SUMMARY_VALID",9058038981883649865,"fbbf232a0a941ee9",220,475,96,15,15,81,0.34311472814330818,0.14935600313310901,6911.971089195712,3.4555523858761159,1,10,21,31,21,0,0,"history_fault_coverage=[21,31) source=derived:tx.oldest_recoverable_epoch+1; omitted_epochs=21 material_gap_epochs=0; no detection or protection claim is made outside the covered range","history_fault_omitted:[0,21) count=21",""
uwb-imu-pl/gate-d-diagnostics/v16,42,2100000000,42,42,42,13,1,42,2100000000,1,1,1,"HISTORY_SUMMARY_VALID",1742672976107157029,"fbbf232a0a941ee9",220,475,96,15,15,81,0.34498791237694493,0.155125535264202,6912.389818624888,3.3438275916957672,1,10,22,32,22,0,0,"history_fault_coverage=[22,32) source=derived:tx.oldest_recoverable_epoch+1; omitted_epochs=22 material_gap_epochs=0; no detection or protection claim is made outside the covered range","history_fault_omitted:[0,22) count=22",""
uwb-imu-pl/gate-d-diagnostics/v16,43,2150000000,43,43,43,14,1,43,2150000000,1,1,1,"HISTORY_SUMMARY_VALID",16193054901010036025,"fbbf232a0a941ee9",220,475,96,15,15,81,0.33025226406957964,0.17387218800273632,6912.2765681810324,3.2919254805443461,1,10,23,33,23,0,0,"history_fault_coverage=[23,33) source=derived:tx.oldest_recoverable_epoch+1; omitted_epochs=23 material_gap_epochs=0; no detection or protection claim is made outside the covered range","history_fault_omitted:[0,23) count=23",""
uwb-imu-pl/gate-d-diagnostics/v16,44,2200000000,44,44,44,15,1,44,2200000000,1,1,1,"HISTORY_SUMMARY_VALID",14442885045848754276,"fbbf232a0a941ee9",220,475,96,15,15,81,0.34298972291738211,0.1980144742652441,6912.3507112522266,3.6199390156306657,1,10,24,34,24,0,0,"history_fault_coverage=[24,34) source=derived:tx.oldest_recoverable_epoch+1; omitted_epochs=24 material_gap_epochs=0; no detection or protection claim is made outside the covered range","history_fault_omitted:[0,24) count=24",""
uwb-imu-pl/gate-d-diagnostics/v16,45,2250000000,45,45,45,16,1,45,2250000000,1,1,1,"HISTORY_SUMMARY_VALID",1332392862347595626,"fbbf232a0a941ee9",220,475,96,15,15,81,0.33930866187847575,0.22301418119829847,6912.320621806417,3.5172071851552409,1,10,25,35,25,0,0,"history_fault_coverage=[25,35) source=derived:tx.oldest_recoverable_epoch+1; omitted_epochs=25 material_gap_epochs=0; no detection or protection claim is made outside the covered range","history_fault_omitted:[0,25) count=25",""
uwb-imu-pl/gate-d-diagnostics/v16,46,2300000000,46,46,46,17,1,46,2300000000,1,1,1,"HISTORY_SUMMARY_VALID",15068786818827030348,"fbbf232a0a941ee9",220,475,96,15,15,81,0.33438998168051376,0.25340705771560151,6911.9349699397444,3.7275863155065592,1,10,26,36,26,0,0,"history_fault_coverage=[26,36) source=derived:tx.oldest_recoverable_epoch+1; omitted_epochs=26 material_gap_epochs=0; no detection or protection claim is made outside the covered range","history_fault_omitted:[0,26) count=26",""
uwb-imu-pl/gate-d-diagnostics/v16,47,2350000000,47,47,47,18,1,47,2350000000,1,1,1,"HISTORY_SUMMARY_VALID",12792744456141290884,"fbbf232a0a941ee9",220,475,96,15,15,81,0.3627485912736943,0.27518592591165497,6911.6900896207535,4.2669327560307249,1,10,27,37,27,0,0,"history_fault_coverage=[27,37) source=derived:tx.oldest_recoverable_epoch+1; omitted_epochs=27 material_gap_epochs=0; no detection or protection claim is made outside the covered range","history_fault_omitted:[0,27) count=27",""
uwb-imu-pl/gate-d-diagnostics/v16,48,2400000000,48,48,48,19,1,48,2400000000,1,1,1,"HISTORY_SUMMARY_VALID",10319815594080604716,"fbbf232a0a941ee9",220,475,96,15,15,81,0.35698016269909005,0.29649695366239581,6912.6096511271262,4.3854704021429152,1,10,28,38,28,0,0,"history_fault_coverage=[28,38) source=derived:tx.oldest_recoverable_epoch+1; omitted_epochs=28 material_gap_epochs=0; no detection or protection claim is made outside the covered range","history_fault_omitted:[0,28) count=28",""
uwb-imu-pl/gate-d-diagnostics/v16,49,2450000000,49,49,49,20,1,49,2450000000,1,1,1,"HISTORY_SUMMARY_VALID",5690924079149528235,"fbbf232a0a941ee9",220,475,96,15,15,81,0.35744974488034242,0.31351219652993201,6913.0121385191405,4.4625412364103498,1,10,29,39,29,0,0,"history_fault_coverage=[29,39) source=derived:tx.oldest_recoverable_epoch+1; omitted_epochs=29 material_gap_epochs=0; no detection or protection claim is made outside the covered range","history_fault_omitted:[0,29) count=29",""
uwb-imu-pl/gate-d-diagnostics/v16,50,2500000000,50,50,50,21,1,50,2500000000,1,1,1,"HISTORY_SUMMARY_VALID",16520248454226957292,"fbbf232a0a941ee9",220,475,96,15,15,81,0.34275538001598188,0.3378299319732323,6912.8219347573277,4.3708808586380457,1,10,30,40,30,0,0,"history_fault_coverage=[30,40) source=derived:tx.oldest_recoverable_epoch+1; omitted_epochs=30 material_gap_epochs=0; no detection or protection claim is made outside the covered range","history_fault_omitted:[0,30) count=30",""
uwb-imu-pl/gate-d-diagnostics/v16,51,2550000000,51,51,51,22,1,51,2550000000,1,1,1,"HISTORY_SUMMARY_VALID",5920916683505919948,"fbbf232a0a941ee9",220,475,96,15,15,81,0.33874653384025349,0.35952539746798845,6912.2630790614476,4.4760298901545772,1,10,31,41,31,0,0,"history_fault_coverage=[31,41) source=derived:tx.oldest_recoverable_epoch+1; omitted_epochs=31 material_gap_epochs=0; no detection or protection claim is made outside the covered range","history_fault_omitted:[0,31) count=31",""
uwb-imu-pl/gate-d-diagnostics/v16,52,2600000000,52,52,52,23,1,52,2600000000,1,1,1,"HISTORY_SUMMARY_VALID",13938107607498379134,"fbbf232a0a941ee9",220,475,96,15,15,81,0.33771975948526572,0.37890754928106185,6912.6974378993173,4.5556921058185536,1,10,32,42,32,0,0,"history_fault_coverage=[32,42) source=derived:tx.oldest_recoverable_epoch+1; omitted_epochs=32 material_gap_epochs=0; no detection or protection claim is made outside the covered range","history_fault_omitted:[0,32) count=32",""
uwb-imu-pl/gate-d-diagnostics/v16,53,2650000000,53,53,53,24,1,53,2650000000,1,1,1,"HISTORY_SUMMARY_VALID",9454558977430174547,"fbbf232a0a941ee9",220,475,96,15,15,81,0.34162707185815727,0.3883756096597506,6912.8517060504219,4.6601267911033952,1,10,33,43,33,0,0,"history_fault_coverage=[33,43) source=derived:tx.oldest_recoverable_epoch+1; omitted_epochs=33 material_gap_epochs=0; no detection or protection claim is made outside the covered range","history_fault_omitted:[0,33) count=33",""
uwb-imu-pl/gate-d-diagnostics/v16,54,2700000000,54,54,54,25,1,54,2700000000,1,1,1,"HISTORY_SUMMARY_VALID",6327941960057034731,"fbbf232a0a941ee9",220,475,96,15,15,81,0.34652035330969327,0.40253730905681584,6912.9277847711819,4.481336870655892,1,10,34,44,34,0,0,"history_fault_coverage=[34,44) source=derived:tx.oldest_recoverable_epoch+1; omitted_epochs=34 material_gap_epochs=0; no detection or protection claim is made outside the covered range","history_fault_omitted:[0,34) count=34",""
uwb-imu-pl/gate-d-diagnostics/v16,55,2750000000,55,55,55,26,1,55,2750000000,1,1,1,"HISTORY_SUMMARY_VALID",13345513425584380750,"fbbf232a0a941ee9",220,475,96,15,15,81,0.34990571602928477,0.42576778158413481,6912.7244874818734,4.5519571686247708,1,10,35,45,35,0,0,"history_fault_coverage=[35,45) source=derived:tx.oldest_recoverable_epoch+1; omitted_epochs=35 material_gap_epochs=0; no detection or protection claim is made outside the covered range","history_fault_omitted:[0,35) count=35",""
uwb-imu-pl/gate-d-diagnostics/v16,56,2800000000,56,56,56,27,1,56,2800000000,1,1,1,"HISTORY_SUMMARY_VALID",16646085016442640697,"fbbf232a0a941ee9",220,475,96,15,15,81,0.35923580953119433,0.43905151058258496,6913.1061698547819,4.4965939413566476,1,10,36,46,36,0,0,"history_fault_coverage=[36,46) source=derived:tx.oldest_recoverable_epoch+1; omitted_epochs=36 material_gap_epochs=0; no detection or protection claim is made outside the covered range","history_fault_omitted:[0,36) count=36",""
uwb-imu-pl/gate-d-diagnostics/v16,57,2850000000,57,57,57,28,1,57,2850000000,1,1,1,"HISTORY_SUMMARY_VALID",11688766493527227410,"fbbf232a0a941ee9",220,475,96,15,15,81,0.37711897539736949,0.44508061498389667,6912.6639423581437,4.1159382035815044,1,10,37,47,37,0,0,"history_fault_coverage=[37,47) source=derived:tx.oldest_recoverable_epoch+1; omitted_epochs=37 material_gap_epochs=0; no detection or protection claim is made outside the covered range","history_fault_omitted:[0,37) count=37",""
uwb-imu-pl/gate-d-diagnostics/v16,58,2900000000,58,58,58,29,1,58,2900000000,1,1,1,"HISTORY_SUMMARY_VALID",6268336990159395934,"fbbf232a0a941ee9",220,475,96,15,15,81,0.38004702921903483,0.45318891271896322,6912.5143021888043,4.0985551737125698,1,10,38,48,38,0,0,"history_fault_coverage=[38,48) source=derived:tx.oldest_recoverable_epoch+1; omitted_epochs=38 material_gap_epochs=0; no detection or protection claim is made outside the covered range","history_fault_omitted:[0,38) count=38",""
uwb-imu-pl/gate-d-diagnostics/v16,59,2950000000,59,59,59,30,1,59,2950000000,1,1,1,"HISTORY_SUMMARY_VALID",7937671431819470736,"fbbf232a0a941ee9",220,475,96,15,15,81,0.38115746657014687,0.46097744272396118,6912.5724581004015,4.0245387100982626,1,10,39,49,39,0,0,"history_fault_coverage=[39,49) source=derived:tx.oldest_recoverable_epoch+1; omitted_epochs=39 material_gap_epochs=0; no detection or protection claim is made outside the covered range","history_fault_omitted:[0,39) count=39",""
uwb-imu-pl/gate-d-diagnostics/v16,60,3000000000,60,60,60,31,1,60,3000000000,1,1,1,"HISTORY_SUMMARY_VALID",13624675998607196348,"fbbf232a0a941ee9",220,475,96,15,15,81,0.3752679771885632,0.47878864249213388,6913.0217258615494,4.0482619239447253,1,10,40,50,40,0,0,"history_fault_coverage=[40,50) source=derived:tx.oldest_recoverable_epoch+1; omitted_epochs=40 material_gap_epochs=0; no detection or protection claim is made outside the covered range","history_fault_omitted:[0,40) count=40",""
uwb-imu-pl/gate-d-diagnostics/v16,61,3050000000,61,61,61,32,1,61,3050000000,1,1,1,"HISTORY_SUMMARY_VALID",13720349451586777406,"fbbf232a0a941ee9",220,475,96,15,15,81,0.3924984782616816,0.49304314872643978,6912.7752593978203,4.1418925635107957,1,10,41,51,41,0,0,"history_fault_coverage=[41,51) source=derived:tx.oldest_recoverable_epoch+1; omitted_epochs=41 material_gap_epochs=0; no detection or protection claim is made outside the covered range","history_fault_omitted:[0,41) count=41",""
uwb-imu-pl/gate-d-diagnostics/v16,62,3100000000,62,62,62,33,1,62,3100000000,1,1,1,"HISTORY_SUMMARY_VALID",722111886913743268,"fbbf232a0a941ee9",220,475,96,15,15,81,0.41193688485432445,0.50159618950963547,6912.1032180226193,4.2717257336399017,1,10,42,52,42,0,0,"history_fault_coverage=[42,52) source=derived:tx.oldest_recoverable_epoch+1; omitted_epochs=42 material_gap_epochs=0; no detection or protection claim is made outside the covered range","history_fault_omitted:[0,42) count=42",""
uwb-imu-pl/gate-d-diagnostics/v16,63,3150000000,63,63,63,34,1,63,3150000000,1,1,1,"HISTORY_SUMMARY_VALID",3686677726584651759,"fbbf232a0a941ee9",220,475,96,15,15,81,0.44679409231942507,0.51094190922956539,6912.1222423909785,4.5717137052664132,1,10,43,53,43,0,0,"history_fault_coverage=[43,53) source=derived:tx.oldest_recoverable_epoch+1; omitted_epochs=43 material_gap_epochs=0; no detection or protection claim is made outside the covered range","history_fault_omitted:[0,43) count=43",""
uwb-imu-pl/gate-d-diagnostics/v16,64,3200000000,64,64,64,35,1,64,3200000000,1,1,1,"HISTORY_SUMMARY_VALID",13193919514932465948,"fbbf232a0a941ee9",220,475,96,15,15,81,0.42943109168027427,0.54127951452027034,6912.8741198923854,4.5572552363472116,1,10,44,54,44,0,0,"history_fault_coverage=[44,54) source=derived:tx.oldest_recoverable_epoch+1; omitted_epochs=44 material_gap_epochs=0; no detection or protection claim is made outside the covered range","history_fault_omitted:[0,44) count=44",""
uwb-imu-pl/gate-d-diagnostics/v16,65,3250000000,65,65,65,36,1,65,3250000000,1,1,1,"HISTORY_SUMMARY_VALID",13967334068478099753,"fbbf232a0a941ee9",220,475,96,15,15,81,0.43602242106199324,0.56350085314256904,6913.3244354536273,4.5743460530296502,1,10,45,55,45,0,0,"history_fault_coverage=[45,55) source=derived:tx.oldest_recoverable_epoch+1; omitted_epochs=45 material_gap_epochs=0; no detection or protection claim is made outside the covered range","history_fault_omitted:[0,45) count=45",""
uwb-imu-pl/gate-d-diagnostics/v16,66,3300000000,66,66,66,37,1,66,3300000000,1,1,1,"HISTORY_SUMMARY_VALID",4043285720189606363,"fbbf232a0a941ee9",220,475,96,15,15,81,0.42898648525499899,0.58840673852943293,6913.5210359824778,4.5503560053576209,1,10,46,56,46,0,0,"history_fault_coverage=[46,56) source=derived:tx.oldest_recoverable_epoch+1; omitted_epochs=46 material_gap_epochs=0; no detection or protection claim is made outside the covered range","history_fault_omitted:[0,46) count=46",""
uwb-imu-pl/gate-d-diagnostics/v16,67,3350000000,67,67,67,38,1,67,3350000000,1,1,1,"HISTORY_SUMMARY_VALID",7800414898722960250,"fbbf232a0a941ee9",220,475,96,15,15,81,0.40057080242982296,0.63879926892198191,6912.8447824113127,4.6108882281160017,1,10,47,57,47,0,0,"history_fault_coverage=[47,57) source=derived:tx.oldest_recoverable_epoch+1; omitted_epochs=47 material_gap_epochs=0; no detection or protection claim is made outside the covered range","history_fault_omitted:[0,47) count=47",""
uwb-imu-pl/gate-d-diagnostics/v16,68,3400000000,68,68,68,39,1,68,3400000000,1,1,1,"HISTORY_SUMMARY_VALID",4943098353493230582,"fbbf232a0a941ee9",220,475,96,15,15,81,0.39339611415265746,0.65696954393900919,6911.5744971388776,4.5209634349657568,1,10,48,58,48,0,0,"history_fault_coverage=[48,58) source=derived:tx.oldest_recoverable_epoch+1; omitted_epochs=48 material_gap_epochs=0; no detection or protection claim is made outside the covered range","history_fault_omitted:[0,48) count=48",""
uwb-imu-pl/gate-d-diagnostics/v16,69,3450000000,69,69,69,40,1,69,3450000000,1,1,1,"HISTORY_SUMMARY_VALID",11144828317335216911,"fbbf232a0a941ee9",220,475,96,15,15,81,0.39052782446705792,0.67230619610759856,6911.3750023002667,4.5426103481679734,1,10,49,59,49,0,0,"history_fault_coverage=[49,59) source=derived:tx.oldest_recoverable_epoch+1; omitted_epochs=49 material_gap_epochs=0; no detection or protection claim is made outside the covered range","history_fault_omitted:[0,49) count=49",""
uwb-imu-pl/gate-d-diagnostics/v16,70,3500000000,70,70,70,41,1,70,3500000000,1,1,1,"HISTORY_SUMMARY_VALID",1039669397773737489,"fbbf232a0a941ee9",220,475,96,15,15,81,0.39247034570206074,0.68342870083133023,6912.5040177711726,4.5236474234584207,1,10,50,60,50,0,0,"history_fault_coverage=[50,60) source=derived:tx.oldest_recoverable_epoch+1; omitted_epochs=50 material_gap_epochs=0; no detection or protection claim is made outside the covered range","history_fault_omitted:[0,50) count=50",""
uwb-imu-pl/gate-d-diagnostics/v16,71,3550000000,71,71,71,42,1,71,3550000000,1,1,1,"HISTORY_SUMMARY_VALID",6858452619840254991,"fbbf232a0a941ee9",220,475,96,15,15,81,0.39893333368129263,0.70594151914082737,6911.9577545577213,4.4386361727810053,1,10,51,61,51,0,0,"history_fault_coverage=[51,61) source=derived:tx.oldest_recoverable_epoch+1; omitted_epochs=51 material_gap_epochs=0; no detection or protection claim is made outside the covered range","history_fault_omitted:[0,51) count=51",""
uwb-imu-pl/gate-d-diagnostics/v16,72,3600000000,72,72,72,43,1,72,3600000000,1,1,1,"HISTORY_SUMMARY_VALID",3662203890781866012,"fbbf232a0a941ee9",220,475,96,15,15,81,0.40191099080943171,0.72003301908814921,6912.3035373157963,4.4311239999096053,1,10,52,62,52,0,0,"history_fault_coverage=[52,62) source=derived:tx.oldest_recoverable_epoch+1; omitted_epochs=52 material_gap_epochs=0; no detection or protection claim is made outside the covered range","history_fault_omitted:[0,52) count=52",""
uwb-imu-pl/gate-d-diagnostics/v16,73,3650000000,73,73,73,44,1,73,3650000000,1,1,1,"HISTORY_SUMMARY_VALID",8319341585396912858,"fbbf232a0a941ee9",220,475,96,15,15,81,0.39266849877704352,0.73893905339260668,6912.257770329009,3.995379505615213,1,10,53,63,53,0,0,"history_fault_coverage=[53,63) source=derived:tx.oldest_recoverable_epoch+1; omitted_epochs=53 material_gap_epochs=0; no detection or protection claim is made outside the covered range","history_fault_omitted:[0,53) count=53",""
uwb-imu-pl/gate-d-diagnostics/v16,74,3700000000,74,74,74,45,1,74,3700000000,1,1,1,"HISTORY_SUMMARY_VALID",8566171973323675897,"fbbf232a0a941ee9",220,475,96,15,15,81,0.38982833542129791,0.75271567406176365,6912.0563180242216,3.9939552414653789,1,10,54,64,54,0,0,"history_fault_coverage=[54,64) source=derived:tx.oldest_recoverable_epoch+1; omitted_epochs=54 material_gap_epochs=0; no detection or protection claim is made outside the covered range","history_fault_omitted:[0,54) count=54",""
uwb-imu-pl/gate-d-diagnostics/v16,75,3750000000,75,75,75,46,1,75,3750000000,1,1,1,"HISTORY_SUMMARY_VALID",12412531028969388126,"fbbf232a0a941ee9",220,475,96,15,15,81,0.37807770536976165,0.78594285971966382,6911.8050192667579,3.8232195542190839,1,10,55,65,55,0,0,"history_fault_coverage=[55,65) source=derived:tx.oldest_recoverable_epoch+1; omitted_epochs=55 material_gap_epochs=0; no detection or protection claim is made outside the covered range","history_fault_omitted:[0,55) count=55",""
uwb-imu-pl/gate-d-diagnostics/v16,76,3800000000,76,76,76,47,1,76,3800000000,1,1,1,"HISTORY_SUMMARY_VALID",12394885904619118615,"fbbf232a0a941ee9",220,475,96,15,15,81,0.37130781152161074,0.80173186742089575,6912.729637950315,3.7021679667546024,1,10,56,66,56,0,0,"history_fault_coverage=[56,66) source=derived:tx.oldest_recoverable_epoch+1; omitted_epochs=56 material_gap_epochs=0; no detection or protection claim is made outside the covered range","history_fault_omitted:[0,56) count=56",""
uwb-imu-pl/gate-d-diagnostics/v16,77,3850000000,77,77,77,48,1,77,3850000000,1,1,1,"HISTORY_SUMMARY_VALID",8721983696336757255,"fbbf232a0a941ee9",220,475,96,15,15,81,0.37119113722833819,0.82330240967043833,6913.4246741871484,3.6532988529346593,1,10,57,67,57,0,0,"history_fault_coverage=[57,67) source=derived:tx.oldest_recoverable_epoch+1; omitted_epochs=57 material_gap_epochs=0; no detection or protection claim is made outside the covered range","history_fault_omitted:[0,57) count=57",""
uwb-imu-pl/gate-d-diagnostics/v16,78,3900000000,78,78,78,49,1,78,3900000000,1,1,1,"HISTORY_SUMMARY_VALID",440841454792602776,"fbbf232a0a941ee9",220,475,96,15,15,81,0.37756765029681949,0.8352138993092979,6913.3151299718875,3.873937090818258,1,10,58,68,58,0,0,"history_fault_coverage=[58,68) source=derived:tx.oldest_recoverable_epoch+1; omitted_epochs=58 material_gap_epochs=0; no detection or protection claim is made outside the covered range","history_fault_omitted:[0,58) count=58",""
uwb-imu-pl/gate-d-diagnostics/v16,79,3950000000,79,79,79,50,1,79,3950000000,1,1,1,"HISTORY_SUMMARY_VALID",16481020811780941729,"fbbf232a0a941ee9",220,475,96,15,15,81,0.37832085673696197,0.84376479535189686,6913.407154004517,3.8873644487585959,1,10,59,69,59,0,0,"history_fault_coverage=[59,69) source=derived:tx.oldest_recoverable_epoch+1; omitted_epochs=59 material_gap_epochs=0; no detection or protection claim is made outside the covered range","history_fault_omitted:[0,59) count=59",""
uwb-imu-pl/gate-d-diagnostics/v16,80,4000000000,80,80,80,51,1,80,4000000000,1,1,1,"HISTORY_SUMMARY_VALID",5191425450776364198,"fbbf232a0a941ee9",220,475,96,15,15,81,0.37035424388698185,0.85990426687984067,6913.0278383976583,3.7883170105335839,1,10,60,70,60,0,0,"history_fault_coverage=[60,70) source=derived:tx.oldest_recoverable_epoch+1; omitted_epochs=60 material_gap_epochs=0; no detection or protection claim is made outside the covered range","history_fault_omitted:[0,60) count=60",""
uwb-imu-pl/gate-d-diagnostics/v16,81,4050000000,81,81,81,52,1,81,4050000000,1,1,1,"HISTORY_SUMMARY_VALID",5176767586688335519,"fbbf232a0a941ee9",220,475,96,15,15,81,0.35519888367632829,0.88850245628561775,6913.3667058814481,3.6950312782580426,1,10,61,71,61,0,0,"history_fault_coverage=[61,71) source=derived:tx.oldest_recoverable_epoch+1; omitted_epochs=61 material_gap_epochs=0; no detection or protection claim is made outside the covered range","history_fault_omitted:[0,61) count=61",""
uwb-imu-pl/gate-d-diagnostics/v16,82,4100000000,82,82,82,53,1,82,4100000000,1,1,1,"HISTORY_SUMMARY_VALID",3242670430760300746,"fbbf232a0a941ee9",220,475,96,15,15,81,0.360237780945175,0.91505348745421011,6913.0259017875524,3.7269412066668406,1,10,62,72,62,0,0,"history_fault_coverage=[62,72) source=derived:tx.oldest_recoverable_epoch+1; omitted_epochs=62 material_gap_epochs=0; no detection or protection claim is made outside the covered range","history_fault_omitted:[0,62) count=62",""
uwb-imu-pl/gate-d-diagnostics/v16,83,4150000000,83,83,83,54,1,83,4150000000,1,1,1,"HISTORY_SUMMARY_VALID",8168189803810952584,"fbbf232a0a941ee9",220,475,96,15,15,81,0.33552915532505873,0.95890208228257068,6913.2538215775667,3.9217818343765609,1,10,63,73,63,0,0,"history_fault_coverage=[63,73) source=derived:tx.oldest_recoverable_epoch+1; omitted_epochs=63 material_gap_epochs=0; no detection or protection claim is made outside the covered range","history_fault_omitted:[0,63) count=63",""
uwb-imu-pl/gate-d-diagnostics/v16,84,4200000000,84,84,84,55,1,84,4200000000,1,1,1,"HISTORY_SUMMARY_VALID",4474882905075708570,"fbbf232a0a941ee9",220,475,96,15,15,81,0.34512883083827423,0.97107926926998211,6913.7153645633207,4.0335312608249518,1,10,64,74,64,0,0,"history_fault_coverage=[64,74) source=derived:tx.oldest_recoverable_epoch+1; omitted_epochs=64 material_gap_epochs=0; no detection or protection claim is made outside the covered range","history_fault_omitted:[0,64) count=64",""
uwb-imu-pl/gate-d-diagnostics/v16,85,4250000000,85,85,85,56,1,85,4250000000,1,1,1,"HISTORY_SUMMARY_VALID",14268846859807606453,"fbbf232a0a941ee9",220,475,96,15,15,81,0.32435446449816657,1.0070189223875772,6914.4025896968478,3.9231936162410324,1,10,65,75,65,0,0,"history_fault_coverage=[65,75) source=derived:tx.oldest_recoverable_epoch+1; omitted_epochs=65 material_gap_epochs=0; no detection or protection claim is made outside the covered range","history_fault_omitted:[0,65) count=65",""
uwb-imu-pl/gate-d-diagnostics/v16,86,4300000000,86,86,86,57,1,86,4300000000,1,1,1,"HISTORY_SUMMARY_VALID",8240242085133318790,"fbbf232a0a941ee9",220,475,96,15,15,81,0.33779596052550698,1.0227681459856837,6914.717963807745,4.1676387588369419,1,10,66,76,66,0,0,"history_fault_coverage=[66,76) source=derived:tx.oldest_recoverable_epoch+1; omitted_epochs=66 material_gap_epochs=0; no detection or protection claim is made outside the covered range","history_fault_omitted:[0,66) count=66",""
uwb-imu-pl/gate-d-diagnostics/v16,87,4350000000,87,87,87,58,1,87,4350000000,1,1,1,"HISTORY_SUMMARY_VALID",15243619045351714811,"fbbf232a0a941ee9",220,475,96,15,15,81,0.32352576565638991,1.0472800087359992,6914.3674837377011,4.1045892988168875,1,10,67,77,67,0,0,"history_fault_coverage=[67,77) source=derived:tx.oldest_recoverable_epoch+1; omitted_epochs=67 material_gap_epochs=0; no detection or protection claim is made outside the covered range","history_fault_omitted:[0,67) count=67",""
uwb-imu-pl/gate-d-diagnostics/v16,88,4400000000,88,88,88,59,1,88,4400000000,1,1,1,"HISTORY_SUMMARY_VALID",11618688711708638066,"fbbf232a0a941ee9",220,475,96,15,15,81,0.3327631592800725,1.0544121231125669,6914.323161865841,4.0257889209044739,1,10,68,78,68,0,0,"history_fault_coverage=[68,78) source=derived:tx.oldest_recoverable_epoch+1; omitted_epochs=68 material_gap_epochs=0; no detection or protection claim is made outside the covered range","history_fault_omitted:[0,68) count=68",""
uwb-imu-pl/gate-d-diagnostics/v16,89,4450000000,89,89,89,60,1,89,4450000000,1,1,1,"HISTORY_SUMMARY_VALID",13936536881291457501,"fbbf232a0a941ee9",220,475,96,15,15,81,0.33950026545529266,1.0664037401410755,6913.4860092604604,4.046361894597867,1,10,69,79,69,0,0,"history_fault_coverage=[69,79) source=derived:tx.oldest_recoverable_epoch+1; omitted_epochs=69 material_gap_epochs=0; no detection or protection claim is made outside the covered range","history_fault_omitted:[0,69) count=69",""
uwb-imu-pl/gate-d-diagnostics/v16,90,4500000000,90,90,90,61,1,90,4500000000,1,1,1,"HISTORY_SUMMARY_VALID",1333418854111768910,"fbbf232a0a941ee9",220,475,96,15,15,81,0.33553470325583795,1.0811038351963862,6914.0775425017982,4.0979223334671611,1,10,70,80,70,0,0,"history_fault_coverage=[70,80) source=derived:tx.oldest_recoverable_epoch+1; omitted_epochs=70 material_gap_epochs=0; no detection or protection claim is made outside the covered range","history_fault_omitted:[0,70) count=70",""
uwb-imu-pl/gate-d-diagnostics/v16,91,4550000000,91,91,91,62,1,91,4550000000,1,1,1,"HISTORY_SUMMARY_VALID",16120056994203380859,"fbbf232a0a941ee9",220,475,96,15,15,81,0.34218015083454156,1.1083219076662769,6914.4392707820934,4.21630464501935,1,10,71,81,71,0,0,"history_fault_coverage=[71,81) source=derived:tx.oldest_recoverable_epoch+1; omitted_epochs=71 material_gap_epochs=0; no detection or protection claim is made outside the covered range","history_fault_omitted:[0,71) count=71",""
uwb-imu-pl/gate-d-diagnostics/v16,92,4600000000,92,92,92,63,1,92,4600000000,1,1,1,"HISTORY_SUMMARY_VALID",6392255989398504872,"fbbf232a0a941ee9",220,475,96,15,15,81,0.32942253452620934,1.1248170950004754,6914.544716697289,4.0752462453656726,1,10,72,82,72,0,0,"history_fault_coverage=[72,82) source=derived:tx.oldest_recoverable_epoch+1; omitted_epochs=72 material_gap_epochs=0; no detection or protection claim is made outside the covered range","history_fault_omitted:[0,72) count=72",""
uwb-imu-pl/gate-d-diagnostics/v16,93,4650000000,93,93,93,64,1,93,4650000000,1,1,1,"HISTORY_SUMMARY_VALID",17065692713287016797,"fbbf232a0a941ee9",220,475,96,15,15,81,0.33432231373550397,1.1316976222444821,6914.6114767567969,3.9722909292805628,1,10,73,83,73,0,0,"history_fault_coverage=[73,83) source=derived:tx.oldest_recoverable_epoch+1; omitted_epochs=73 material_gap_epochs=0; no detection or protection claim is made outside the covered range","history_fault_omitted:[0,73) count=73",""
uwb-imu-pl/gate-d-diagnostics/v16,94,4700000000,94,94,94,65,1,94,4700000000,1,1,1,"HISTORY_SUMMARY_VALID",17593759590380872814,"fbbf232a0a941ee9",220,475,96,15,15,81,0.33929457637522886,1.1441391209411729,6914.5490440209378,3.8987289656668809,1,10,74,84,74,0,0,"history_fault_coverage=[74,84) source=derived:tx.oldest_recoverable_epoch+1; omitted_epochs=74 material_gap_epochs=0; no detection or protection claim is made outside the covered range","history_fault_omitted:[0,74) count=74",""
uwb-imu-pl/gate-d-diagnostics/v16,95,4750000000,95,95,95,66,1,95,4750000000,1,1,1,"HISTORY_SUMMARY_VALID",798760322506371680,"fbbf232a0a941ee9",220,475,96,15,15,81,0.32395385143521871,1.1669369376000287,6914.4178805946094,3.8761192595546281,1,10,75,85,75,0,0,"history_fault_coverage=[75,85) source=derived:tx.oldest_recoverable_epoch+1; omitted_epochs=75 material_gap_epochs=0; no detection or protection claim is made outside the covered range","history_fault_omitted:[0,75) count=75",""
uwb-imu-pl/gate-d-diagnostics/v16,96,4800000000,96,96,96,67,1,96,4800000000,1,1,1,"HISTORY_SUMMARY_VALID",10892830382654258528,"fbbf232a0a941ee9",220,475,96,15,15,81,0.32886356376703257,1.1773956890317026,6914.2097754855513,3.6921560050556752,1,10,76,86,76,0,0,"history_fault_coverage=[76,86) source=derived:tx.oldest_recoverable_epoch+1; omitted_epochs=76 material_gap_epochs=0; no detection or protection claim is made outside the covered range","history_fault_omitted:[0,76) count=76",""
uwb-imu-pl/gate-d-diagnostics/v16,97,4850000000,97,97,97,68,1,97,4850000000,1,1,1,"HISTORY_SUMMARY_VALID",3627531055825514929,"fbbf232a0a941ee9",220,475,96,15,15,81,0.33364838920395579,1.1961355672755225,6913.6979826779834,3.8060305262573895,1,10,77,87,77,0,0,"history_fault_coverage=[77,87) source=derived:tx.oldest_recoverable_epoch+1; omitted_epochs=77 material_gap_epochs=0; no detection or protection claim is made outside the covered range","history_fault_omitted:[0,77) count=77",""
uwb-imu-pl/gate-d-diagnostics/v16,98,4900000000,98,98,98,69,1,98,4900000000,1,1,1,"HISTORY_SUMMARY_VALID",16853175474697843408,"fbbf232a0a941ee9",220,475,96,15,15,81,0.32628170824444047,1.2160928359806464,6914.618229733117,3.7527699539496107,1,10,78,88,78,0,0,"history_fault_coverage=[78,88) source=derived:tx.oldest_recoverable_epoch+1; omitted_epochs=78 material_gap_epochs=0; no detection or protection claim is made outside the covered range","history_fault_omitted:[0,78) count=78",""
uwb-imu-pl/gate-d-diagnostics/v16,99,4950000000,99,99,99,70,1,99,4950000000,1,1,1,"HISTORY_SUMMARY_VALID",16493695101491340760,"fbbf232a0a941ee9",220,475,96,15,15,81,0.3304185465831071,1.2302797807178021,6915.8191699167646,3.8336685253096299,1,10,79,89,79,0,0,"history_fault_coverage=[79,89) source=derived:tx.oldest_recoverable_epoch+1; omitted_epochs=79 material_gap_epochs=0; no detection or protection claim is made outside the covered range","history_fault_omitted:[0,79) count=79",""
uwb-imu-pl/gate-d-diagnostics/v16,100,5000000000,100,100,100,71,1,100,5000000000,1,1,1,"HISTORY_SUMMARY_VALID",15223416300536306967,"fbbf232a0a941ee9",220,475,96,15,15,81,0.35494678449677347,1.2383103134466704,6916.954800997717,4.0271140349165773,1,10,80,90,80,0,0,"history_fault_coverage=[80,90) source=derived:tx.oldest_recoverable_epoch+1; omitted_epochs=80 material_gap_epochs=0; no detection or protection claim is made outside the covered range","history_fault_omitted:[0,80) count=80",""
uwb-imu-pl/gate-d-diagnostics/v16,101,5050000000,101,101,101,72,1,101,5050000000,1,1,1,"HISTORY_SUMMARY_VALID",18155884289727152832,"fbbf232a0a941ee9",220,475,96,15,15,81,0.34577713969692914,1.2557066868304583,6916.4230640546002,3.7906123917037311,1,10,81,91,81,0,0,"history_fault_coverage=[81,91) source=derived:tx.oldest_recoverable_epoch+1; omitted_epochs=81 material_gap_epochs=0; no detection or protection claim is made outside the covered range","history_fault_omitted:[0,81) count=81",""
uwb-imu-pl/gate-d-diagnostics/v16,102,5100000000,102,102,102,73,1,102,5100000000,1,1,1,"HISTORY_SUMMARY_VALID",9824515189472229875,"fbbf232a0a941ee9",220,475,96,15,15,81,0.34114121640972989,1.2774999078950728,6915.390699368334,3.884840184859673,1,10,82,92,82,0,0,"history_fault_coverage=[82,92) source=derived:tx.oldest_recoverable_epoch+1; omitted_epochs=82 material_gap_epochs=0; no detection or protection claim is made outside the covered range","history_fault_omitted:[0,82) count=82",""
uwb-imu-pl/gate-d-diagnostics/v16,103,5150000000,103,103,103,74,1,103,5150000000,1,1,1,"HISTORY_SUMMARY_VALID",193944887777411164,"fbbf232a0a941ee9",220,475,96,15,15,81,0.33449503563453675,1.2989438534553672,6915.38313153135,3.9286391291069362,1,10,83,93,83,0,0,"history_fault_coverage=[83,93) source=derived:tx.oldest_recoverable_epoch+1; omitted_epochs=83 material_gap_epochs=0; no detection or protection claim is made outside the covered range","history_fault_omitted:[0,83) count=83",""
uwb-imu-pl/gate-d-diagnostics/v16,104,5200000000,104,104,104,75,1,104,5200000000,1,1,1,"HISTORY_SUMMARY_VALID",13635518391340320178,"fbbf232a0a941ee9",220,475,96,15,15,81,0.33231730898766715,1.3208825265175548,6915.5494351798088,3.9307842637646178,1,10,84,94,84,0,0,"history_fault_coverage=[84,94) source=derived:tx.oldest_recoverable_epoch+1; omitted_epochs=84 material_gap_epochs=0; no detection or protection claim is made outside the covered range","history_fault_omitted:[0,84) count=84",""
uwb-imu-pl/gate-d-diagnostics/v16,105,5250000000,105,105,105,76,1,105,5250000000,1,1,1,"HISTORY_SUMMARY_VALID",6082948039062011296,"fbbf232a0a941ee9",220,475,96,15,15,81,0.34152217265423973,1.3354755129632512,6916.6775385737328,4.1259604431468819,1,10,85,95,85,0,0,"history_fault_coverage=[85,95) source=derived:tx.oldest_recoverable_epoch+1; omitted_epochs=85 material_gap_epochs=0; no detection or protection claim is made outside the covered range","history_fault_omitted:[0,85) count=85",""
uwb-imu-pl/gate-d-diagnostics/v16,106,5300000000,106,106,106,77,1,106,5300000000,1,1,1,"HISTORY_SUMMARY_VALID",12128944839986017111,"fbbf232a0a941ee9",220,475,96,15,15,81,0.35142789053475987,1.3679849586705652,6916.2925091162479,4.4135382320929883,1,10,86,96,86,0,0,"history_fault_coverage=[86,96) source=derived:tx.oldest_recoverable_epoch+1; omitted_epochs=86 material_gap_epochs=0; no detection or protection claim is made outside the covered range","history_fault_omitted:[0,86) count=86",""
uwb-imu-pl/gate-d-diagnostics/v16,107,5350000000,107,107,107,78,1,107,5350000000,1,1,1,"HISTORY_SUMMARY_VALID",10634838336986369376,"fbbf232a0a941ee9",220,475,96,15,15,81,0.3532424600246189,1.3788559562927805,6915.7431270151392,4.2922468097241673,1,10,87,97,87,0,0,"history_fault_coverage=[87,97) source=derived:tx.oldest_recoverable_epoch+1; omitted_epochs=87 material_gap_epochs=0; no detection or protection claim is made outside the covered range","history_fault_omitted:[0,87) count=87",""
uwb-imu-pl/gate-d-diagnostics/v16,108,5400000000,108,108,108,79,1,108,5400000000,1,1,1,"HISTORY_SUMMARY_VALID",6979289571119125915,"fbbf232a0a941ee9",220,475,96,15,15,81,0.38385127927235113,1.3909775980669921,6916.1542850608084,4.6814704465532468,1,10,88,98,88,0,0,"history_fault_coverage=[88,98) source=derived:tx.oldest_recoverable_epoch+1; omitted_epochs=88 material_gap_epochs=0; no detection or protection claim is made outside the covered range","history_fault_omitted:[0,88) count=88",""
uwb-imu-pl/gate-d-diagnostics/v16,109,5450000000,109,109,109,80,1,109,5450000000,1,1,1,"HISTORY_SUMMARY_VALID",5706417791636851974,"fbbf232a0a941ee9",220,475,96,15,15,81,0.38786966669251183,1.4084632956590495,6916.3969581518159,4.6492730097011892,1,10,89,99,89,0,0,"history_fault_coverage=[89,99) source=derived:tx.oldest_recoverable_epoch+1; omitted_epochs=89 material_gap_epochs=0; no detection or protection claim is made outside the covered range","history_fault_omitted:[0,89) count=89",""
uwb-imu-pl/gate-d-diagnostics/v16,110,5500000000,110,110,110,81,1,110,5500000000,1,1,1,"HISTORY_SUMMARY_VALID",7231303019545730845,"fbbf232a0a941ee9",220,475,96,15,15,81,0.38560975504005168,1.4220859540649584,6916.3482683733682,4.4918196978252647,1,10,90,100,90,0,0,"history_fault_coverage=[90,100) source=derived:tx.oldest_recoverable_epoch+1; omitted_epochs=90 material_gap_epochs=0; no detection or protection claim is made outside the covered range","history_fault_omitted:[0,90) count=90",""
uwb-imu-pl/gate-d-diagnostics/v16,111,5550000000,111,111,111,82,1,111,5550000000,1,1,1,"HISTORY_SUMMARY_VALID",9395790905191923008,"fbbf232a0a941ee9",220,475,96,15,15,81,0.36446946500320188,1.4524077686088794,6916.6156054173225,4.4306707352847523,1,10,91,101,91,0,0,"history_fault_coverage=[91,101) source=derived:tx.oldest_recoverable_epoch+1; omitted_epochs=91 material_gap_epochs=0; no detection or protection claim is made outside the covered range","history_fault_omitted:[0,91) count=91",""
uwb-imu-pl/gate-d-diagnostics/v16,112,5600000000,112,112,112,83,1,112,5600000000,1,1,1,"HISTORY_SUMMARY_VALID",16407805503977308643,"fbbf232a0a941ee9",220,475,96,15,15,81,0.36730057060370275,1.4586426455830424,6916.8644689331659,4.4386111637884138,1,10,92,102,92,0,0,"history_fault_coverage=[92,102) source=derived:tx.oldest_recoverable_epoch+1; omitted_epochs=92 material_gap_epochs=0; no detection or protection claim is made outside the covered range","history_fault_omitted:[0,92) count=92",""
uwb-imu-pl/gate-d-diagnostics/v16,113,5650000000,113,113,113,84,1,113,5650000000,1,1,1,"HISTORY_SUMMARY_VALID",4720090171326423565,"fbbf232a0a941ee9",220,475,96,15,15,81,0.37478301209578196,1.4700478169086124,6916.8514589034667,4.4582767264269805,1,10,93,103,93,0,0,"history_fault_coverage=[93,103) source=derived:tx.oldest_recoverable_epoch+1; omitted_epochs=93 material_gap_epochs=0; no detection or protection claim is made outside the covered range","history_fault_omitted:[0,93) count=93",""
uwb-imu-pl/gate-d-diagnostics/v16,114,5700000000,114,114,114,85,1,114,5700000000,1,1,1,"HISTORY_SUMMARY_VALID",796578195012405082,"fbbf232a0a941ee9",220,475,96,15,15,81,0.36189326820287215,1.487740325188351,6917.5519039671199,4.3257747221261766,1,10,94,104,94,0,0,"history_fault_coverage=[94,104) source=derived:tx.oldest_recoverable_epoch+1; omitted_epochs=94 material_gap_epochs=0; no detection or protection claim is made outside the covered range","history_fault_omitted:[0,94) count=94",""
uwb-imu-pl/gate-d-diagnostics/v16,115,5750000000,115,115,115,86,1,115,5750000000,1,1,1,"HISTORY_SUMMARY_VALID",16170521018091002794,"fbbf232a0a941ee9",220,475,96,15,15,81,0.39413018065228694,1.5009301833224875,6917.9440598380024,4.5107790785714217,1,10,95,105,95,0,0,"history_fault_coverage=[95,105) source=derived:tx.oldest_recoverable_epoch+1; omitted_epochs=95 material_gap_epochs=0; no detection or protection claim is made outside the covered range","history_fault_omitted:[0,95) count=95",""
uwb-imu-pl/gate-d-diagnostics/v16,116,5800000000,116,116,116,87,1,116,5800000000,1,1,1,"HISTORY_SUMMARY_VALID",14223748818772311587,"fbbf232a0a941ee9",220,475,96,15,15,81,0.40350563401193673,1.5140904026287045,6918.2916723705539,4.3138869415846086,1,10,96,106,96,0,0,"history_fault_coverage=[96,106) source=derived:tx.oldest_recoverable_epoch+1; omitted_epochs=96 material_gap_epochs=0; no detection or protection claim is made outside the covered range","history_fault_omitted:[0,96) count=96",""
uwb-imu-pl/gate-d-diagnostics/v16,117,5850000000,117,117,117,88,1,117,5850000000,1,1,1,"HISTORY_SUMMARY_VALID",17496436171682367775,"fbbf232a0a941ee9",220,475,96,15,15,81,0.40586673030506865,1.5356447851519706,6917.862442716867,4.462590832870867,1,10,97,107,97,0,0,"history_fault_coverage=[97,107) source=derived:tx.oldest_recoverable_epoch+1; omitted_epochs=97 material_gap_epochs=0; no detection or protection claim is made outside the covered range","history_fault_omitted:[0,97) count=97",""
uwb-imu-pl/gate-d-diagnostics/v16,118,5900000000,118,118,118,89,1,118,5900000000,1,1,1,"HISTORY_SUMMARY_VALID",13043216080008074101,"fbbf232a0a941ee9",220,475,96,15,15,81,0.40299909671199202,1.5461229081623078,6917.6264320264499,4.072804500722472,1,10,98,108,98,0,0,"history_fault_coverage=[98,108) source=derived:tx.oldest_recoverable_epoch+1; omitted_epochs=98 material_gap_epochs=0; no detection or protection claim is made outside the covered range","history_fault_omitted:[0,98) count=98",""
uwb-imu-pl/gate-d-diagnostics/v16,119,5950000000,119,119,119,90,1,119,5950000000,1,1,1,"HISTORY_SUMMARY_VALID",12559435437092674119,"fbbf232a0a941ee9",220,475,96,15,15,81,0.3951758514502603,1.5626709648144606,6917.7236054233363,4.0563620919856431,1,10,99,109,99,0,0,"history_fault_coverage=[99,109) source=derived:tx.oldest_recoverable_epoch+1; omitted_epochs=99 material_gap_epochs=0; no detection or protection claim is made outside the covered range","history_fault_omitted:[0,99) count=99",""
uwb-imu-pl/gate-d-diagnostics/v16,120,6000000000,120,120,120,91,1,120,6000000000,1,1,1,"HISTORY_SUMMARY_VALID",47706500712959010,"fbbf232a0a941ee9",220,475,96,15,15,81,0.40868538296122764,1.598290497202862,6917.3966972875751,4.3202812052366157,1,10,100,110,100,0,0,"history_fault_coverage=[100,110) source=derived:tx.oldest_recoverable_epoch+1; omitted_epochs=100 material_gap_epochs=0; no detection or protection claim is made outside the covered range","history_fault_omitted:[0,100) count=100",""
