schema_version,input_attempt_id,input_timestamp_ns,transaction_id,window_id,graph_version,ordering_version,noise_model_version,linpoint_version,output_timestamp_ns,snapshot_id,source_revision,config_digest,manifest_digest,state_solution_id,sensor_timestamp_ns,frame_id,position_reference,tangent_convention,state_scale,output_jacobian_contract,whitening_id,noise_model_id,boundary_summary_id,history_lineage_id,protected_reference_center,active_observation_index,coverage_epoch,validity_assumptions,identity_digest
uwb-imu-pl/gate-d-diagnostics/v16,1,50000000,1,1,1,1,1,1,50000000,"window:1:transaction:1","NOT_AVAILABLE_IN_SCHEMA","daf9ab69391530ed","d2a01e7343f5c357","NOT_AVAILABLE_IN_SCHEMA",50000000,"world","body_origin","gtsam_pose3_local_rotation_then_body_translation","identity","[0_3x3 | R] on the final epoch pose block (body origin position)","frozen_block_whitener:e52f3459755ae8fc","per_block_frozen_noise_model","partial_qr_schur_boundary","NOT_AVAILABLE_IN_SCHEMA","body_origin","1000;1001;1002","NOT_AVAILABLE_IN_SCHEMA","frozen_linearization;active_window_fault_support;history_nominal_boundary_only","aaac056f19c2c580"
uwb-imu-pl/gate-d-diagnostics/v16,2,100000000,2,2,2,1,1,2,100000000,"window:2:transaction:2","NOT_AVAILABLE_IN_SCHEMA","daf9ab69391530ed","d2a01e7343f5c357","NOT_AVAILABLE_IN_SCHEMA",100000000,"world","body_origin","gtsam_pose3_local_rotation_then_body_translation","identity","[0_3x3 | R] on the final epoch pose block (body origin position)","frozen_block_whitener:53a057714ce0685e","per_block_frozen_noise_model","partial_qr_schur_boundary","NOT_AVAILABLE_IN_SCHEMA","body_origin","1001;1002;2000;2001;2002","NOT_AVAILABLE_IN_SCHEMA","frozen_linearization;active_window_fault_support;history_nominal_boundary_only","7ce4a4e35de93336"
uwb-imu-pl/gate-d-diagnostics/v16,3,150000000,3,3,3,1,1,3,150000000,"window:3:transaction:3","NOT_AVAILABLE_IN_SCHEMA","daf9ab69391530ed","d2a01e7343f5c357","NOT_AVAILABLE_IN_SCHEMA",150000000,"world","body_origin","gtsam_pose3_local_rotation_then_body_translation","identity","[0_3x3 | R] on the final epoch pose block (body origin position)","frozen_block_whitener:869b14a7de84808b","per_block_frozen_noise_model","partial_qr_schur_boundary","NOT_AVAILABLE_IN_SCHEMA","body_origin","1001;1002;2001;2002;3000;3001;3002","NOT_AVAILABLE_IN_SCHEMA","frozen_linearization;active_window_fault_support;history_nominal_boundary_only","9661d2fbb554f239"
uwb-imu-pl/gate-d-diagnostics/v16,4,200000000,4,4,4,1,1,4,200000000,"window:4:transaction:4","NOT_AVAILABLE_IN_SCHEMA","daf9ab69391530ed","d2a01e7343f5c357","NOT_AVAILABLE_IN_SCHEMA",200000000,"world","body_origin","gtsam_pose3_local_rotation_then_body_translation","identity","[0_3x3 | R] on the final epoch pose block (body origin position)","frozen_block_whitener:91410bb6d801c9d4","per_block_frozen_noise_model","partial_qr_schur_boundary","NOT_AVAILABLE_IN_SCHEMA","body_origin","1001;1002;2001;2002;3001;3002;4000;4001;4002","NOT_AVAILABLE_IN_SCHEMA","frozen_linearization;active_window_fault_support;history_nominal_boundary_only","87214ef01a0d086e"
uwb-imu-pl/gate-d-diagnostics/v16,5,250000000,5,5,5,1,1,5,250000000,"window:5:transaction:5","NOT_AVAILABLE_IN_SCHEMA","daf9ab69391530ed","d2a01e7343f5c357","NOT_AVAILABLE_IN_SCHEMA",250000000,"world","body_origin","gtsam_pose3_local_rotation_then_body_translation","identity","[0_3x3 | R] on the final epoch pose block (body origin position)","frozen_block_whitener:18f19e7ac8a5b72e","per_block_frozen_noise_model","partial_qr_schur_boundary","NOT_AVAILABLE_IN_SCHEMA","body_origin","1001;1002;2001;2002;3001;3002;4001;4002;5000;5001;5002","NOT_AVAILABLE_IN_SCHEMA","frozen_linearization;active_window_fault_support;history_nominal_boundary_only","74d756f2176c7726"
uwb-imu-pl/gate-d-diagnostics/v16,6,300000000,6,6,6,1,1,6,300000000,"window:6:transaction:6","NOT_AVAILABLE_IN_SCHEMA","daf9ab69391530ed","d2a01e7343f5c357","NOT_AVAILABLE_IN_SCHEMA",300000000,"world","body_origin","gtsam_pose3_local_rotation_then_body_translation","identity","[0_3x3 | R] on the final epoch pose block (body origin position)","frozen_block_whitener:f9c7ddea3949791d","per_block_frozen_noise_model","partial_qr_schur_boundary","NOT_AVAILABLE_IN_SCHEMA","body_origin","1001;1002;2001;2002;3001;3002;4001;4002;5001;5002;6000;6001;6002","NOT_AVAILABLE_IN_SCHEMA","frozen_linearization;active_window_fault_support;history_nominal_boundary_only","45880f47ade2827e"
uwb-imu-pl/gate-d-diagnostics/v16,7,350000000,7,7,7,1,1,7,350000000,"window:7:transaction:7","NOT_AVAILABLE_IN_SCHEMA","daf9ab69391530ed","d2a01e7343f5c357","NOT_AVAILABLE_IN_SCHEMA",350000000,"world","body_origin","gtsam_pose3_local_rotation_then_body_translation","identity","[0_3x3 | R] on the final epoch pose block (body origin position)","frozen_block_whitener:97028c2f0f4d413f","per_block_frozen_noise_model","partial_qr_schur_boundary","NOT_AVAILABLE_IN_SCHEMA","body_origin","1001;1002;2001;2002;3001;3002;4001;4002;5001;5002;6001;6002;7000;7001;7002","NOT_AVAILABLE_IN_SCHEMA","frozen_linearization;active_window_fault_support;history_nominal_boundary_only","cfc1702850eb3f49"
uwb-imu-pl/gate-d-diagnostics/v16,8,400000000,8,8,8,1,1,8,400000000,"window:8:transaction:8","NOT_AVAILABLE_IN_SCHEMA","daf9ab69391530ed","d2a01e7343f5c357","NOT_AVAILABLE_IN_SCHEMA",400000000,"world","body_origin","gtsam_pose3_local_rotation_then_body_translation","identity","[0_3x3 | R] on the final epoch pose block (body origin position)","frozen_block_whitener:3b46a953c0201c69","per_block_frozen_noise_model","partial_qr_schur_boundary","NOT_AVAILABLE_IN_SCHEMA","body_origin","1001;1002;2001;2002;3001;3002;4001;4002;5001;5002;6001;6002;7001;7002;8000;8001;8002","NOT_AVAILABLE_IN_SCHEMA","frozen_linearization;active_window_fault_support;history_nominal_boundary_only","1688466c6c08e823"
uwb-imu-pl/gate-d-diagnostics/v16,9,450000000,9,9,9,1,1,9,450000000,"window:9:transaction:9","NOT_AVAILABLE_IN_SCHEMA","daf9ab69391530ed","d2a01e7343f5c357","NOT_AVAILABLE_IN_SCHEMA",450000000,"world","body_origin","gtsam_pose3_local_rotation_then_body_translation","identity","[0_3x3 | R] on the final epoch pose block (body origin position)","frozen_block_whitener:ebade25db97639f7","per_block_frozen_noise_model","partial_qr_schur_boundary","NOT_AVAILABLE_IN_SCHEMA","body_origin","1001;1002;2001;2002;3001;3002;4001;4002;5001;5002;6001;6002;7001;7002;8001;8002;9000;9001;9002","NOT_AVAILABLE_IN_SCHEMA","frozen_linearization;active_window_fault_support;history_nominal_boundary_only","6191bd8e5f293b96"
uwb-imu-pl/gate-d-diagnostics/v16,10,500000000,10,10,10,1,1,10,500000000,"window:10:transaction:10","NOT_AVAILABLE_IN_SCHEMA","daf9ab69391530ed","d2a01e7343f5c357","NOT_AVAILABLE_IN_SCHEMA",500000000,"world","body_origin","gtsam_pose3_local_rotation_then_body_translation","identity","[0_3x3 | R] on the final epoch pose block (body origin position)","frozen_block_whitener:d35cd28c56041a84","per_block_frozen_noise_model","partial_qr_schur_boundary","NOT_AVAILABLE_IN_SCHEMA","body_origin","1001;1002;2001;2002;3001;3002;4001;4002;5001;5002;6001;6002;7001;7002;8001;8002;9001;9002;10000;10001;10002","NOT_AVAILABLE_IN_SCHEMA","frozen_linearization;active_window_fault_support;history_nominal_boundary_only","cc5f14ab972d1f1b"
uwb-imu-pl/gate-d-diagnostics/v16,11,550000000,11,11,11,1,1,11,550000000,"window:11:transaction:11","NOT_AVAILABLE_IN_SCHEMA","daf9ab69391530ed","d2a01e7343f5c357","NOT_AVAILABLE_IN_SCHEMA",550000000,"world","body_origin","gtsam_pose3_local_rotation_then_body_translation","identity","[0_3x3 | R] on the final epoch pose block (body origin position)","frozen_block_whitener:2bc8f486f1cc0083","per_block_frozen_noise_model","partial_qr_schur_boundary","NOT_AVAILABLE_IN_SCHEMA","body_origin","1002;2001;2002;3001;3002;4001;4002;5001;5002;6001;6002;7001;7002;8001;8002;9001;9002;10001;10002;11000;11001;11002","NOT_AVAILABLE_IN_SCHEMA","frozen_linearization;active_window_fault_support;history_nominal_boundary_only","ffd6bd294e74dfa9"
uwb-imu-pl/gate-d-diagnostics/v16,12,600000000,12,12,12,1,1,12,600000000,"window:12:transaction:12","NOT_AVAILABLE_IN_SCHEMA","daf9ab69391530ed","d2a01e7343f5c357","NOT_AVAILABLE_IN_SCHEMA",600000000,"world","body_origin","gtsam_pose3_local_rotation_then_body_translation","identity","[0_3x3 | R] on the final epoch pose block (body origin position)","frozen_block_whitener:3aa5586061dde2ae","per_block_frozen_noise_model","partial_qr_schur_boundary","NOT_AVAILABLE_IN_SCHEMA","body_origin","2002;3001;3002;4001;4002;5001;5002;6001;6002;7001;7002;8001;8002;9001;9002;10001;10002;11001;11002;12000;12001;12002","NOT_AVAILABLE_IN_SCHEMA","frozen_linearization;active_window_fault_support;history_nominal_boundary_only","200483f771995c93"
uwb-imu-pl/gate-d-diagnostics/v16,13,650000000,13,13,13,1,1,13,650000000,"window:13:transaction:13","NOT_AVAILABLE_IN_SCHEMA","daf9ab69391530ed","d2a01e7343f5c357","NOT_AVAILABLE_IN_SCHEMA",650000000,"world","body_origin","gtsam_pose3_local_rotation_then_body_translation","identity","[0_3x3 | R] on the final epoch pose block (body origin position)","frozen_block_whitener:24ffdc9a6d18fd22","per_block_frozen_noise_model","partial_qr_schur_boundary","NOT_AVAILABLE_IN_SCHEMA","body_origin","3002;4001;4002;5001;5002;6001;6002;7001;7002;8001;8002;9001;9002;10001;10002;11001;11002;12001;12002;13000;13001;13002","NOT_AVAILABLE_IN_SCHEMA","frozen_linearization;active_window_fault_support;history_nominal_boundary_only","178a08253f5f0663"
uwb-imu-pl/gate-d-diagnostics/v16,14,700000000,14,14,14,1,1,14,700000000,"window:14:transaction:14","NOT_AVAILABLE_IN_SCHEMA","daf9ab69391530ed","d2a01e7343f5c357","NOT_AVAILABLE_IN_SCHEMA",700000000,"world","body_origin","gtsam_pose3_local_rotation_then_body_translation","identity","[0_3x3 | R] on the final epoch pose block (body origin position)","frozen_block_whitener:357b27e9cc61aeb1","per_block_frozen_noise_model","partial_qr_schur_boundary","NOT_AVAILABLE_IN_SCHEMA","body_origin","4002;5001;5002;6001;6002;7001;7002;8001;8002;9001;9002;10001;10002;11001;11002;12001;12002;13001;13002;14000;14001;14002","NOT_AVAILABLE_IN_SCHEMA","frozen_linearization;active_window_fault_support;history_nominal_boundary_only","f6ac05e5b4c8a04f"
uwb-imu-pl/gate-d-diagnostics/v16,15,750000000,15,15,15,1,1,15,750000000,"window:15:transaction:15","NOT_AVAILABLE_IN_SCHEMA","daf9ab69391530ed","d2a01e7343f5c357","NOT_AVAILABLE_IN_SCHEMA",750000000,"world","body_origin","gtsam_pose3_local_rotation_then_body_translation","identity","[0_3x3 | R] on the final epoch pose block (body origin position)","frozen_block_whitener:66949d9657b151cf","per_block_frozen_noise_model","partial_qr_schur_boundary","NOT_AVAILABLE_IN_SCHEMA","body_origin","5002;6001;6002;7001;7002;8001;8002;9001;9002;10001;10002;11001;11002;12001;12002;13001;13002;14001;14002;15000;15001;15002","NOT_AVAILABLE_IN_SCHEMA","frozen_linearization;active_window_fault_support;history_nominal_boundary_only","480723e1699a38db"
uwb-imu-pl/gate-d-diagnostics/v16,16,800000000,16,16,16,1,1,16,800000000,"window:16:transaction:16","NOT_AVAILABLE_IN_SCHEMA","daf9ab69391530ed","d2a01e7343f5c357","NOT_AVAILABLE_IN_SCHEMA",800000000,"world","body_origin","gtsam_pose3_local_rotation_then_body_translation","identity","[0_3x3 | R] on the final epoch pose block (body origin position)","frozen_block_whitener:df960e027bb7d3e4","per_block_frozen_noise_model","partial_qr_schur_boundary","NOT_AVAILABLE_IN_SCHEMA","body_origin","6002;7001;7002;8001;8002;9001;9002;10001;10002;11001;11002;12001;12002;13001;13002;14001;14002;15001;15002;16000;16001;16002","NOT_AVAILABLE_IN_SCHEMA","frozen_linearization;active_window_fault_support;history_nominal_boundary_only","8dd9b4735b1f1ae8"
uwb-imu-pl/gate-d-diagnostics/v16,17,850000000,17,17,17,1,1,17,850000000,"window:17:transaction:17","NOT_AVAILABLE_IN_SCHEMA","daf9ab69391530ed","d2a01e7343f5c357","NOT_AVAILABLE_IN_SCHEMA",850000000,"world","body_origin","gtsam_pose3_local_rotation_then_body_translation","identity","[0_3x3 | R] on the final epoch pose block (body origin position)","frozen_block_whitener:6abdd08801a27658","per_block_frozen_noise_model","partial_qr_schur_boundary","NOT_AVAILABLE_IN_SCHEMA","body_origin","7002;8001;8002;9001;9002;10001;10002;11001;11002;12001;12002;13001;13002;14001;14002;15001;15002;16001;16002;17000;17001;17002","NOT_AVAILABLE_IN_SCHEMA","frozen_linearization;active_window_fault_support;history_nominal_boundary_only","79265cdc52543efc"
uwb-imu-pl/gate-d-diagnostics/v16,18,900000000,18,18,18,1,1,18,900000000,"window:18:transaction:18","NOT_AVAILABLE_IN_SCHEMA","daf9ab69391530ed","d2a01e7343f5c357","NOT_AVAILABLE_IN_SCHEMA",900000000,"world","body_origin","gtsam_pose3_local_rotation_then_body_translation","identity","[0_3x3 | R] on the final epoch pose block (body origin position)","frozen_block_whitener:ac6711573628abaf","per_block_frozen_noise_model","partial_qr_schur_boundary","NOT_AVAILABLE_IN_SCHEMA","body_origin","8002;9001;9002;10001;10002;11001;11002;12001;12002;13001;13002;14001;14002;15001;15002;16001;16002;17001;17002;18000;18001;18002","NOT_AVAILABLE_IN_SCHEMA","frozen_linearization;active_window_fault_support;history_nominal_boundary_only","6b7c15c6fcdcdd3b"
uwb-imu-pl/gate-d-diagnostics/v16,19,950000000,19,19,19,1,1,19,950000000,"window:19:transaction:19","NOT_AVAILABLE_IN_SCHEMA","daf9ab69391530ed","d2a01e7343f5c357","NOT_AVAILABLE_IN_SCHEMA",950000000,"world","body_origin","gtsam_pose3_local_rotation_then_body_translation","identity","[0_3x3 | R] on the final epoch pose block (body origin position)","frozen_block_whitener:16a52271d6f5b05e","per_block_frozen_noise_model","partial_qr_schur_boundary","NOT_AVAILABLE_IN_SCHEMA","body_origin","9002;10001;10002;11001;11002;12001;12002;13001;13002;14001;14002;15001;15002;16001;16002;17001;17002;18001;18002;19000;19001;19002","NOT_AVAILABLE_IN_SCHEMA","frozen_linearization;active_window_fault_support;history_nominal_boundary_only","f55062c1fdc60454"
uwb-imu-pl/gate-d-diagnostics/v16,20,1000000000,20,20,20,1,1,20,1000000000,"window:20:transaction:20","NOT_AVAILABLE_IN_SCHEMA","daf9ab69391530ed","d2a01e7343f5c357","NOT_AVAILABLE_IN_SCHEMA",1000000000,"world","body_origin","gtsam_pose3_local_rotation_then_body_translation","identity","[0_3x3 | R] on the final epoch pose block (body origin position)","frozen_block_whitener:9f266e22e060acba","per_block_frozen_noise_model","partial_qr_schur_boundary","NOT_AVAILABLE_IN_SCHEMA","body_origin","10002;11001;11002;12001;12002;13001;13002;14001;14002;15001;15002;16001;16002;17001;17002;18001;18002;19001;19002;20000;20001;20002","NOT_AVAILABLE_IN_SCHEMA","frozen_linearization;active_window_fault_support;history_nominal_boundary_only","77c3f59d24ac9cf1"
uwb-imu-pl/gate-d-diagnostics/v16,21,1050000000,21,21,21,1,1,21,1050000000,"window:21:transaction:21","NOT_AVAILABLE_IN_SCHEMA","daf9ab69391530ed","d2a01e7343f5c357","NOT_AVAILABLE_IN_SCHEMA",1050000000,"world","body_origin","gtsam_pose3_local_rotation_then_body_translation","identity","[0_3x3 | R] on the final epoch pose block (body origin position)","frozen_block_whitener:ea58ca773d64e8ad","per_block_frozen_noise_model","partial_qr_schur_boundary","NOT_AVAILABLE_IN_SCHEMA","body_origin","11002;12001;12002;13001;13002;14001;14002;15001;15002;16001;16002;17001;17002;18001;18002;19001;19002;20001;20002;21000;21001;21002","NOT_AVAILABLE_IN_SCHEMA","frozen_linearization;active_window_fault_support;history_nominal_boundary_only","f3173dfe98fbc9e2"
uwb-imu-pl/gate-d-diagnostics/v16,22,1100000000,22,22,22,1,1,22,1100000000,"window:22:transaction:22","NOT_AVAILABLE_IN_SCHEMA","daf9ab69391530ed","d2a01e7343f5c357","NOT_AVAILABLE_IN_SCHEMA",1100000000,"world","body_origin","gtsam_pose3_local_rotation_then_body_translation","identity","[0_3x3 | R] on the final epoch pose block (body origin position)","frozen_block_whitener:e914ce8f02860f1f","per_block_frozen_noise_model","partial_qr_schur_boundary","NOT_AVAILABLE_IN_SCHEMA","body_origin","12002;13001;13002;14001;14002;15001;15002;16001;16002;17001;17002;18001;18002;19001;19002;20001;20002;21001;21002;22000;22001;22002","NOT_AVAILABLE_IN_SCHEMA","frozen_linearization;active_window_fault_support;history_nominal_boundary_only","3a6b1186b14ff7ee"
uwb-imu-pl/gate-d-diagnostics/v16,23,1150000000,23,23,23,1,1,23,1150000000,"window:23:transaction:23","NOT_AVAILABLE_IN_SCHEMA","daf9ab69391530ed","d2a01e7343f5c357","NOT_AVAILABLE_IN_SCHEMA",1150000000,"world","body_origin","gtsam_pose3_local_rotation_then_body_translation","identity","[0_3x3 | R] on the final epoch pose block (body origin position)","frozen_block_whitener:a43b3098ae3fba72","per_block_frozen_noise_model","partial_qr_schur_boundary","NOT_AVAILABLE_IN_SCHEMA","body_origin","13002;14001;14002;15001;15002;16001;16002;17001;17002;18001;18002;19001;19002;20001;20002;21001;21002;22001;22002;23000;23001;23002","NOT_AVAILABLE_IN_SCHEMA","frozen_linearization;active_window_fault_support;history_nominal_boundary_only","541fbd6824a7575c"
uwb-imu-pl/gate-d-diagnostics/v16,24,1200000000,24,24,24,1,1,24,1200000000,"window:24:transaction:24","NOT_AVAILABLE_IN_SCHEMA","daf9ab69391530ed","d2a01e7343f5c357","NOT_AVAILABLE_IN_SCHEMA",1200000000,"world","body_origin","gtsam_pose3_local_rotation_then_body_translation","identity","[0_3x3 | R] on the final epoch pose block (body origin position)","frozen_block_whitener:74c82c4ff928ba75","per_block_frozen_noise_model","partial_qr_schur_boundary","NOT_AVAILABLE_IN_SCHEMA","body_origin","14002;15001;15002;16001;16002;17001;17002;18001;18002;19001;19002;20001;20002;21001;21002;22001;22002;23001;23002;24000;24001;24002","NOT_AVAILABLE_IN_SCHEMA","frozen_linearization;active_window_fault_support;history_nominal_boundary_only","713c956cb0c546f4"
uwb-imu-pl/gate-d-diagnostics/v16,25,1250000000,25,25,25,1,1,25,1250000000,"window:25:transaction:25","NOT_AVAILABLE_IN_SCHEMA","daf9ab69391530ed","d2a01e7343f5c357","NOT_AVAILABLE_IN_SCHEMA",1250000000,"world","body_origin","gtsam_pose3_local_rotation_then_body_translation","identity","[0_3x3 | R] on the final epoch pose block (body origin position)","frozen_block_whitener:d96b9c2b44a7d7e3","per_block_frozen_noise_model","partial_qr_schur_boundary","NOT_AVAILABLE_IN_SCHEMA","body_origin","15002;16001;16002;17001;17002;18001;18002;19001;19002;20001;20002;21001;21002;22001;22002;23001;23002;24001;24002;25000;25001;25002","NOT_AVAILABLE_IN_SCHEMA","frozen_linearization;active_window_fault_support;history_nominal_boundary_only","7f17e9df5e70a172"
uwb-imu-pl/gate-d-diagnostics/v16,26,1300000000,26,26,26,1,1,26,1300000000,"window:26:transaction:26","NOT_AVAILABLE_IN_SCHEMA","daf9ab69391530ed","d2a01e7343f5c357","NOT_AVAILABLE_IN_SCHEMA",1300000000,"world","body_origin","gtsam_pose3_local_rotation_then_body_translation","identity","[0_3x3 | R] on the final epoch pose block (body origin position)","frozen_block_whitener:e0723bacc10b2748","per_block_frozen_noise_model","partial_qr_schur_boundary","NOT_AVAILABLE_IN_SCHEMA","body_origin","16002;17001;17002;18001;18002;19001;19002;20001;20002;21001;21002;22001;22002;23001;23002;24001;24002;25001;25002;26000;26001;26002","NOT_AVAILABLE_IN_SCHEMA","frozen_linearization;active_window_fault_support;history_nominal_boundary_only","c204cd6b5e2720c8"
uwb-imu-pl/gate-d-diagnostics/v16,27,1350000000,27,27,27,1,1,27,1350000000,"window:27:transaction:27","NOT_AVAILABLE_IN_SCHEMA","daf9ab69391530ed","d2a01e7343f5c357","NOT_AVAILABLE_IN_SCHEMA",1350000000,"world","body_origin","gtsam_pose3_local_rotation_then_body_translation","identity","[0_3x3 | R] on the final epoch pose block (body origin position)","frozen_block_whitener:df00c77c1cc31119","per_block_frozen_noise_model","partial_qr_schur_boundary","NOT_AVAILABLE_IN_SCHEMA","body_origin","17002;18001;18002;19001;19002;20001;20002;21001;21002;22001;22002;23001;23002;24001;24002;25001;25002;26001;26002;27000;27001;27002","NOT_AVAILABLE_IN_SCHEMA","frozen_linearization;active_window_fault_support;history_nominal_boundary_only","08ccbded0d1d54af"
uwb-imu-pl/gate-d-diagnostics/v16,28,1400000000,28,28,28,1,1,28,1400000000,"window:28:transaction:28","NOT_AVAILABLE_IN_SCHEMA","daf9ab69391530ed","d2a01e7343f5c357","NOT_AVAILABLE_IN_SCHEMA",1400000000,"world","body_origin","gtsam_pose3_local_rotation_then_body_translation","identity","[0_3x3 | R] on the final epoch pose block (body origin position)","frozen_block_whitener:73181ddfa8ba4494","per_block_frozen_noise_model","partial_qr_schur_boundary","NOT_AVAILABLE_IN_SCHEMA","body_origin","18002;19001;19002;20001;20002;21001;21002;22001;22002;23001;23002;24001;24002;25001;25002;26001;26002;27001;27002;28000;28001;28002","NOT_AVAILABLE_IN_SCHEMA","frozen_linearization;active_window_fault_support;history_nominal_boundary_only","b4000e91c13bac18"
uwb-imu-pl/gate-d-diagnostics/v16,29,1450000000,29,29,29,1,1,29,1450000000,"window:29:transaction:29","NOT_AVAILABLE_IN_SCHEMA","daf9ab69391530ed","d2a01e7343f5c357","NOT_AVAILABLE_IN_SCHEMA",1450000000,"world","body_origin","gtsam_pose3_local_rotation_then_body_translation","identity","[0_3x3 | R] on the final epoch pose block (body origin position)","frozen_block_whitener:cdc969fc2c8454c6","per_block_frozen_noise_model","partial_qr_schur_boundary","NOT_AVAILABLE_IN_SCHEMA","body_origin","19002;20001;20002;21001;21002;22001;22002;23001;23002;24001;24002;25001;25002;26001;26002;27001;27002;28001;28002;29000;29001;29002","NOT_AVAILABLE_IN_SCHEMA","frozen_linearization;active_window_fault_support;history_nominal_boundary_only","8bacea1878307610"
uwb-imu-pl/gate-d-diagnostics/v16,30,1500000000,30,30,30,1,1,30,1500000000,"window:30:transaction:30","NOT_AVAILABLE_IN_SCHEMA","daf9ab69391530ed","d2a01e7343f5c357","NOT_AVAILABLE_IN_SCHEMA",1500000000,"world","body_origin","gtsam_pose3_local_rotation_then_body_translation","identity","[0_3x3 | R] on the final epoch pose block (body origin position)","frozen_block_whitener:6bfc407aee395bb3","per_block_frozen_noise_model","partial_qr_schur_boundary","NOT_AVAILABLE_IN_SCHEMA","body_origin","20002;21001;21002;22001;22002;23001;23002;24001;24002;25001;25002;26001;26002;27001;27002;28001;28002;29001;29002;30000;30001;30002","NOT_AVAILABLE_IN_SCHEMA","frozen_linearization;active_window_fault_support;history_nominal_boundary_only","d97ff3f6fc0ef71b"
uwb-imu-pl/gate-d-diagnostics/v16,31,1550000000,31,31,31,2,1,31,1550000000,"window:31:transaction:31","NOT_AVAILABLE_IN_SCHEMA","daf9ab69391530ed","d2a01e7343f5c357","NOT_AVAILABLE_IN_SCHEMA",1550000000,"world","body_origin","gtsam_pose3_local_rotation_then_body_translation","identity","[0_3x3 | R] on the final epoch pose block (body origin position)","frozen_block_whitener:1526857015b8fe52","per_block_frozen_noise_model","partial_qr_schur_boundary","NOT_AVAILABLE_IN_SCHEMA","body_origin","21002;22001;22002;23001;23002;24001;24002;25001;25002;26001;26002;27001;27002;28001;28002;29001;29002;30001;30002;31000;31001;31002","NOT_AVAILABLE_IN_SCHEMA","frozen_linearization;active_window_fault_support;history_nominal_boundary_only","71bb2a6a17e13d81"
uwb-imu-pl/gate-d-diagnostics/v16,32,1600000000,32,32,32,3,1,32,1600000000,"window:32:transaction:32","NOT_AVAILABLE_IN_SCHEMA","daf9ab69391530ed","d2a01e7343f5c357","NOT_AVAILABLE_IN_SCHEMA",1600000000,"world","body_origin","gtsam_pose3_local_rotation_then_body_translation","identity","[0_3x3 | R] on the final epoch pose block (body origin position)","frozen_block_whitener:948dce68a81d4605","per_block_frozen_noise_model","partial_qr_schur_boundary","NOT_AVAILABLE_IN_SCHEMA","body_origin","22002;23001;23002;24001;24002;25001;25002;26001;26002;27001;27002;28001;28002;29001;29002;30001;30002;31001;31002;32000;32001;32002","NOT_AVAILABLE_IN_SCHEMA","frozen_linearization;active_window_fault_support;history_nominal_boundary_only","08c394e49f1f2fc1"
uwb-imu-pl/gate-d-diagnostics/v16,33,1650000000,33,33,33,4,1,33,1650000000,"window:33:transaction:33","NOT_AVAILABLE_IN_SCHEMA","daf9ab69391530ed","d2a01e7343f5c357","NOT_AVAILABLE_IN_SCHEMA",1650000000,"world","body_origin","gtsam_pose3_local_rotation_then_body_translation","identity","[0_3x3 | R] on the final epoch pose block (body origin position)","frozen_block_whitener:cc7f7f7a251ed4d1","per_block_frozen_noise_model","partial_qr_schur_boundary","NOT_AVAILABLE_IN_SCHEMA","body_origin","23002;24001;24002;25001;25002;26001;26002;27001;27002;28001;28002;29001;29002;30001;30002;31001;31002;32001;32002;33000;33001;33002","NOT_AVAILABLE_IN_SCHEMA","frozen_linearization;active_window_fault_support;history_nominal_boundary_only","1eeb723375df8302"
uwb-imu-pl/gate-d-diagnostics/v16,34,1700000000,34,34,34,5,1,34,1700000000,"window:34:transaction:34","NOT_AVAILABLE_IN_SCHEMA","daf9ab69391530ed","d2a01e7343f5c357","NOT_AVAILABLE_IN_SCHEMA",1700000000,"world","body_origin","gtsam_pose3_local_rotation_then_body_translation","identity","[0_3x3 | R] on the final epoch pose block (body origin position)","frozen_block_whitener:c64efa39f45e98cf","per_block_frozen_noise_model","partial_qr_schur_boundary","NOT_AVAILABLE_IN_SCHEMA","body_origin","24002;25001;25002;26001;26002;27001;27002;28001;28002;29001;29002;30001;30002;31001;31002;32001;32002;33001;33002;34000;34001;34002","NOT_AVAILABLE_IN_SCHEMA","frozen_linearization;active_window_fault_support;history_nominal_boundary_only","80be6c80a34e0bff"
uwb-imu-pl/gate-d-diagnostics/v16,35,1750000000,35,35,35,6,1,35,1750000000,"window:35:transaction:35","NOT_AVAILABLE_IN_SCHEMA","daf9ab69391530ed","d2a01e7343f5c357","NOT_AVAILABLE_IN_SCHEMA",1750000000,"world","body_origin","gtsam_pose3_local_rotation_then_body_translation","identity","[0_3x3 | R] on the final epoch pose block (body origin position)","frozen_block_whitener:bf93116a791ae9ad","per_block_frozen_noise_model","partial_qr_schur_boundary","NOT_AVAILABLE_IN_SCHEMA","body_origin","25002;26001;26002;27001;27002;28001;28002;29001;29002;30001;30002;31001;31002;32001;32002;33001;33002;34001;34002;35000;35001;35002","NOT_AVAILABLE_IN_SCHEMA","frozen_linearization;active_window_fault_support;history_nominal_boundary_only","f8d96b0d5fe445d9"
uwb-imu-pl/gate-d-diagnostics/v16,36,1800000000,36,36,36,7,1,36,1800000000,"window:36:transaction:36","NOT_AVAILABLE_IN_SCHEMA","daf9ab69391530ed","d2a01e7343f5c357","NOT_AVAILABLE_IN_SCHEMA",1800000000,"world","body_origin","gtsam_pose3_local_rotation_then_body_translation","identity","[0_3x3 | R] on the final epoch pose block (body origin position)","frozen_block_whitener:1f055c1b77f18f1e","per_block_frozen_noise_model","partial_qr_schur_boundary","NOT_AVAILABLE_IN_SCHEMA","body_origin","26002;27001;27002;28001;28002;29001;29002;30001;30002;31001;31002;32001;32002;33001;33002;34001;34002;35001;35002;36000;36001;36002","NOT_AVAILABLE_IN_SCHEMA","frozen_linearization;active_window_fault_support;history_nominal_boundary_only","963aeead16f9e829"
uwb-imu-pl/gate-d-diagnostics/v16,37,1850000000,37,37,37,8,1,37,1850000000,"window:37:transaction:37","NOT_AVAILABLE_IN_SCHEMA","daf9ab69391530ed","d2a01e7343f5c357","NOT_AVAILABLE_IN_SCHEMA",1850000000,"world","body_origin","gtsam_pose3_local_rotation_then_body_translation","identity","[0_3x3 | R] on the final epoch pose block (body origin position)","frozen_block_whitener:5e337b1bc300f0fb","per_block_frozen_noise_model","partial_qr_schur_boundary","NOT_AVAILABLE_IN_SCHEMA","body_origin","27002;28001;28002;29001;29002;30001;30002;31001;31002;32001;32002;33001;33002;34001;34002;35001;35002;36001;36002;37000;37001;37002","NOT_AVAILABLE_IN_SCHEMA","frozen_linearization;active_window_fault_support;history_nominal_boundary_only","a7e10bb9d80d30f4"
uwb-imu-pl/gate-d-diagnostics/v16,38,1900000000,38,38,38,9,1,38,1900000000,"window:38:transaction:38","NOT_AVAILABLE_IN_SCHEMA","daf9ab69391530ed","d2a01e7343f5c357","NOT_AVAILABLE_IN_SCHEMA",1900000000,"world","body_origin","gtsam_pose3_local_rotation_then_body_translation","identity","[0_3x3 | R] on the final epoch pose block (body origin position)","frozen_block_whitener:f5d60afe5c42cab1","per_block_frozen_noise_model","partial_qr_schur_boundary","NOT_AVAILABLE_IN_SCHEMA","body_origin","28002;29001;29002;30001;30002;31001;31002;32001;32002;33001;33002;34001;34002;35001;35002;36001;36002;37001;37002;38000;38001;38002","NOT_AVAILABLE_IN_SCHEMA","frozen_linearization;active_window_fault_support;history_nominal_boundary_only","7b73a4c3922e5c70"
uwb-imu-pl/gate-d-diagnostics/v16,39,1950000000,39,39,39,10,1,39,1950000000,"window:39:transaction:39","NOT_AVAILABLE_IN_SCHEMA","daf9ab69391530ed","d2a01e7343f5c357","NOT_AVAILABLE_IN_SCHEMA",1950000000,"world","body_origin","gtsam_pose3_local_rotation_then_body_translation","identity","[0_3x3 | R] on the final epoch pose block (body origin position)","frozen_block_whitener:e4f1ea704c23f594","per_block_frozen_noise_model","partial_qr_schur_boundary","NOT_AVAILABLE_IN_SCHEMA","body_origin","29002;30001;30002;31001;31002;32001;32002;33001;33002;34001;34002;35001;35002;36001;36002;37001;37002;38001;38002;39000;39001;39002","NOT_AVAILABLE_IN_SCHEMA","frozen_linearization;active_window_fault_support;history_nominal_boundary_only","bd90b27ef70e9d56"
uwb-imu-pl/gate-d-diagnostics/v16,40,2000000000,40,40,40,11,1,40,2000000000,"window:40:transaction:40","NOT_AVAILABLE_IN_SCHEMA","daf9ab69391530ed","d2a01e7343f5c357","NOT_AVAILABLE_IN_SCHEMA",2000000000,"world","body_origin","gtsam_pose3_local_rotation_then_body_translation","identity","[0_3x3 | R] on the final epoch pose block (body origin position)","frozen_block_whitener:4f76c0b25c980c71","per_block_frozen_noise_model","partial_qr_schur_boundary","NOT_AVAILABLE_IN_SCHEMA","body_origin","30002;31001;31002;32001;32002;33001;33002;34001;34002;35001;35002;36001;36002;37001;37002;38001;38002;39001;39002;40000;40001;40002","NOT_AVAILABLE_IN_SCHEMA","frozen_linearization;active_window_fault_support;history_nominal_boundary_only","d076cd9be4edd272"
uwb-imu-pl/gate-d-diagnostics/v16,41,2050000000,41,41,41,12,1,41,2050000000,"window:41:transaction:41","NOT_AVAILABLE_IN_SCHEMA","daf9ab69391530ed","d2a01e7343f5c357","NOT_AVAILABLE_IN_SCHEMA",2050000000,"world","body_origin","gtsam_pose3_local_rotation_then_body_translation","identity","[0_3x3 | R] on the final epoch pose block (body origin position)","frozen_block_whitener:4573b0d1088e0094","per_block_frozen_noise_model","partial_qr_schur_boundary","NOT_AVAILABLE_IN_SCHEMA","body_origin","31002;32001;32002;33001;33002;34001;34002;35001;35002;36001;36002;37001;37002;38001;38002;39001;39002;40001;40002;41000;41001;41002","NOT_AVAILABLE_IN_SCHEMA","frozen_linearization;active_window_fault_support;history_nominal_boundary_only","a4382eaaf56a8c9f"
uwb-imu-pl/gate-d-diagnostics/v16,42,2100000000,42,42,42,13,1,42,2100000000,"window:42:transaction:42","NOT_AVAILABLE_IN_SCHEMA","daf9ab69391530ed","d2a01e7343f5c357","NOT_AVAILABLE_IN_SCHEMA",2100000000,"world","body_origin","gtsam_pose3_local_rotation_then_body_translation","identity","[0_3x3 | R] on the final epoch pose block (body origin position)","frozen_block_whitener:9c7f63fda3f35db9","per_block_frozen_noise_model","partial_qr_schur_boundary","NOT_AVAILABLE_IN_SCHEMA","body_origin","32002;33001;33002;34001;34002;35001;35002;36001;36002;37001;37002;38001;38002;39001;39002;40001;40002;41001;41002;42000;42001;42002","NOT_AVAILABLE_IN_SCHEMA","frozen_linearization;active_window_fault_support;history_nominal_boundary_only","b430f92f05090fda"
uwb-imu-pl/gate-d-diagnostics/v16,43,2150000000,43,43,43,14,1,43,2150000000,"window:43:transaction:43","NOT_AVAILABLE_IN_SCHEMA","daf9ab69391530ed","d2a01e7343f5c357","NOT_AVAILABLE_IN_SCHEMA",2150000000,"world","body_origin","gtsam_pose3_local_rotation_then_body_translation","identity","[0_3x3 | R] on the final epoch pose block (body origin position)","frozen_block_whitener:8582582571502a89","per_block_frozen_noise_model","partial_qr_schur_boundary","NOT_AVAILABLE_IN_SCHEMA","body_origin","33002;34001;34002;35001;35002;36001;36002;37001;37002;38001;38002;39001;39002;40001;40002;41001;41002;42001;42002;43000;43001;43002","NOT_AVAILABLE_IN_SCHEMA","frozen_linearization;active_window_fault_support;history_nominal_boundary_only","c08dd333615e9618"
uwb-imu-pl/gate-d-diagnostics/v16,44,2200000000,44,44,44,15,1,44,2200000000,"window:44:transaction:44","NOT_AVAILABLE_IN_SCHEMA","daf9ab69391530ed","d2a01e7343f5c357","NOT_AVAILABLE_IN_SCHEMA",2200000000,"world","body_origin","gtsam_pose3_local_rotation_then_body_translation","identity","[0_3x3 | R] on the final epoch pose block (body origin position)","frozen_block_whitener:86da7881fd1ce62c","per_block_frozen_noise_model","partial_qr_schur_boundary","NOT_AVAILABLE_IN_SCHEMA","body_origin","34002;35001;35002;36001;36002;37001;37002;38001;38002;39001;39002;40001;40002;41001;41002;42001;42002;43001;43002;44000;44001;44002","NOT_AVAILABLE_IN_SCHEMA","frozen_linearization;active_window_fault_support;history_nominal_boundary_only","2182176d5cbc50bf"
uwb-imu-pl/gate-d-diagnostics/v16,45,2250000000,45,45,45,16,1,45,2250000000,"window:45:transaction:45","NOT_AVAILABLE_IN_SCHEMA","daf9ab69391530ed","d2a01e7343f5c357","NOT_AVAILABLE_IN_SCHEMA",2250000000,"world","body_origin","gtsam_pose3_local_rotation_then_body_translation","identity","[0_3x3 | R] on the final epoch pose block (body origin position)","frozen_block_whitener:09faca5d18ab75d0","per_block_frozen_noise_model","partial_qr_schur_boundary","NOT_AVAILABLE_IN_SCHEMA","body_origin","35002;36001;36002;37001;37002;38001;38002;39001;39002;40001;40002;41001;41002;42001;42002;43001;43002;44001;44002;45000;45001;45002","NOT_AVAILABLE_IN_SCHEMA","frozen_linearization;active_window_fault_support;history_nominal_boundary_only","15dac29e3d4a8d42"
uwb-imu-pl/gate-d-diagnostics/v16,46,2300000000,46,46,46,17,1,46,2300000000,"window:46:transaction:46","NOT_AVAILABLE_IN_SCHEMA","daf9ab69391530ed","d2a01e7343f5c357","NOT_AVAILABLE_IN_SCHEMA",2300000000,"world","body_origin","gtsam_pose3_local_rotation_then_body_translation","identity","[0_3x3 | R] on the final epoch pose block (body origin position)","frozen_block_whitener:14b23325e39eb7b1","per_block_frozen_noise_model","partial_qr_schur_boundary","NOT_AVAILABLE_IN_SCHEMA","body_origin","36002;37001;37002;38001;38002;39001;39002;40001;40002;41001;41002;42001;42002;43001;43002;44001;44002;45001;45002;46000;46001;46002","NOT_AVAILABLE_IN_SCHEMA","frozen_linearization;active_window_fault_support;history_nominal_boundary_only","e0ec6953efc2b15d"
uwb-imu-pl/gate-d-diagnostics/v16,47,2350000000,47,47,47,18,1,47,2350000000,"window:47:transaction:47","NOT_AVAILABLE_IN_SCHEMA","daf9ab69391530ed","d2a01e7343f5c357","NOT_AVAILABLE_IN_SCHEMA",2350000000,"world","body_origin","gtsam_pose3_local_rotation_then_body_translation","identity","[0_3x3 | R] on the final epoch pose block (body origin position)","frozen_block_whitener:c9b139102fb57c33","per_block_frozen_noise_model","partial_qr_schur_boundary","NOT_AVAILABLE_IN_SCHEMA","body_origin","37002;38001;38002;39001;39002;40001;40002;41001;41002;42001;42002;43001;43002;44001;44002;45001;45002;46001;46002;47000;47001;47002","NOT_AVAILABLE_IN_SCHEMA","frozen_linearization;active_window_fault_support;history_nominal_boundary_only","52c7978b23f26509"
uwb-imu-pl/gate-d-diagnostics/v16,48,2400000000,48,48,48,19,1,48,2400000000,"window:48:transaction:48","NOT_AVAILABLE_IN_SCHEMA","daf9ab69391530ed","d2a01e7343f5c357","NOT_AVAILABLE_IN_SCHEMA",2400000000,"world","body_origin","gtsam_pose3_local_rotation_then_body_translation","identity","[0_3x3 | R] on the final epoch pose block (body origin position)","frozen_block_whitener:7a75655a3a7ff0c1","per_block_frozen_noise_model","partial_qr_schur_boundary","NOT_AVAILABLE_IN_SCHEMA","body_origin","38002;39001;39002;40001;40002;41001;41002;42001;42002;43001;43002;44001;44002;45001;45002;46001;46002;47001;47002;48000;48001;48002","NOT_AVAILABLE_IN_SCHEMA","frozen_linearization;active_window_fault_support;history_nominal_boundary_only","9eab84d6059d817a"
uwb-imu-pl/gate-d-diagnostics/v16,49,2450000000,49,49,49,20,1,49,2450000000,"window:49:transaction:49","NOT_AVAILABLE_IN_SCHEMA","daf9ab69391530ed","d2a01e7343f5c357","NOT_AVAILABLE_IN_SCHEMA",2450000000,"world","body_origin","gtsam_pose3_local_rotation_then_body_translation","identity","[0_3x3 | R] on the final epoch pose block (body origin position)","frozen_block_whitener:7c336063784227a3","per_block_frozen_noise_model","partial_qr_schur_boundary","NOT_AVAILABLE_IN_SCHEMA","body_origin","39002;40001;40002;41001;41002;42001;42002;43001;43002;44001;44002;45001;45002;46001;46002;47001;47002;48001;48002;49000;49001;49002","NOT_AVAILABLE_IN_SCHEMA","frozen_linearization;active_window_fault_support;history_nominal_boundary_only","6a112db64b95e48e"
uwb-imu-pl/gate-d-diagnostics/v16,50,2500000000,50,50,50,21,1,50,2500000000,"window:50:transaction:50","NOT_AVAILABLE_IN_SCHEMA","daf9ab69391530ed","d2a01e7343f5c357","NOT_AVAILABLE_IN_SCHEMA",2500000000,"world","body_origin","gtsam_pose3_local_rotation_then_body_translation","identity","[0_3x3 | R] on the final epoch pose block (body origin position)","frozen_block_whitener:350368187fe30478","per_block_frozen_noise_model","partial_qr_schur_boundary","NOT_AVAILABLE_IN_SCHEMA","body_origin","40002;41001;41002;42001;42002;43001;43002;44001;44002;45001;45002;46001;46002;47001;47002;48001;48002;49001;49002;50000;50001;50002","NOT_AVAILABLE_IN_SCHEMA","frozen_linearization;active_window_fault_support;history_nominal_boundary_only","d7e7c7eb33aba325"
uwb-imu-pl/gate-d-diagnostics/v16,51,2550000000,51,51,51,22,1,51,2550000000,"window:51:transaction:51","NOT_AVAILABLE_IN_SCHEMA","daf9ab69391530ed","d2a01e7343f5c357","NOT_AVAILABLE_IN_SCHEMA",2550000000,"world","body_origin","gtsam_pose3_local_rotation_then_body_translation","identity","[0_3x3 | R] on the final epoch pose block (body origin position)","frozen_block_whitener:b0aeddb899370012","per_block_frozen_noise_model","partial_qr_schur_boundary","NOT_AVAILABLE_IN_SCHEMA","body_origin","41002;42001;42002;43001;43002;44001;44002;45001;45002;46001;46002;47001;47002;48001;48002;49001;49002;50001;50002;51000;51001;51002","NOT_AVAILABLE_IN_SCHEMA","frozen_linearization;active_window_fault_support;history_nominal_boundary_only","690a15a370606077"
uwb-imu-pl/gate-d-diagnostics/v16,52,2600000000,52,52,52,23,1,52,2600000000,"window:52:transaction:52","NOT_AVAILABLE_IN_SCHEMA","daf9ab69391530ed","d2a01e7343f5c357","NOT_AVAILABLE_IN_SCHEMA",2600000000,"world","body_origin","gtsam_pose3_local_rotation_then_body_translation","identity","[0_3x3 | R] on the final epoch pose block (body origin position)","frozen_block_whitener:9fa36fe0d5b3cef7","per_block_frozen_noise_model","partial_qr_schur_boundary","NOT_AVAILABLE_IN_SCHEMA","body_origin","42002;43001;43002;44001;44002;45001;45002;46001;46002;47001;47002;48001;48002;49001;49002;50001;50002;51001;51002;52000;52001;52002","NOT_AVAILABLE_IN_SCHEMA","frozen_linearization;active_window_fault_support;history_nominal_boundary_only","e6378bdff2100a31"
uwb-imu-pl/gate-d-diagnostics/v16,53,2650000000,53,53,53,24,1,53,2650000000,"window:53:transaction:53","NOT_AVAILABLE_IN_SCHEMA","daf9ab69391530ed","d2a01e7343f5c357","NOT_AVAILABLE_IN_SCHEMA",2650000000,"world","body_origin","gtsam_pose3_local_rotation_then_body_translation","identity","[0_3x3 | R] on the final epoch pose block (body origin position)","frozen_block_whitener:c4f2c99222893676","per_block_frozen_noise_model","partial_qr_schur_boundary","NOT_AVAILABLE_IN_SCHEMA","body_origin","43002;44001;44002;45001;45002;46001;46002;47001;47002;48001;48002;49001;49002;50001;50002;51001;51002;52001;52002;53000;53001;53002","NOT_AVAILABLE_IN_SCHEMA","frozen_linearization;active_window_fault_support;history_nominal_boundary_only","55ea04eeee7746f0"
uwb-imu-pl/gate-d-diagnostics/v16,54,2700000000,54,54,54,25,1,54,2700000000,"window:54:transaction:54","NOT_AVAILABLE_IN_SCHEMA","daf9ab69391530ed","d2a01e7343f5c357","NOT_AVAILABLE_IN_SCHEMA",2700000000,"world","body_origin","gtsam_pose3_local_rotation_then_body_translation","identity","[0_3x3 | R] on the final epoch pose block (body origin position)","frozen_block_whitener:113db315ec7d6b5d","per_block_frozen_noise_model","partial_qr_schur_boundary","NOT_AVAILABLE_IN_SCHEMA","body_origin","44002;45001;45002;46001;46002;47001;47002;48001;48002;49001;49002;50001;50002;51001;51002;52001;52002;53001;53002;54000;54001;54002","NOT_AVAILABLE_IN_SCHEMA","frozen_linearization;active_window_fault_support;history_nominal_boundary_only","0034d4d61231e4a5"
uwb-imu-pl/gate-d-diagnostics/v16,55,2750000000,55,55,55,26,1,55,2750000000,"window:55:transaction:55","NOT_AVAILABLE_IN_SCHEMA","daf9ab69391530ed","d2a01e7343f5c357","NOT_AVAILABLE_IN_SCHEMA",2750000000,"world","body_origin","gtsam_pose3_local_rotation_then_body_translation","identity","[0_3x3 | R] on the final epoch pose block (body origin position)","frozen_block_whitener:94288bfc5aef1b6a","per_block_frozen_noise_model","partial_qr_schur_boundary","NOT_AVAILABLE_IN_SCHEMA","body_origin","45002;46001;46002;47001;47002;48001;48002;49001;49002;50001;50002;51001;51002;52001;52002;53001;53002;54001;54002;55000;55001;55002","NOT_AVAILABLE_IN_SCHEMA","frozen_linearization;active_window_fault_support;history_nominal_boundary_only","42c20c24ca81fe91"
uwb-imu-pl/gate-d-diagnostics/v16,56,2800000000,56,56,56,27,1,56,2800000000,"window:56:transaction:56","NOT_AVAILABLE_IN_SCHEMA","daf9ab69391530ed","d2a01e7343f5c357","NOT_AVAILABLE_IN_SCHEMA",2800000000,"world","body_origin","gtsam_pose3_local_rotation_then_body_translation","identity","[0_3x3 | R] on the final epoch pose block (body origin position)","frozen_block_whitener:ef90c6e408f3a315","per_block_frozen_noise_model","partial_qr_schur_boundary","NOT_AVAILABLE_IN_SCHEMA","body_origin","46002;47001;47002;48001;48002;49001;49002;50001;50002;51001;51002;52001;52002;53001;53002;54001;54002;55001;55002;56000;56001;56002","NOT_AVAILABLE_IN_SCHEMA","frozen_linearization;active_window_fault_support;history_nominal_boundary_only","eebcd5695af9c239"
uwb-imu-pl/gate-d-diagnostics/v16,57,2850000000,57,57,57,28,1,57,2850000000,"window:57:transaction:57","NOT_AVAILABLE_IN_SCHEMA","daf9ab69391530ed","d2a01e7343f5c357","NOT_AVAILABLE_IN_SCHEMA",2850000000,"world","body_origin","gtsam_pose3_local_rotation_then_body_translation","identity","[0_3x3 | R] on the final epoch pose block (body origin position)","frozen_block_whitener:9247648101bbb95c","per_block_frozen_noise_model","partial_qr_schur_boundary","NOT_AVAILABLE_IN_SCHEMA","body_origin","47002;48001;48002;49001;49002;50001;50002;51001;51002;52001;52002;53001;53002;54001;54002;55001;55002;56001;56002;57000;57001;57002","NOT_AVAILABLE_IN_SCHEMA","frozen_linearization;active_window_fault_support;history_nominal_boundary_only","87fe83bda00040cc"
uwb-imu-pl/gate-d-diagnostics/v16,58,2900000000,58,58,58,29,1,58,2900000000,"window:58:transaction:58","NOT_AVAILABLE_IN_SCHEMA","daf9ab69391530ed","d2a01e7343f5c357","NOT_AVAILABLE_IN_SCHEMA",2900000000,"world","body_origin","gtsam_pose3_local_rotation_then_body_translation","identity","[0_3x3 | R] on the final epoch pose block (body origin position)","frozen_block_whitener:0fd43f8145771f37","per_block_frozen_noise_model","partial_qr_schur_boundary","NOT_AVAILABLE_IN_SCHEMA","body_origin","48002;49001;49002;50001;50002;51001;51002;52001;52002;53001;53002;54001;54002;55001;55002;56001;56002;57001;57002;58000;58001;58002","NOT_AVAILABLE_IN_SCHEMA","frozen_linearization;active_window_fault_support;history_nominal_boundary_only","30347f9698ff703d"
uwb-imu-pl/gate-d-diagnostics/v16,59,2950000000,59,59,59,30,1,59,2950000000,"window:59:transaction:59","NOT_AVAILABLE_IN_SCHEMA","daf9ab69391530ed","d2a01e7343f5c357","NOT_AVAILABLE_IN_SCHEMA",2950000000,"world","body_origin","gtsam_pose3_local_rotation_then_body_translation","identity","[0_3x3 | R] on the final epoch pose block (body origin position)","frozen_block_whitener:4037bd50df514bc5","per_block_frozen_noise_model","partial_qr_schur_boundary","NOT_AVAILABLE_IN_SCHEMA","body_origin","49002;50001;50002;51001;51002;52001;52002;53001;53002;54001;54002;55001;55002;56001;56002;57001;57002;58001;58002;59000;59001;59002","NOT_AVAILABLE_IN_SCHEMA","frozen_linearization;active_window_fault_support;history_nominal_boundary_only","091753c89d3f1415"
uwb-imu-pl/gate-d-diagnostics/v16,60,3000000000,60,60,60,31,1,60,3000000000,"window:60:transaction:60","NOT_AVAILABLE_IN_SCHEMA","daf9ab69391530ed","d2a01e7343f5c357","NOT_AVAILABLE_IN_SCHEMA",3000000000,"world","body_origin","gtsam_pose3_local_rotation_then_body_translation","identity","[0_3x3 | R] on the final epoch pose block (body origin position)","frozen_block_whitener:56a7b297e48579fd","per_block_frozen_noise_model","partial_qr_schur_boundary","NOT_AVAILABLE_IN_SCHEMA","body_origin","50002;51001;51002;52001;52002;53001;53002;54001;54002;55001;55002;56001;56002;57001;57002;58001;58002;59001;59002;60000;60001;60002","NOT_AVAILABLE_IN_SCHEMA","frozen_linearization;active_window_fault_support;history_nominal_boundary_only","30755681c229c610"
uwb-imu-pl/gate-d-diagnostics/v16,61,3050000000,61,61,61,32,1,61,3050000000,"window:61:transaction:61","NOT_AVAILABLE_IN_SCHEMA","daf9ab69391530ed","d2a01e7343f5c357","NOT_AVAILABLE_IN_SCHEMA",3050000000,"world","body_origin","gtsam_pose3_local_rotation_then_body_translation","identity","[0_3x3 | R] on the final epoch pose block (body origin position)","frozen_block_whitener:de64f1cf349a0480","per_block_frozen_noise_model","partial_qr_schur_boundary","NOT_AVAILABLE_IN_SCHEMA","body_origin","51002;52001;52002;53001;53002;54001;54002;55001;55002;56001;56002;57001;57002;58001;58002;59001;59002;60001;60002;61000;61001;61002","NOT_AVAILABLE_IN_SCHEMA","frozen_linearization;active_window_fault_support;history_nominal_boundary_only","fb0091dedb1ab0d8"
uwb-imu-pl/gate-d-diagnostics/v16,62,3100000000,62,62,62,33,1,62,3100000000,"window:62:transaction:62","NOT_AVAILABLE_IN_SCHEMA","daf9ab69391530ed","d2a01e7343f5c357","NOT_AVAILABLE_IN_SCHEMA",3100000000,"world","body_origin","gtsam_pose3_local_rotation_then_body_translation","identity","[0_3x3 | R] on the final epoch pose block (body origin position)","frozen_block_whitener:80197cb44876f598","per_block_frozen_noise_model","partial_qr_schur_boundary","NOT_AVAILABLE_IN_SCHEMA","body_origin","52002;53001;53002;54001;54002;55001;55002;56001;56002;57001;57002;58001;58002;59001;59002;60001;60002;61001;61002;62000;62001;62002","NOT_AVAILABLE_IN_SCHEMA","frozen_linearization;active_window_fault_support;history_nominal_boundary_only","4c6a04d29aca211f"
uwb-imu-pl/gate-d-diagnostics/v16,63,3150000000,63,63,63,34,1,63,3150000000,"window:63:transaction:63","NOT_AVAILABLE_IN_SCHEMA","daf9ab69391530ed","d2a01e7343f5c357","NOT_AVAILABLE_IN_SCHEMA",3150000000,"world","body_origin","gtsam_pose3_local_rotation_then_body_translation","identity","[0_3x3 | R] on the final epoch pose block (body origin position)","frozen_block_whitener:85af3fa1256983e7","per_block_frozen_noise_model","partial_qr_schur_boundary","NOT_AVAILABLE_IN_SCHEMA","body_origin","53002;54001;54002;55001;55002;56001;56002;57001;57002;58001;58002;59001;59002;60001;60002;61001;61002;62001;62002;63000;63001;63002","NOT_AVAILABLE_IN_SCHEMA","frozen_linearization;active_window_fault_support;history_nominal_boundary_only","7078cf3bafe6ba5d"
uwb-imu-pl/gate-d-diagnostics/v16,64,3200000000,64,64,64,35,1,64,3200000000,"window:64:transaction:64","NOT_AVAILABLE_IN_SCHEMA","daf9ab69391530ed","d2a01e7343f5c357","NOT_AVAILABLE_IN_SCHEMA",3200000000,"world","body_origin","gtsam_pose3_local_rotation_then_body_translation","identity","[0_3x3 | R] on the final epoch pose block (body origin position)","frozen_block_whitener:1fda79567ff77339","per_block_frozen_noise_model","partial_qr_schur_boundary","NOT_AVAILABLE_IN_SCHEMA","body_origin","54002;55001;55002;56001;56002;57001;57002;58001;58002;59001;59002;60001;60002;61001;61002;62001;62002;63001;63002;64000;64001;64002","NOT_AVAILABLE_IN_SCHEMA","frozen_linearization;active_window_fault_support;history_nominal_boundary_only","d177a282066cf86e"
uwb-imu-pl/gate-d-diagnostics/v16,65,3250000000,65,65,65,36,1,65,3250000000,"window:65:transaction:65","NOT_AVAILABLE_IN_SCHEMA","daf9ab69391530ed","d2a01e7343f5c357","NOT_AVAILABLE_IN_SCHEMA",3250000000,"world","body_origin","gtsam_pose3_local_rotation_then_body_translation","identity","[0_3x3 | R] on the final epoch pose block (body origin position)","frozen_block_whitener:b435c981ddfe46b7","per_block_frozen_noise_model","partial_qr_schur_boundary","NOT_AVAILABLE_IN_SCHEMA","body_origin","55002;56001;56002;57001;57002;58001;58002;59001;59002;60001;60002;61001;61002;62001;62002;63001;63002;64001;64002;65000;65001;65002","NOT_AVAILABLE_IN_SCHEMA","frozen_linearization;active_window_fault_support;history_nominal_boundary_only","64e61d5d080b0ed3"
uwb-imu-pl/gate-d-diagnostics/v16,66,3300000000,66,66,66,37,1,66,3300000000,"window:66:transaction:66","NOT_AVAILABLE_IN_SCHEMA","daf9ab69391530ed","d2a01e7343f5c357","NOT_AVAILABLE_IN_SCHEMA",3300000000,"world","body_origin","gtsam_pose3_local_rotation_then_body_translation","identity","[0_3x3 | R] on the final epoch pose block (body origin position)","frozen_block_whitener:ca883a9e5c31d5d0","per_block_frozen_noise_model","partial_qr_schur_boundary","NOT_AVAILABLE_IN_SCHEMA","body_origin","56002;57001;57002;58001;58002;59001;59002;60001;60002;61001;61002;62001;62002;63001;63002;64001;64002;65001;65002;66000;66001;66002","NOT_AVAILABLE_IN_SCHEMA","frozen_linearization;active_window_fault_support;history_nominal_boundary_only","f3dd432d4c5a717b"
uwb-imu-pl/gate-d-diagnostics/v16,67,3350000000,67,67,67,38,1,67,3350000000,"window:67:transaction:67","NOT_AVAILABLE_IN_SCHEMA","daf9ab69391530ed","d2a01e7343f5c357","NOT_AVAILABLE_IN_SCHEMA",3350000000,"world","body_origin","gtsam_pose3_local_rotation_then_body_translation","identity","[0_3x3 | R] on the final epoch pose block (body origin position)","frozen_block_whitener:706f027b3033516f","per_block_frozen_noise_model","partial_qr_schur_boundary","NOT_AVAILABLE_IN_SCHEMA","body_origin","57002;58001;58002;59001;59002;60001;60002;61001;61002;62001;62002;63001;63002;64001;64002;65001;65002;66001;66002;67000;67001;67002","NOT_AVAILABLE_IN_SCHEMA","frozen_linearization;active_window_fault_support;history_nominal_boundary_only","6d8d40b197a1b502"
uwb-imu-pl/gate-d-diagnostics/v16,68,3400000000,68,68,68,39,1,68,3400000000,"window:68:transaction:68","NOT_AVAILABLE_IN_SCHEMA","daf9ab69391530ed","d2a01e7343f5c357","NOT_AVAILABLE_IN_SCHEMA",3400000000,"world","body_origin","gtsam_pose3_local_rotation_then_body_translation","identity","[0_3x3 | R] on the final epoch pose block (body origin position)","frozen_block_whitener:e70a251c435cf805","per_block_frozen_noise_model","partial_qr_schur_boundary","NOT_AVAILABLE_IN_SCHEMA","body_origin","58002;59001;59002;60001;60002;61001;61002;62001;62002;63001;63002;64001;64002;65001;65002;66001;66002;67001;67002;68000;68001;68002","NOT_AVAILABLE_IN_SCHEMA","frozen_linearization;active_window_fault_support;history_nominal_boundary_only","2e7fa1dbfac412a1"
uwb-imu-pl/gate-d-diagnostics/v16,69,3450000000,69,69,69,40,1,69,3450000000,"window:69:transaction:69","NOT_AVAILABLE_IN_SCHEMA","daf9ab69391530ed","d2a01e7343f5c357","NOT_AVAILABLE_IN_SCHEMA",3450000000,"world","body_origin","gtsam_pose3_local_rotation_then_body_translation","identity","[0_3x3 | R] on the final epoch pose block (body origin position)","frozen_block_whitener:bef21cb45cc0dd68","per_block_frozen_noise_model","partial_qr_schur_boundary","NOT_AVAILABLE_IN_SCHEMA","body_origin","59002;60001;60002;61001;61002;62001;62002;63001;63002;64001;64002;65001;65002;66001;66002;67001;67002;68001;68002;69000;69001;69002","NOT_AVAILABLE_IN_SCHEMA","frozen_linearization;active_window_fault_support;history_nominal_boundary_only","7459cf359467e2ae"
uwb-imu-pl/gate-d-diagnostics/v16,70,3500000000,70,70,70,41,1,70,3500000000,"window:70:transaction:70","NOT_AVAILABLE_IN_SCHEMA","daf9ab69391530ed","d2a01e7343f5c357","NOT_AVAILABLE_IN_SCHEMA",3500000000,"world","body_origin","gtsam_pose3_local_rotation_then_body_translation","identity","[0_3x3 | R] on the final epoch pose block (body origin position)","frozen_block_whitener:1edf8bf9584a8c6c","per_block_frozen_noise_model","partial_qr_schur_boundary","NOT_AVAILABLE_IN_SCHEMA","body_origin","60002;61001;61002;62001;62002;63001;63002;64001;64002;65001;65002;66001;66002;67001;67002;68001;68002;69001;69002;70000;70001;70002","NOT_AVAILABLE_IN_SCHEMA","frozen_linearization;active_window_fault_support;history_nominal_boundary_only","33db6d4daec5296b"
uwb-imu-pl/gate-d-diagnostics/v16,71,3550000000,71,71,71,42,1,71,3550000000,"window:71:transaction:71","NOT_AVAILABLE_IN_SCHEMA","daf9ab69391530ed","d2a01e7343f5c357","NOT_AVAILABLE_IN_SCHEMA",3550000000,"world","body_origin","gtsam_pose3_local_rotation_then_body_translation","identity","[0_3x3 | R] on the final epoch pose block (body origin position)","frozen_block_whitener:933d431007ad0f0c","per_block_frozen_noise_model","partial_qr_schur_boundary","NOT_AVAILABLE_IN_SCHEMA","body_origin","61002;62001;62002;63001;63002;64001;64002;65001;65002;66001;66002;67001;67002;68001;68002;69001;69002;70001;70002;71000;71001;71002","NOT_AVAILABLE_IN_SCHEMA","frozen_linearization;active_window_fault_support;history_nominal_boundary_only","671b02446cd2fd33"
uwb-imu-pl/gate-d-diagnostics/v16,72,3600000000,72,72,72,43,1,72,3600000000,"window:72:transaction:72","NOT_AVAILABLE_IN_SCHEMA","daf9ab69391530ed","d2a01e7343f5c357","NOT_AVAILABLE_IN_SCHEMA",3600000000,"world","body_origin","gtsam_pose3_local_rotation_then_body_translation","identity","[0_3x3 | R] on the final epoch pose block (body origin position)","frozen_block_whitener:e752b471a64fea50","per_block_frozen_noise_model","partial_qr_schur_boundary","NOT_AVAILABLE_IN_SCHEMA","body_origin","62002;63001;63002;64001;64002;65001;65002;66001;66002;67001;67002;68001;68002;69001;69002;70001;70002;71001;71002;72000;72001;72002","NOT_AVAILABLE_IN_SCHEMA","frozen_linearization;active_window_fault_support;history_nominal_boundary_only","d38754ab88a0ed1e"
uwb-imu-pl/gate-d-diagnostics/v16,73,3650000000,73,73,73,44,1,73,3650000000,"window:73:transaction:73","NOT_AVAILABLE_IN_SCHEMA","daf9ab69391530ed","d2a01e7343f5c357","NOT_AVAILABLE_IN_SCHEMA",3650000000,"world","body_origin","gtsam_pose3_local_rotation_then_body_translation","identity","[0_3x3 | R] on the final epoch pose block (body origin position)","frozen_block_whitener:b70530c32fe35ab6","per_block_frozen_noise_model","partial_qr_schur_boundary","NOT_AVAILABLE_IN_SCHEMA","body_origin","63002;64001;64002;65001;65002;66001;66002;67001;67002;68001;68002;69001;69002;70001;70002;71001;71002;72001;72002;73000;73001;73002","NOT_AVAILABLE_IN_SCHEMA","frozen_linearization;active_window_fault_support;history_nominal_boundary_only","3ea54ff2ae515369"
uwb-imu-pl/gate-d-diagnostics/v16,74,3700000000,74,74,74,45,1,74,3700000000,"window:74:transaction:74","NOT_AVAILABLE_IN_SCHEMA","daf9ab69391530ed","d2a01e7343f5c357","NOT_AVAILABLE_IN_SCHEMA",3700000000,"world","body_origin","gtsam_pose3_local_rotation_then_body_translation","identity","[0_3x3 | R] on the final epoch pose block (body origin position)","frozen_block_whitener:025a66c7ec92a74e","per_block_frozen_noise_model","partial_qr_schur_boundary","NOT_AVAILABLE_IN_SCHEMA","body_origin","64002;65001;65002;66001;66002;67001;67002;68001;68002;69001;69002;70001;70002;71001;71002;72001;72002;73001;73002;74000;74001;74002","NOT_AVAILABLE_IN_SCHEMA","frozen_linearization;active_window_fault_support;history_nominal_boundary_only","83d516079251550c"
uwb-imu-pl/gate-d-diagnostics/v16,75,3750000000,75,75,75,46,1,75,3750000000,"window:75:transaction:75","NOT_AVAILABLE_IN_SCHEMA","daf9ab69391530ed","d2a01e7343f5c357","NOT_AVAILABLE_IN_SCHEMA",3750000000,"world","body_origin","gtsam_pose3_local_rotation_then_body_translation","identity","[0_3x3 | R] on the final epoch pose block (body origin position)","frozen_block_whitener:23e9817f2cc2e4f4","per_block_frozen_noise_model","partial_qr_schur_boundary","NOT_AVAILABLE_IN_SCHEMA","body_origin","65002;66001;66002;67001;67002;68001;68002;69001;69002;70001;70002;71001;71002;72001;72002;73001;73002;74001;74002;75000;75001;75002","NOT_AVAILABLE_IN_SCHEMA","frozen_linearization;active_window_fault_support;history_nominal_boundary_only","173560b6c469a943"
uwb-imu-pl/gate-d-diagnostics/v16,76,3800000000,76,76,76,47,1,76,3800000000,"window:76:transaction:76","NOT_AVAILABLE_IN_SCHEMA","daf9ab69391530ed","d2a01e7343f5c357","NOT_AVAILABLE_IN_SCHEMA",3800000000,"world","body_origin","gtsam_pose3_local_rotation_then_body_translation","identity","[0_3x3 | R] on the final epoch pose block (body origin position)","frozen_block_whitener:2bc89df0c336d5ee","per_block_frozen_noise_model","partial_qr_schur_boundary","NOT_AVAILABLE_IN_SCHEMA","body_origin","66002;67001;67002;68001;68002;69001;69002;70001;70002;71001;71002;72001;72002;73001;73002;74001;74002;75001;75002;76000;76001;76002","NOT_AVAILABLE_IN_SCHEMA","frozen_linearization;active_window_fault_support;history_nominal_boundary_only","5a0f1a1327f00679"
uwb-imu-pl/gate-d-diagnostics/v16,77,3850000000,77,77,77,48,1,77,3850000000,"window:77:transaction:77","NOT_AVAILABLE_IN_SCHEMA","daf9ab69391530ed","d2a01e7343f5c357","NOT_AVAILABLE_IN_SCHEMA",3850000000,"world","body_origin","gtsam_pose3_local_rotation_then_body_translation","identity","[0_3x3 | R] on the final epoch pose block (body origin position)","frozen_block_whitener:da27847c8e0433bf","per_block_frozen_noise_model","partial_qr_schur_boundary","NOT_AVAILABLE_IN_SCHEMA","body_origin","67002;68001;68002;69001;69002;70001;70002;71001;71002;72001;72002;73001;73002;74001;74002;75001;75002;76001;76002;77000;77001;77002","NOT_AVAILABLE_IN_SCHEMA","frozen_linearization;active_window_fault_support;history_nominal_boundary_only","fea518919d5b43f7"
uwb-imu-pl/gate-d-diagnostics/v16,78,3900000000,78,78,78,49,1,78,3900000000,"window:78:transaction:78","NOT_AVAILABLE_IN_SCHEMA","daf9ab69391530ed","d2a01e7343f5c357","NOT_AVAILABLE_IN_SCHEMA",3900000000,"world","body_origin","gtsam_pose3_local_rotation_then_body_translation","identity","[0_3x3 | R] on the final epoch pose block (body origin position)","frozen_block_whitener:9276847fede51e00","per_block_frozen_noise_model","partial_qr_schur_boundary","NOT_AVAILABLE_IN_SCHEMA","body_origin","68002;69001;69002;70001;70002;71001;71002;72001;72002;73001;73002;74001;74002;75001;75002;76001;76002;77001;77002;78000;78001;78002","NOT_AVAILABLE_IN_SCHEMA","frozen_linearization;active_window_fault_support;history_nominal_boundary_only","6a2c82f74e89e2b6"
uwb-imu-pl/gate-d-diagnostics/v16,79,3950000000,79,79,79,50,1,79,3950000000,"window:79:transaction:79","NOT_AVAILABLE_IN_SCHEMA","daf9ab69391530ed","d2a01e7343f5c357","NOT_AVAILABLE_IN_SCHEMA",3950000000,"world","body_origin","gtsam_pose3_local_rotation_then_body_translation","identity","[0_3x3 | R] on the final epoch pose block (body origin position)","frozen_block_whitener:682d0bc90899bdc8","per_block_frozen_noise_model","partial_qr_schur_boundary","NOT_AVAILABLE_IN_SCHEMA","body_origin","69002;70001;70002;71001;71002;72001;72002;73001;73002;74001;74002;75001;75002;76001;76002;77001;77002;78001;78002;79000;79001;79002","NOT_AVAILABLE_IN_SCHEMA","frozen_linearization;active_window_fault_support;history_nominal_boundary_only","ef5020cb0526371e"
uwb-imu-pl/gate-d-diagnostics/v16,80,4000000000,80,80,80,51,1,80,4000000000,"window:80:transaction:80","NOT_AVAILABLE_IN_SCHEMA","daf9ab69391530ed","d2a01e7343f5c357","NOT_AVAILABLE_IN_SCHEMA",4000000000,"world","body_origin","gtsam_pose3_local_rotation_then_body_translation","identity","[0_3x3 | R] on the final epoch pose block (body origin position)","frozen_block_whitener:e68c852af3412695","per_block_frozen_noise_model","partial_qr_schur_boundary","NOT_AVAILABLE_IN_SCHEMA","body_origin","70002;71001;71002;72001;72002;73001;73002;74001;74002;75001;75002;76001;76002;77001;77002;78001;78002;79001;79002;80000;80001;80002","NOT_AVAILABLE_IN_SCHEMA","frozen_linearization;active_window_fault_support;history_nominal_boundary_only","2a258e50fabf5816"
uwb-imu-pl/gate-d-diagnostics/v16,81,4050000000,81,81,81,52,1,81,4050000000,"window:81:transaction:81","NOT_AVAILABLE_IN_SCHEMA","daf9ab69391530ed","d2a01e7343f5c357","NOT_AVAILABLE_IN_SCHEMA",4050000000,"world","body_origin","gtsam_pose3_local_rotation_then_body_translation","identity","[0_3x3 | R] on the final epoch pose block (body origin position)","frozen_block_whitener:e3dfb2900d537efe","per_block_frozen_noise_model","partial_qr_schur_boundary","NOT_AVAILABLE_IN_SCHEMA","body_origin","71002;72001;72002;73001;73002;74001;74002;75001;75002;76001;76002;77001;77002;78001;78002;79001;79002;80001;80002;81000;81001;81002","NOT_AVAILABLE_IN_SCHEMA","frozen_linearization;active_window_fault_support;history_nominal_boundary_only","fe556340dabc030d"
uwb-imu-pl/gate-d-diagnostics/v16,82,4100000000,82,82,82,53,1,82,4100000000,"window:82:transaction:82","NOT_AVAILABLE_IN_SCHEMA","daf9ab69391530ed","d2a01e7343f5c357","NOT_AVAILABLE_IN_SCHEMA",4100000000,"world","body_origin","gtsam_pose3_local_rotation_then_body_translation","identity","[0_3x3 | R] on the final epoch pose block (body origin position)","frozen_block_whitener:7b80ea3e59898208","per_block_frozen_noise_model","partial_qr_schur_boundary","NOT_AVAILABLE_IN_SCHEMA","body_origin","72002;73001;73002;74001;74002;75001;75002;76001;76002;77001;77002;78001;78002;79001;79002;80001;80002;81001;81002;82000;82001;82002","NOT_AVAILABLE_IN_SCHEMA","frozen_linearization;active_window_fault_support;history_nominal_boundary_only","068bf62c099f1013"
uwb-imu-pl/gate-d-diagnostics/v16,83,4150000000,83,83,83,54,1,83,4150000000,"window:83:transaction:83","NOT_AVAILABLE_IN_SCHEMA","daf9ab69391530ed","d2a01e7343f5c357","NOT_AVAILABLE_IN_SCHEMA",4150000000,"world","body_origin","gtsam_pose3_local_rotation_then_body_translation","identity","[0_3x3 | R] on the final epoch pose block (body origin position)","frozen_block_whitener:5911dfde8e63cd92","per_block_frozen_noise_model","partial_qr_schur_boundary","NOT_AVAILABLE_IN_SCHEMA","body_origin","73002;74001;74002;75001;75002;76001;76002;77001;77002;78001;78002;79001;79002;80001;80002;81001;81002;82001;82002;83000;83001;83002","NOT_AVAILABLE_IN_SCHEMA","frozen_linearization;active_window_fault_support;history_nominal_boundary_only","7b3677a022e42fa1"
uwb-imu-pl/gate-d-diagnostics/v16,84,4200000000,84,84,84,55,1,84,4200000000,"window:84:transaction:84","NOT_AVAILABLE_IN_SCHEMA","daf9ab69391530ed","d2a01e7343f5c357","NOT_AVAILABLE_IN_SCHEMA",4200000000,"world","body_origin","gtsam_pose3_local_rotation_then_body_translation","identity","[0_3x3 | R] on the final epoch pose block (body origin position)","frozen_block_whitener:bd5cd60a3550ed0e","per_block_frozen_noise_model","partial_qr_schur_boundary","NOT_AVAILABLE_IN_SCHEMA","body_origin","74002;75001;75002;76001;76002;77001;77002;78001;78002;79001;79002;80001;80002;81001;81002;82001;82002;83001;83002;84000;84001;84002","NOT_AVAILABLE_IN_SCHEMA","frozen_linearization;active_window_fault_support;history_nominal_boundary_only","339eba701caa20c2"
uwb-imu-pl/gate-d-diagnostics/v16,85,4250000000,85,85,85,56,1,85,4250000000,"window:85:transaction:85","NOT_AVAILABLE_IN_SCHEMA","daf9ab69391530ed","d2a01e7343f5c357","NOT_AVAILABLE_IN_SCHEMA",4250000000,"world","body_origin","gtsam_pose3_local_rotation_then_body_translation","identity","[0_3x3 | R] on the final epoch pose block (body origin position)","frozen_block_whitener:5bd6fa046a632749","per_block_frozen_noise_model","partial_qr_schur_boundary","NOT_AVAILABLE_IN_SCHEMA","body_origin","75002;76001;76002;77001;77002;78001;78002;79001;79002;80001;80002;81001;81002;82001;82002;83001;83002;84001;84002;85000;85001;85002","NOT_AVAILABLE_IN_SCHEMA","frozen_linearization;active_window_fault_support;history_nominal_boundary_only","076f4e3b0d06dba7"
uwb-imu-pl/gate-d-diagnostics/v16,86,4300000000,86,86,86,57,1,86,4300000000,"window:86:transaction:86","NOT_AVAILABLE_IN_SCHEMA","daf9ab69391530ed","d2a01e7343f5c357","NOT_AVAILABLE_IN_SCHEMA",4300000000,"world","body_origin","gtsam_pose3_local_rotation_then_body_translation","identity","[0_3x3 | R] on the final epoch pose block (body origin position)","frozen_block_whitener:215f03517f2aa091","per_block_frozen_noise_model","partial_qr_schur_boundary","NOT_AVAILABLE_IN_SCHEMA","body_origin","76002;77001;77002;78001;78002;79001;79002;80001;80002;81001;81002;82001;82002;83001;83002;84001;84002;85001;85002;86000;86001;86002","NOT_AVAILABLE_IN_SCHEMA","frozen_linearization;active_window_fault_support;history_nominal_boundary_only","aa863c7985cac4cf"
uwb-imu-pl/gate-d-diagnostics/v16,87,4350000000,87,87,87,58,1,87,4350000000,"window:87:transaction:87","NOT_AVAILABLE_IN_SCHEMA","daf9ab69391530ed","d2a01e7343f5c357","NOT_AVAILABLE_IN_SCHEMA",4350000000,"world","body_origin","gtsam_pose3_local_rotation_then_body_translation","identity","[0_3x3 | R] on the final epoch pose block (body origin position)","frozen_block_whitener:e20e6994168eecea","per_block_frozen_noise_model","partial_qr_schur_boundary","NOT_AVAILABLE_IN_SCHEMA","body_origin","77002;78001;78002;79001;79002;80001;80002;81001;81002;82001;82002;83001;83002;84001;84002;85001;85002;86001;86002;87000;87001;87002","NOT_AVAILABLE_IN_SCHEMA","frozen_linearization;active_window_fault_support;history_nominal_boundary_only","4bfd2ae0a56fa510"
uwb-imu-pl/gate-d-diagnostics/v16,88,4400000000,88,88,88,59,1,88,4400000000,"window:88:transaction:88","NOT_AVAILABLE_IN_SCHEMA","daf9ab69391530ed","d2a01e7343f5c357","NOT_AVAILABLE_IN_SCHEMA",4400000000,"world","body_origin","gtsam_pose3_local_rotation_then_body_translation","identity","[0_3x3 | R] on the final epoch pose block (body origin position)","frozen_block_whitener:a2df7d55975314de","per_block_frozen_noise_model","partial_qr_schur_boundary","NOT_AVAILABLE_IN_SCHEMA","body_origin","78002;79001;79002;80001;80002;81001;81002;82001;82002;83001;83002;84001;84002;85001;85002;86001;86002;87001;87002;88000;88001;88002","NOT_AVAILABLE_IN_SCHEMA","frozen_linearization;active_window_fault_support;history_nominal_boundary_only","497aae4fae3555a2"
uwb-imu-pl/gate-d-diagnostics/v16,89,4450000000,89,89,89,60,1,89,4450000000,"window:89:transaction:89","NOT_AVAILABLE_IN_SCHEMA","daf9ab69391530ed","d2a01e7343f5c357","NOT_AVAILABLE_IN_SCHEMA",4450000000,"world","body_origin","gtsam_pose3_local_rotation_then_body_translation","identity","[0_3x3 | R] on the final epoch pose block (body origin position)","frozen_block_whitener:848bb8998e7202f7","per_block_frozen_noise_model","partial_qr_schur_boundary","NOT_AVAILABLE_IN_SCHEMA","body_origin","79002;80001;80002;81001;81002;82001;82002;83001;83002;84001;84002;85001;85002;86001;86002;87001;87002;88001;88002;89000;89001;89002","NOT_AVAILABLE_IN_SCHEMA","frozen_linearization;active_window_fault_support;history_nominal_boundary_only","da7c9ef9758563ce"
uwb-imu-pl/gate-d-diagnostics/v16,90,4500000000,90,90,90,61,1,90,4500000000,"window:90:transaction:90","NOT_AVAILABLE_IN_SCHEMA","daf9ab69391530ed","d2a01e7343f5c357","NOT_AVAILABLE_IN_SCHEMA",4500000000,"world","body_origin","gtsam_pose3_local_rotation_then_body_translation","identity","[0_3x3 | R] on the final epoch pose block (body origin position)","frozen_block_whitener:54103e20aa8ded8c","per_block_frozen_noise_model","partial_qr_schur_boundary","NOT_AVAILABLE_IN_SCHEMA","body_origin","80002;81001;81002;82001;82002;83001;83002;84001;84002;85001;85002;86001;86002;87001;87002;88001;88002;89001;89002;90000;90001;90002","NOT_AVAILABLE_IN_SCHEMA","frozen_linearization;active_window_fault_support;history_nominal_boundary_only","057b71834e7ed1a7"
uwb-imu-pl/gate-d-diagnostics/v16,91,4550000000,91,91,91,62,1,91,4550000000,"window:91:transaction:91","NOT_AVAILABLE_IN_SCHEMA","daf9ab69391530ed","d2a01e7343f5c357","NOT_AVAILABLE_IN_SCHEMA",4550000000,"world","body_origin","gtsam_pose3_local_rotation_then_body_translation","identity","[0_3x3 | R] on the final epoch pose block (body origin position)","frozen_block_whitener:611b61004f403082","per_block_frozen_noise_model","partial_qr_schur_boundary","NOT_AVAILABLE_IN_SCHEMA","body_origin","81002;82001;82002;83001;83002;84001;84002;85001;85002;86001;86002;87001;87002;88001;88002;89001;89002;90001;90002;91000;91001;91002","NOT_AVAILABLE_IN_SCHEMA","frozen_linearization;active_window_fault_support;history_nominal_boundary_only","d5431fc33fb10ee8"
uwb-imu-pl/gate-d-diagnostics/v16,92,4600000000,92,92,92,63,1,92,4600000000,"window:92:transaction:92","NOT_AVAILABLE_IN_SCHEMA","daf9ab69391530ed","d2a01e7343f5c357","NOT_AVAILABLE_IN_SCHEMA",4600000000,"world","body_origin","gtsam_pose3_local_rotation_then_body_translation","identity","[0_3x3 | R] on the final epoch pose block (body origin position)","frozen_block_whitener:a40a2bfa27d29b9a","per_block_frozen_noise_model","partial_qr_schur_boundary","NOT_AVAILABLE_IN_SCHEMA","body_origin","82002;83001;83002;84001;84002;85001;85002;86001;86002;87001;87002;88001;88002;89001;89002;90001;90002;91001;91002;92000;92001;92002","NOT_AVAILABLE_IN_SCHEMA","frozen_linearization;active_window_fault_support;history_nominal_boundary_only","4f497ee4f1f6fb0d"
uwb-imu-pl/gate-d-diagnostics/v16,93,4650000000,93,93,93,64,1,93,4650000000,"window:93:transaction:93","NOT_AVAILABLE_IN_SCHEMA","daf9ab69391530ed","d2a01e7343f5c357","NOT_AVAILABLE_IN_SCHEMA",4650000000,"world","body_origin","gtsam_pose3_local_rotation_then_body_translation","identity","[0_3x3 | R] on the final epoch pose block (body origin position)","frozen_block_whitener:ce84fa8488c13e9d","per_block_frozen_noise_model","partial_qr_schur_boundary","NOT_AVAILABLE_IN_SCHEMA","body_origin","83002;84001;84002;85001;85002;86001;86002;87001;87002;88001;88002;89001;89002;90001;90002;91001;91002;92001;92002;93000;93001;93002","NOT_AVAILABLE_IN_SCHEMA","frozen_linearization;active_window_fault_support;history_nominal_boundary_only","b0436c82ea73b895"
uwb-imu-pl/gate-d-diagnostics/v16,94,4700000000,94,94,94,65,1,94,4700000000,"window:94:transaction:94","NOT_AVAILABLE_IN_SCHEMA","daf9ab69391530ed","d2a01e7343f5c357","NOT_AVAILABLE_IN_SCHEMA",4700000000,"world","body_origin","gtsam_pose3_local_rotation_then_body_translation","identity","[0_3x3 | R] on the final epoch pose block (body origin position)","frozen_block_whitener:37fbb381b0d313e5","per_block_frozen_noise_model","partial_qr_schur_boundary","NOT_AVAILABLE_IN_SCHEMA","body_origin","84002;85001;85002;86001;86002;87001;87002;88001;88002;89001;89002;90001;90002;91001;91002;92001;92002;93001;93002;94000;94001;94002","NOT_AVAILABLE_IN_SCHEMA","frozen_linearization;active_window_fault_support;history_nominal_boundary_only","0f0f9dacc2395812"
uwb-imu-pl/gate-d-diagnostics/v16,95,4750000000,95,95,95,66,1,95,4750000000,"window:95:transaction:95","NOT_AVAILABLE_IN_SCHEMA","daf9ab69391530ed","d2a01e7343f5c357","NOT_AVAILABLE_IN_SCHEMA",4750000000,"world","body_origin","gtsam_pose3_local_rotation_then_body_translation","identity","[0_3x3 | R] on the final epoch pose block (body origin position)","frozen_block_whitener:eb019d45d080a0eb","per_block_frozen_noise_model","partial_qr_schur_boundary","NOT_AVAILABLE_IN_SCHEMA","body_origin","85002;86001;86002;87001;87002;88001;88002;89001;89002;90001;90002;91001;91002;92001;92002;93001;93002;94001;94002;95000;95001;95002","NOT_AVAILABLE_IN_SCHEMA","frozen_linearization;active_window_fault_support;history_nominal_boundary_only","d5a15ace69ee8932"
uwb-imu-pl/gate-d-diagnostics/v16,96,4800000000,96,96,96,67,1,96,4800000000,"window:96:transaction:96","NOT_AVAILABLE_IN_SCHEMA","daf9ab69391530ed","d2a01e7343f5c357","NOT_AVAILABLE_IN_SCHEMA",4800000000,"world","body_origin","gtsam_pose3_local_rotation_then_body_translation","identity","[0_3x3 | R] on the final epoch pose block (body origin position)","frozen_block_whitener:2149edb65b1ef95f","per_block_frozen_noise_model","partial_qr_schur_boundary","NOT_AVAILABLE_IN_SCHEMA","body_origin","86002;87001;87002;88001;88002;89001;89002;90001;90002;91001;91002;92001;92002;93001;93002;94001;94002;95001;95002;96000;96001;96002","NOT_AVAILABLE_IN_SCHEMA","frozen_linearization;active_window_fault_support;history_nominal_boundary_only","716a93a5c52caf6c"
uwb-imu-pl/gate-d-diagnostics/v16,97,4850000000,97,97,97,68,1,97,4850000000,"window:97:transaction:97","NOT_AVAILABLE_IN_SCHEMA","daf9ab69391530ed","d2a01e7343f5c357","NOT_AVAILABLE_IN_SCHEMA",4850000000,"world","body_origin","gtsam_pose3_local_rotation_then_body_translation","identity","[0_3x3 | R] on the final epoch pose block (body origin position)","frozen_block_whitener:5516ff4a6ade3108","per_block_frozen_noise_model","partial_qr_schur_boundary","NOT_AVAILABLE_IN_SCHEMA","body_origin","87002;88001;88002;89001;89002;90001;90002;91001;91002;92001;92002;93001;93002;94001;94002;95001;95002;96001;96002;97000;97001;97002","NOT_AVAILABLE_IN_SCHEMA","frozen_linearization;active_window_fault_support;history_nominal_boundary_only","1c37f73a3644b847"
uwb-imu-pl/gate-d-diagnostics/v16,98,4900000000,98,98,98,69,1,98,4900000000,"window:98:transaction:98","NOT_AVAILABLE_IN_SCHEMA","daf9ab69391530ed","d2a01e7343f5c357","NOT_AVAILABLE_IN_SCHEMA",4900000000,"world","body_origin","gtsam_pose3_local_rotation_then_body_translation","identity","[0_3x3 | R] on the final epoch pose block (body origin position)","frozen_block_whitener:4f410297adbd7895","per_block_frozen_noise_model","partial_qr_schur_boundary","NOT_AVAILABLE_IN_SCHEMA","body_origin","88002;89001;89002;90001;90002;91001;91002;92001;92002;93001;93002;94001;94002;95001;95002;96001;96002;97001;97002;98000;98001;98002","NOT_AVAILABLE_IN_SCHEMA","frozen_linearization;active_window_fault_support;history_nominal_boundary_only","b5062f7234eac832"
uwb-imu-pl/gate-d-diagnostics/v16,99,4950000000,99,99,99,70,1,99,4950000000,"window:99:transaction:99","NOT_AVAILABLE_IN_SCHEMA","daf9ab69391530ed","d2a01e7343f5c357","NOT_AVAILABLE_IN_SCHEMA",4950000000,"world","body_origin","gtsam_pose3_local_rotation_then_body_translation","identity","[0_3x3 | R] on the final epoch pose block (body origin position)","frozen_block_whitener:ff865cdcaf094cf1","per_block_frozen_noise_model","partial_qr_schur_boundary","NOT_AVAILABLE_IN_SCHEMA","body_origin","89002;90001;90002;91001;91002;92001;92002;93001;93002;94001;94002;95001;95002;96001;96002;97001;97002;98001;98002;99000;99001;99002","NOT_AVAILABLE_IN_SCHEMA","frozen_linearization;active_window_fault_support;history_nominal_boundary_only","ef45fb825f485d1b"
uwb-imu-pl/gate-d-diagnostics/v16,100,5000000000,100,100,100,71,1,100,5000000000,"window:100:transaction:100","NOT_AVAILABLE_IN_SCHEMA","daf9ab69391530ed","d2a01e7343f5c357","NOT_AVAILABLE_IN_SCHEMA",5000000000,"world","body_origin","gtsam_pose3_local_rotation_then_body_translation","identity","[0_3x3 | R] on the final epoch pose block (body origin position)","frozen_block_whitener:a5bd9e6bf128d4d9","per_block_frozen_noise_model","partial_qr_schur_boundary","NOT_AVAILABLE_IN_SCHEMA","body_origin","90002;91001;91002;92001;92002;93001;93002;94001;94002;95001;95002;96001;96002;97001;97002;98001;98002;99001;99002;100000;100001;100002","NOT_AVAILABLE_IN_SCHEMA","frozen_linearization;active_window_fault_support;history_nominal_boundary_only","49441cfec12e3530"
uwb-imu-pl/gate-d-diagnostics/v16,101,5050000000,101,101,101,72,1,101,5050000000,"window:101:transaction:101","NOT_AVAILABLE_IN_SCHEMA","daf9ab69391530ed","d2a01e7343f5c357","NOT_AVAILABLE_IN_SCHEMA",5050000000,"world","body_origin","gtsam_pose3_local_rotation_then_body_translation","identity","[0_3x3 | R] on the final epoch pose block (body origin position)","frozen_block_whitener:f0349efa36584ce8","per_block_frozen_noise_model","partial_qr_schur_boundary","NOT_AVAILABLE_IN_SCHEMA","body_origin","91002;92001;92002;93001;93002;94001;94002;95001;95002;96001;96002;97001;97002;98001;98002;99001;99002;100001;100002;101000;101001;101002","NOT_AVAILABLE_IN_SCHEMA","frozen_linearization;active_window_fault_support;history_nominal_boundary_only","c8f1a258c99be035"
uwb-imu-pl/gate-d-diagnostics/v16,102,5100000000,102,102,102,73,1,102,5100000000,"window:102:transaction:102","NOT_AVAILABLE_IN_SCHEMA","daf9ab69391530ed","d2a01e7343f5c357","NOT_AVAILABLE_IN_SCHEMA",5100000000,"world","body_origin","gtsam_pose3_local_rotation_then_body_translation","identity","[0_3x3 | R] on the final epoch pose block (body origin position)","frozen_block_whitener:9e84ad690450f303","per_block_frozen_noise_model","partial_qr_schur_boundary","NOT_AVAILABLE_IN_SCHEMA","body_origin","92002;93001;93002;94001;94002;95001;95002;96001;96002;97001;97002;98001;98002;99001;99002;100001;100002;101001;101002;102000;102001;102002","NOT_AVAILABLE_IN_SCHEMA","frozen_linearization;active_window_fault_support;history_nominal_boundary_only","5db3a01708b29f8a"
uwb-imu-pl/gate-d-diagnostics/v16,103,5150000000,103,103,103,74,1,103,5150000000,"window:103:transaction:103","NOT_AVAILABLE_IN_SCHEMA","daf9ab69391530ed","d2a01e7343f5c357","NOT_AVAILABLE_IN_SCHEMA",5150000000,"world","body_origin","gtsam_pose3_local_rotation_then_body_translation","identity","[0_3x3 | R] on the final epoch pose block (body origin position)","frozen_block_whitener:6f5f6a05ac7158c9","per_block_frozen_noise_model","partial_qr_schur_boundary","NOT_AVAILABLE_IN_SCHEMA","body_origin","93002;94001;94002;95001;95002;96001;96002;97001;97002;98001;98002;99001;99002;100001;100002;101001;101002;102001;102002;103000;103001;103002","NOT_AVAILABLE_IN_SCHEMA","frozen_linearization;active_window_fault_support;history_nominal_boundary_only","48ca3ccd69d5d258"
uwb-imu-pl/gate-d-diagnostics/v16,104,5200000000,104,104,104,75,1,104,5200000000,"window:104:transaction:104","NOT_AVAILABLE_IN_SCHEMA","daf9ab69391530ed","d2a01e7343f5c357","NOT_AVAILABLE_IN_SCHEMA",5200000000,"world","body_origin","gtsam_pose3_local_rotation_then_body_translation","identity","[0_3x3 | R] on the final epoch pose block (body origin position)","frozen_block_whitener:8eee40d241c221cd","per_block_frozen_noise_model","partial_qr_schur_boundary","NOT_AVAILABLE_IN_SCHEMA","body_origin","94002;95001;95002;96001;96002;97001;97002;98001;98002;99001;99002;100001;100002;101001;101002;102001;102002;103001;103002;104000;104001;104002","NOT_AVAILABLE_IN_SCHEMA","frozen_linearization;active_window_fault_support;history_nominal_boundary_only","19c69a63637fc905"
uwb-imu-pl/gate-d-diagnostics/v16,105,5250000000,105,105,105,76,1,105,5250000000,"window:105:transaction:105","NOT_AVAILABLE_IN_SCHEMA","daf9ab69391530ed","d2a01e7343f5c357","NOT_AVAILABLE_IN_SCHEMA",5250000000,"world","body_origin","gtsam_pose3_local_rotation_then_body_translation","identity","[0_3x3 | R] on the final epoch pose block (body origin position)","frozen_block_whitener:59cd7e77b34fbd70","per_block_frozen_noise_model","partial_qr_schur_boundary","NOT_AVAILABLE_IN_SCHEMA","body_origin","95002;96001;96002;97001;97002;98001;98002;99001;99002;100001;100002;101001;101002;102001;102002;103001;103002;104001;104002;105000;105001;105002","NOT_AVAILABLE_IN_SCHEMA","frozen_linearization;active_window_fault_support;history_nominal_boundary_only","eb981f6f26ca2804"
uwb-imu-pl/gate-d-diagnostics/v16,106,5300000000,106,106,106,77,1,106,5300000000,"window:106:transaction:106","NOT_AVAILABLE_IN_SCHEMA","daf9ab69391530ed","d2a01e7343f5c357","NOT_AVAILABLE_IN_SCHEMA",5300000000,"world","body_origin","gtsam_pose3_local_rotation_then_body_translation","identity","[0_3x3 | R] on the final epoch pose block (body origin position)","frozen_block_whitener:a25aa598440e61b4","per_block_frozen_noise_model","partial_qr_schur_boundary","NOT_AVAILABLE_IN_SCHEMA","body_origin","96002;97001;97002;98001;98002;99001;99002;100001;100002;101001;101002;102001;102002;103001;103002;104001;104002;105001;105002;106000;106001;106002","NOT_AVAILABLE_IN_SCHEMA","frozen_linearization;active_window_fault_support;history_nominal_boundary_only","8c6202496a5a6611"
uwb-imu-pl/gate-d-diagnostics/v16,107,5350000000,107,107,107,78,1,107,5350000000,"window:107:transaction:107","NOT_AVAILABLE_IN_SCHEMA","daf9ab69391530ed","d2a01e7343f5c357","NOT_AVAILABLE_IN_SCHEMA",5350000000,"world","body_origin","gtsam_pose3_local_rotation_then_body_translation","identity","[0_3x3 | R] on the final epoch pose block (body origin position)","frozen_block_whitener:7c7507aa541a92b3","per_block_frozen_noise_model","partial_qr_schur_boundary","NOT_AVAILABLE_IN_SCHEMA","body_origin","97002;98001;98002;99001;99002;100001;100002;101001;101002;102001;102002;103001;103002;104001;104002;105001;105002;106001;106002;107000;107001;107002","NOT_AVAILABLE_IN_SCHEMA","frozen_linearization;active_window_fault_support;history_nominal_boundary_only","7d4592a127ad191c"
uwb-imu-pl/gate-d-diagnostics/v16,108,5400000000,108,108,108,79,1,108,5400000000,"window:108:transaction:108","NOT_AVAILABLE_IN_SCHEMA","daf9ab69391530ed","d2a01e7343f5c357","NOT_AVAILABLE_IN_SCHEMA",5400000000,"world","body_origin","gtsam_pose3_local_rotation_then_body_translation","identity","[0_3x3 | R] on the final epoch pose block (body origin position)","frozen_block_whitener:fe7c5ce106787342","per_block_frozen_noise_model","partial_qr_schur_boundary","NOT_AVAILABLE_IN_SCHEMA","body_origin","98002;99001;99002;100001;100002;101001;101002;102001;102002;103001;103002;104001;104002;105001;105002;106001;106002;107001;107002;108000;108001;108002","NOT_AVAILABLE_IN_SCHEMA","frozen_linearization;active_window_fault_support;history_nominal_boundary_only","7aa2623483098942"
uwb-imu-pl/gate-d-diagnostics/v16,109,5450000000,109,109,109,80,1,109,5450000000,"window:109:transaction:109","NOT_AVAILABLE_IN_SCHEMA","daf9ab69391530ed","d2a01e7343f5c357","NOT_AVAILABLE_IN_SCHEMA",5450000000,"world","body_origin","gtsam_pose3_local_rotation_then_body_translation","identity","[0_3x3 | R] on the final epoch pose block (body origin position)","frozen_block_whitener:9e945c054f41590e","per_block_frozen_noise_model","partial_qr_schur_boundary","NOT_AVAILABLE_IN_SCHEMA","body_origin","99002;100001;100002;101001;101002;102001;102002;103001;103002;104001;104002;105001;105002;106001;106002;107001;107002;108001;108002;109000;109001;109002","NOT_AVAILABLE_IN_SCHEMA","frozen_linearization;active_window_fault_support;history_nominal_boundary_only","9ee0bba7fef514e3"
uwb-imu-pl/gate-d-diagnostics/v16,110,5500000000,110,110,110,81,1,110,5500000000,"window:110:transaction:110","NOT_AVAILABLE_IN_SCHEMA","daf9ab69391530ed","d2a01e7343f5c357","NOT_AVAILABLE_IN_SCHEMA",5500000000,"world","body_origin","gtsam_pose3_local_rotation_then_body_translation","identity","[0_3x3 | R] on the final epoch pose block (body origin position)","frozen_block_whitener:c9ded16a77b5a52c","per_block_frozen_noise_model","partial_qr_schur_boundary","NOT_AVAILABLE_IN_SCHEMA","body_origin","100002;101001;101002;102001;102002;103001;103002;104001;104002;105001;105002;106001;106002;107001;107002;108001;108002;109001;109002;110000;110001;110002","NOT_AVAILABLE_IN_SCHEMA","frozen_linearization;active_window_fault_support;history_nominal_boundary_only","755b2427a78f7be1"
uwb-imu-pl/gate-d-diagnostics/v16,111,5550000000,111,111,111,82,1,111,5550000000,"window:111:transaction:111","NOT_AVAILABLE_IN_SCHEMA","daf9ab69391530ed","d2a01e7343f5c357","NOT_AVAILABLE_IN_SCHEMA",5550000000,"world","body_origin","gtsam_pose3_local_rotation_then_body_translation","identity","[0_3x3 | R] on the final epoch pose block (body origin position)","frozen_block_whitener:a968ab85777dd1c4","per_block_frozen_noise_model","partial_qr_schur_boundary","NOT_AVAILABLE_IN_SCHEMA","body_origin","101002;102001;102002;103001;103002;104001;104002;105001;105002;106001;106002;107001;107002;108001;108002;109001;109002;110001;110002;111000;111001;111002","NOT_AVAILABLE_IN_SCHEMA","frozen_linearization;active_window_fault_support;history_nominal_boundary_only","384522a10958813a"
uwb-imu-pl/gate-d-diagnostics/v16,112,5600000000,112,112,112,83,1,112,5600000000,"window:112:transaction:112","NOT_AVAILABLE_IN_SCHEMA","daf9ab69391530ed","d2a01e7343f5c357","NOT_AVAILABLE_IN_SCHEMA",5600000000,"world","body_origin","gtsam_pose3_local_rotation_then_body_translation","identity","[0_3x3 | R] on the final epoch pose block (body origin position)","frozen_block_whitener:0c7e2e0762dc2104","per_block_frozen_noise_model","partial_qr_schur_boundary","NOT_AVAILABLE_IN_SCHEMA","body_origin","102002;103001;103002;104001;104002;105001;105002;106001;106002;107001;107002;108001;108002;109001;109002;110001;110002;111001;111002;112000;112001;112002","NOT_AVAILABLE_IN_SCHEMA","frozen_linearization;active_window_fault_support;history_nominal_boundary_only","b0f372b20c03fa82"
uwb-imu-pl/gate-d-diagnostics/v16,113,5650000000,113,113,113,84,1,113,5650000000,"window:113:transaction:113","NOT_AVAILABLE_IN_SCHEMA","daf9ab69391530ed","d2a01e7343f5c357","NOT_AVAILABLE_IN_SCHEMA",5650000000,"world","body_origin","gtsam_pose3_local_rotation_then_body_translation","identity","[0_3x3 | R] on the final epoch pose block (body origin position)","frozen_block_whitener:4878a9df70094cf2","per_block_frozen_noise_model","partial_qr_schur_boundary","NOT_AVAILABLE_IN_SCHEMA","body_origin","103002;104001;104002;105001;105002;106001;106002;107001;107002;108001;108002;109001;109002;110001;110002;111001;111002;112001;112002;113000;113001;113002","NOT_AVAILABLE_IN_SCHEMA","frozen_linearization;active_window_fault_support;history_nominal_boundary_only","1505bae8597a8618"
uwb-imu-pl/gate-d-diagnostics/v16,114,5700000000,114,114,114,85,1,114,5700000000,"window:114:transaction:114","NOT_AVAILABLE_IN_SCHEMA","daf9ab69391530ed","d2a01e7343f5c357","NOT_AVAILABLE_IN_SCHEMA",5700000000,"world","body_origin","gtsam_pose3_local_rotation_then_body_translation","identity","[0_3x3 | R] on the final epoch pose block (body origin position)","frozen_block_whitener:da5b274e659b8ad8","per_block_frozen_noise_model","partial_qr_schur_boundary","NOT_AVAILABLE_IN_SCHEMA","body_origin","104002;105001;105002;106001;106002;107001;107002;108001;108002;109001;109002;110001;110002;111001;111002;112001;112002;113001;113002;114000;114001;114002","NOT_AVAILABLE_IN_SCHEMA","frozen_linearization;active_window_fault_support;history_nominal_boundary_only","a2629141b36d8371"
uwb-imu-pl/gate-d-diagnostics/v16,115,5750000000,115,115,115,86,1,115,5750000000,"window:115:transaction:115","NOT_AVAILABLE_IN_SCHEMA","daf9ab69391530ed","d2a01e7343f5c357","NOT_AVAILABLE_IN_SCHEMA",5750000000,"world","body_origin","gtsam_pose3_local_rotation_then_body_translation","identity","[0_3x3 | R] on the final epoch pose block (body origin position)","frozen_block_whitener:791f4956689dd22b","per_block_frozen_noise_model","partial_qr_schur_boundary","NOT_AVAILABLE_IN_SCHEMA","body_origin","105002;106001;106002;107001;107002;108001;108002;109001;109002;110001;110002;111001;111002;112001;112002;113001;113002;114001;114002;115000;115001;115002","NOT_AVAILABLE_IN_SCHEMA","frozen_linearization;active_window_fault_support;history_nominal_boundary_only","e76df82e421ba817"
uwb-imu-pl/gate-d-diagnostics/v16,116,5800000000,116,116,116,87,1,116,5800000000,"window:116:transaction:116","NOT_AVAILABLE_IN_SCHEMA","daf9ab69391530ed","d2a01e7343f5c357","NOT_AVAILABLE_IN_SCHEMA",5800000000,"world","body_origin","gtsam_pose3_local_rotation_then_body_translation","identity","[0_3x3 | R] on the final epoch pose block (body origin position)","frozen_block_whitener:b408034e25ce183f","per_block_frozen_noise_model","partial_qr_schur_boundary","NOT_AVAILABLE_IN_SCHEMA","body_origin","106002;107001;107002;108001;108002;109001;109002;110001;110002;111001;111002;112001;112002;113001;113002;114001;114002;115001;115002;116000;116001;116002","NOT_AVAILABLE_IN_SCHEMA","frozen_linearization;active_window_fault_support;history_nominal_boundary_only","e454067fe8e61ad0"
uwb-imu-pl/gate-d-diagnostics/v16,117,5850000000,117,117,117,88,1,117,5850000000,"window:117:transaction:117","NOT_AVAILABLE_IN_SCHEMA","daf9ab69391530ed","d2a01e7343f5c357","NOT_AVAILABLE_IN_SCHEMA",5850000000,"world","body_origin","gtsam_pose3_local_rotation_then_body_translation","identity","[0_3x3 | R] on the final epoch pose block (body origin position)","frozen_block_whitener:543a485f33c103b4","per_block_frozen_noise_model","partial_qr_schur_boundary","NOT_AVAILABLE_IN_SCHEMA","body_origin","107002;108001;108002;109001;109002;110001;110002;111001;111002;112001;112002;113001;113002;114001;114002;115001;115002;116001;116002;117000;117001;117002","NOT_AVAILABLE_IN_SCHEMA","frozen_linearization;active_window_fault_support;history_nominal_boundary_only","3ea64a4f87c6b287"
uwb-imu-pl/gate-d-diagnostics/v16,118,5900000000,118,118,118,89,1,118,5900000000,"window:118:transaction:118","NOT_AVAILABLE_IN_SCHEMA","daf9ab69391530ed","d2a01e7343f5c357","NOT_AVAILABLE_IN_SCHEMA",5900000000,"world","body_origin","gtsam_pose3_local_rotation_then_body_translation","identity","[0_3x3 | R] on the final epoch pose block (body origin position)","frozen_block_whitener:3e603d50624554e4","per_block_frozen_noise_model","partial_qr_schur_boundary","NOT_AVAILABLE_IN_SCHEMA","body_origin","108002;109001;109002;110001;110002;111001;111002;112001;112002;113001;113002;114001;114002;115001;115002;116001;116002;117001;117002;118000;118001;118002","NOT_AVAILABLE_IN_SCHEMA","frozen_linearization;active_window_fault_support;history_nominal_boundary_only","1cd531e1a0db6abd"
uwb-imu-pl/gate-d-diagnostics/v16,119,5950000000,119,119,119,90,1,119,5950000000,"window:119:transaction:119","NOT_AVAILABLE_IN_SCHEMA","daf9ab69391530ed","d2a01e7343f5c357","NOT_AVAILABLE_IN_SCHEMA",5950000000,"world","body_origin","gtsam_pose3_local_rotation_then_body_translation","identity","[0_3x3 | R] on the final epoch pose block (body origin position)","frozen_block_whitener:7a4296b237be4c26","per_block_frozen_noise_model","partial_qr_schur_boundary","NOT_AVAILABLE_IN_SCHEMA","body_origin","109002;110001;110002;111001;111002;112001;112002;113001;113002;114001;114002;115001;115002;116001;116002;117001;117002;118001;118002;119000;119001;119002","NOT_AVAILABLE_IN_SCHEMA","frozen_linearization;active_window_fault_support;history_nominal_boundary_only","3d97ca837fd85664"
uwb-imu-pl/gate-d-diagnostics/v16,120,6000000000,120,120,120,91,1,120,6000000000,"window:120:transaction:120","NOT_AVAILABLE_IN_SCHEMA","daf9ab69391530ed","d2a01e7343f5c357","NOT_AVAILABLE_IN_SCHEMA",6000000000,"world","body_origin","gtsam_pose3_local_rotation_then_body_translation","identity","[0_3x3 | R] on the final epoch pose block (body origin position)","frozen_block_whitener:371035f46f74419d","per_block_frozen_noise_model","partial_qr_schur_boundary","NOT_AVAILABLE_IN_SCHEMA","body_origin","110002;111001;111002;112001;112002;113001;113002;114001;114002;115001;115002;116001;116002;117001;117002;118001;118002;119001;119002;120000;120001;120002","NOT_AVAILABLE_IN_SCHEMA","frozen_linearization;active_window_fault_support;history_nominal_boundary_only","0f2d55c4615090ae"
