attempt,modes,hypotheses,response_calls,empty_support,integrations,model_ms,evidence_ms,flat_ms,total_ms,mode_fingerprint,profile_sum,hpl,vpl,pl_status,formal_eligible
1,98,2450,294,216,528,13.308078999999999,41.176903000000003,115.560496,174.77357000000001,16657027688458468558,inf,inf,inf,2,0
2,98,2450,294,216,528,12.934146,39.215907999999999,104.652923,160.84796,16657027688458468558,inf,inf,inf,2,0
3,98,2450,294,216,528,12.834372,36.809207999999998,105.616367,160.657861,16657027688458468558,inf,inf,inf,2,0
4,98,2450,294,216,528,14.642583,37.246288999999997,104.15151299999999,161.11236299999999,16657027688458468558,inf,inf,inf,2,0
5,98,2450,294,216,528,12.361084999999999,38.444913,104.914261,159.60890900000001,16657027688458468558,inf,inf,inf,2,0
6,98,2450,294,216,528,12.43127,35.593040000000002,104.79023100000001,158.40588500000001,16657027688458468558,inf,inf,inf,2,0
7,98,2450,294,216,528,12.835627000000001,39.42436,106.395686,162.96129099999999,16657027688458468558,inf,inf,inf,2,0
8,98,2450,294,216,528,12.40171,37.897964000000002,105.48054399999999,159.505999,16657027688458468558,inf,inf,inf,2,0
9,98,2450,294,216,528,13.005041,35.663044999999997,106.923548,160.630786,16657027688458468558,inf,inf,inf,2,0
10,98,2450,294,216,528,12.922955,37.611643000000001,106.555424,161.45580899999999,16657027688458468558,inf,inf,inf,2,0
11,98,2450,294,216,528,12.798923,39.324545999999998,107.631958,164.74619300000001,16657027688458468558,inf,inf,inf,2,0
12,98,2450,294,216,528,18.273430999999999,42.333897,125.345873,193.70123000000001,16657027688458468558,inf,inf,inf,2,0
13,98,2450,294,216,528,14.197414,38.579293,104.709632,162.842781,16657027688458468558,inf,inf,inf,2,0
14,98,2450,294,216,528,13.089517000000001,39.545678000000002,104.17600899999999,161.289152,16657027688458468558,inf,inf,inf,2,0
15,98,2450,294,216,528,12.831861999999999,36.184713000000002,104.937641,159.20005699999999,16657027688458468558,inf,inf,inf,2,0
16,98,2450,294,216,528,12.855485,36.724955000000001,106.528852,161.58576500000001,16657027688458468558,inf,inf,inf,2,0
17,98,2450,294,216,528,12.291542,35.457689999999999,110.489588,165.389273,16657027688458468558,inf,inf,inf,2,0
18,98,2450,294,216,528,15.233349,38.637552999999997,120.04553300000001,179.40255199999999,16657027688458468558,inf,inf,inf,2,0
19,98,2450,294,216,528,14.121199000000001,35.475686000000003,111.17413999999999,165.70288199999999,16657027688458468558,inf,inf,inf,2,0
20,98,2450,294,216,528,13.552859,40.977758999999999,106.158648,164.945312,16657027688458468558,inf,inf,inf,2,0
21,98,2450,294,216,528,12.58921,35.467333000000004,107.621424,162.82455200000001,16657027688458468558,inf,inf,inf,2,0
22,98,2450,294,216,528,13.283135,37.067909999999998,110.761034,167.178044,16657027688458468558,inf,inf,inf,2,0
23,98,2450,294,216,528,13.038788,35.910705,104.39006999999999,157.412823,16657027688458468558,inf,inf,inf,2,0
24,98,2450,294,216,528,13.042631999999999,39.660688999999998,111.39945,169.278898,16657027688458468558,inf,inf,inf,2,0
25,98,2450,294,216,528,12.394885,35.197361999999998,108.59799099999999,160.26389800000001,16657027688458468558,inf,inf,inf,2,0
26,98,2450,294,216,528,13.196776,35.896614,108.872619,161.75345200000001,16657027688458468558,inf,inf,inf,2,0
27,98,2450,294,216,528,13.316511999999999,36.228715999999999,106.48503700000001,160.862368,16657027688458468558,inf,inf,inf,2,0
28,98,2450,294,216,528,12.472004,36.630724000000001,108.658207,163.424521,16657027688458468558,inf,inf,inf,2,0
29,98,2450,294,216,528,13.672537,35.464359000000002,105.699468,159.69749999999999,16657027688458468558,inf,inf,inf,2,0
30,98,2450,294,216,528,15.208823000000001,36.392794000000002,105.284533,162.49026699999999,16657027688458468558,inf,inf,inf,2,0
31,98,2450,294,216,528,12.288065,37.019168999999998,106.288065,160.460284,16657027688458468558,inf,inf,inf,2,0
32,98,2450,294,216,528,12.496150999999999,35.650744000000003,107.850157,160.40445399999999,16657027688458468558,inf,inf,inf,2,0
33,98,2450,294,216,528,12.626765000000001,35.884099999999997,105.34066300000001,158.33827500000001,16657027688458468558,inf,inf,inf,2,0
34,98,2450,294,216,528,13.038209,35.539012,110.345669,164.27354399999999,16657027688458468558,inf,inf,inf,2,0
35,98,2450,294,216,528,13.690545999999999,36.299304999999997,106.293685,160.63795999999999,16657027688458468558,inf,inf,inf,2,0
