motion,axis,epoch,samples,trapezoids,raw_dp_norm,raw_dv_norm,frozen_norm,dependent_norm,covariance_derivative_norm,convergence,oracle_relative,history_identity_relative
0,0,1,10,10,0.0011312500000000001,0.047500000000000007,2.1328939357656242,2.1328939357656242,2.3040316872591219e-07,0,0,5.2735593669694936e-14
0,0,2,1,1,0.00011874999999999993,0.0024999999999999988,0.22439692441650427,0.2243969244165043,0,0,0,5.262457136723242e-14
0,1,1,10,10,0.0011312500000000001,0.047500000000000007,2.1328939357656242,2.1328939357656242,2.3040316872591219e-07,0,0,5.262457136723242e-14
0,1,2,1,1,0.00011874999999999993,0.0024999999999999988,0.22439692441650427,0.2243969244165043,0,0,0,5.2735593669694936e-14
0,2,1,10,10,0.0011312500047822027,0.047499999994426993,2.1331040387648028,2.1331040387648028,2.4579300201732131e-07,2.6124530695421846e-10,8.261301980499549e-11,5.262457136723242e-14
0,2,2,1,1,0.00011875000427430392,0.0025000000014596679,0.22440570225383766,0.22440570225383771,0,2.2179453381877772e-09,2.2862057265648644e-09,5.262457136723242e-14
0,3,1,10,10,0.00014985787031249851,0.0099292331249998343,21.242131927263557,21.242131927263557,4.8135586236354937e-08,2.5739378042671953e-15,1.0296749223723465e-14,5.262457136723242e-14
0,3,2,1,1,2.482308281249999e-05,0.0011032481249999995,1.1183366982856551,1.1183366982856551,4.5269294305462138e-09,1.5869919425320556e-16,2.2448933975553175e-16,5.262457136723242e-14
0,4,1,10,10,0.00014985787031249851,0.0099292331249998343,21.242131927263557,21.242131927263557,4.8135586236354785e-08,2.5739378042671953e-15,1.0296749223723465e-14,5.2513549064769904e-14
0,4,2,1,1,2.482308281249999e-05,0.0011032481249999995,1.1183366982856551,1.1183366982856551,4.5269294305461981e-09,1.5869919425320556e-16,2.2448933975553175e-16,5.2735593669694936e-14
0,5,1,10,10,1.3869862240318999e-57,9.1903051732125302e-56,21.242114520969146,21.242114520969146,5.2413517651673881e-08,4.3528212873613273e-68,1.4608197692436271e-16,5.2513549064769904e-14
0,5,2,1,1,2.2975790502559567e-58,1.0212498853219526e-56,1.1180060274194281,1.1180060274194281,2.7586098062375971e-09,1.7347234759768081e-16,1.7347234759768081e-16,5.262457136723242e-14
1,0,1,10,10,0.0011311523327884306,0.047493996328710146,2.1328687102785002,2.1328687438053029,2.3040957630878444e-07,2.408929978386132e-10,1.3064484577604643e-10,9.535657761193528e-16
1,0,2,1,1,0.00011874999994206922,0.0024999999998929958,0.22439693408770137,0.22439693408797728,0,2.2188431271941308e-09,1.1096214493390268e-09,9.5357051919495989e-16
1,1,1,10,10,0.0011311748720722766,0.047495381858676348,2.1328745055174019,2.1328745392496389,2.3041281003116323e-07,2.4087972375734649e-10,1.2044156813390069e-10,6.3571049723544991e-16
1,1,2,1,1,0.00011875000003905449,0.0024999999999878635,0.22439692743715367,0.22439692743708384,0,2.2182646495301366e-09,1.1089748504416407e-09,9.5357022865541399e-16
1,2,1,10,10,0.0011312124381836915,0.047497690984037222,2.1330942312729331,2.1330942312454555,2.4580403862445209e-07,2.408638303380246e-10,1.1683867591863326e-10,9.5356576162094982e-16
1,2,2,1,1,0.00011875000397297195,0.0025000000014596679,0.22440568902310135,0.22440568902308999,0,3.1366584252731256e-09,1.5683264150933998e-09,9.535706411292618e-16
1,3,1,10,10,0.00014984145307524692,0.0099276435224371733,21.236468475709323,21.236469264665725,4.8172785083423254e-08,3.2583775321525972e-10,1.1804222455521955e-10,9.5356487207665362e-16
1,3,2,1,1,2.4808158558943434e-05,0.001102589336494446,1.1183643102574656,1.1186436138718192,4.5261756074425923e-09,2.6843039648691807e-09,1.4546619817737639e-09,6.359923174392857e-16
1,4,1,10,10,0.00014984915858737112,0.009928405090902306,21.237781841743026,21.23778264007937,4.8192283420662019e-08,2.2947766216731961e-10,1.2842444079243576e-10,7.9463739365454596e-16
1,4,2,1,1,2.4818874975386966e-05,0.0011030646495218122,1.1183581317826663,1.1185518211962426,4.5281459573938394e-09,2.3397726421382828e-09,2.6747838988766066e-10,7.9534737216248968e-16
1,5,1,10,10,1.7239737029839283e-06,0.00014107787835962207,21.239934528318745,21.239934528913142,5.2500322619106337e-08,2.4122449453587251e-10,1.3104019776267564e-10,9.5356488471676261e-16
1,5,2,1,1,9.7871979554910813e-07,4.3498837321291563e-05,1.1180173216194633,1.118017454307872,2.7673603395264988e-09,4.9987577708142162e-09,3.0409901599890698e-09,1.1139862525380831e-15
