outer_iteration,conditional_lm_iterations,objective_before,objective_after,allowed_objective_increase,relative_objective_change,max_navigation_scaled_step,max_bias_scaled_step,combined_scaled_step,max_chain_kkt_objective_per_m,max_chain_primal_residual_m,max_chain_dual_residual_objective_per_m,navigation_gradient_objective,navigation_roundoff_allowance_objective,objective_ok,step_ok,chain_optimality_ok,navigation_stationarity_ok,conditional_lm_inner_iterations,conditional_lm_lambda,conditional_lm_initial_error,conditional_lm_check_status,conditional_lm_check_evaluated,conditional_lm_previous_error,conditional_lm_current_error,conditional_lm_relative_tolerance,conditional_lm_absolute_tolerance,conditional_lm_optimizer_internal_relative_tolerance,conditional_lm_optimizer_internal_small_change_stop_enabled,conditional_lm_error_tolerance,conditional_lm_absolute_decrease,conditional_lm_relative_decrease,conditional_lm_relative_decrease_valid,conditional_lm_relative_tolerance_enabled,conditional_lm_decrease_predicates_reached_by_linked_check,conditional_lm_error_tolerance_triggered,conditional_lm_absolute_tolerance_triggered,conditional_lm_relative_tolerance_triggered,conditional_lm_check_result,conditional_lm_predicate_union_matches_check_result,conditional_lm_added_diagnostics_seconds,pre_chain_navigation_stationarity_valid,pre_chain_navigation_stationarity_status,pre_chain_max_pose_rotation_gradient_objective_per_rad,pre_chain_max_pose_translation_gradient_objective_per_m,pre_chain_max_velocity_gradient_objective_per_mps,pre_chain_max_accel_bias_gradient_objective_per_mps2,pre_chain_max_gyro_bias_gradient_objective_per_radps,pre_chain_max_scaled_gradient_objective,pre_chain_roundoff_allowance_objective,pre_chain_navigation_stationarity_ok,post_chain_navigation_stationarity_valid,post_chain_navigation_stationarity_status,post_chain_max_pose_rotation_gradient_objective_per_rad,post_chain_max_pose_translation_gradient_objective_per_m,post_chain_max_velocity_gradient_objective_per_mps,post_chain_max_accel_bias_gradient_objective_per_mps2,post_chain_max_gyro_bias_gradient_objective_per_radps,post_chain_max_scaled_gradient_objective,post_chain_roundoff_allowance_objective,post_chain_navigation_stationarity_ok,stationarity_audits_share_navigation_values,pre_chain_stationarity_seconds,post_chain_stationarity_seconds,added_diagnostics_seconds,conditional_lm_policy_version,conditional_lm_stationarity_qualification_enabled,conditional_lm_convergence_check_count,conditional_lm_generic_convergence_count,conditional_lm_generic_convergence_last_iteration,conditional_lm_qualification_evaluation_count,conditional_lm_qualification_last_evaluated,conditional_lm_qualification_last_passed,conditional_lm_qualification_status,conditional_lm_qualification_last_iteration,conditional_lm_qualification_seconds,conditional_lm_iterate_call_count,conditional_lm_lambda_trial_accounting_status,conditional_lm_lambda_trial_count,conditional_lm_rejected_lambda_trial_count,conditional_lm_accepted_update_count,conditional_lm_no_update_return_count,conditional_lm_qualification_audit_valid,conditional_lm_qualification_audit_status,conditional_lm_qualification_max_pose_rotation_gradient_objective_per_rad,conditional_lm_qualification_max_pose_translation_gradient_objective_per_m,conditional_lm_qualification_max_velocity_gradient_objective_per_mps,conditional_lm_qualification_max_accel_bias_gradient_objective_per_mps2,conditional_lm_qualification_max_gyro_bias_gradient_objective_per_radps,conditional_lm_qualification_max_scaled_gradient_objective,conditional_lm_qualification_roundoff_allowance_objective,conditional_lm_qualification_audit_stationary
1,6,95.290532360694613,1.7378655727261716,1.3541599111120862e-12,0.98176245289355724,1.0791205121210792,0.19474910812621565,1.0791205121210792,9.3464082522673732e-09,4.7102731785727547e-08,5.1161488080184732e-07,7.6108115424982499,9.2126404206325551e-13,0,0,1,0,6,1.0000000000000003e-11,95.290532360694613,EVALUATED_MATCHED_LINKED_GTSAM,1,4.7009135750745834,4.7009127577963827,9.9999999999999995e-07,1e-08,9.9999999999999995e-07,1,0,8.172782006710122e-07,1.7385518529939055e-07,1,1,1,0,0,1,1,1,1.3089999999999999e-06,1,NOT_STATIONARY,0.00024850591273659073,0.00094224154305286301,8.4852308669058907e-05,1.8954412259113845e-05,2.6526957749135882e-05,0.00094224154305286301,1.5721511987388604e-12,0,1,NOT_STATIONARY,0.40457016666684509,7.6108115424982499,8.4852308669058907e-05,1.8954412259113845e-05,2.6526957749135882e-05,7.6108115424982499,9.2126404206325551e-13,0,1,0.00033103700000000001,0.00034826600000000002,0.00033234600000000002,GTSAM_CHECK_ONLY_V1,0,6,1,6,0,0,0,NOT_ENABLED,0,0,6,COMPLETE,6,0,6,0,0,,0,0,0,0,0,0,0,0
2,4,1.7378655727261716,0.96326076614793987,2.4696555168562946e-14,0.44572193542168931,0.13604683925262603,0.044393470614476904,0.13604683925262603,9.5733369484698067e-09,7.0014934248014291e-11,1.7971369975052945e-08,1.8214758187186615,6.4220707264310291e-13,0,0,1,0,4,1.0000000000000003e-09,1.5816335202840492,EVALUATED_MATCHED_LINKED_GTSAM,1,0.99889891415300824,0.99889848866880193,9.9999999999999995e-07,1e-08,9.9999999999999995e-07,1,0,4.2548420631227657e-07,4.2595321737140483e-07,1,1,1,0,0,1,1,1,7.2499999999999994e-07,1,NOT_STATIONARY,0.0001312485204453262,0.00048337162478045981,9.5337202135392651e-05,1.340938653545537e-05,1.4754623600010675e-05,0.00048337162478045981,6.8976793875261329e-13,0,1,NOT_STATIONARY,0.078492157734214474,1.8214758187186615,9.5337202135392651e-05,1.340938653545537e-05,1.4754623600010675e-05,1.8214758187186615,6.4220707264310291e-13,0,1,0.00022341900000000001,0.00022658500000000001,0.00022414400000000001,GTSAM_CHECK_ONLY_V1,0,4,1,4,0,0,0,NOT_ENABLED,0,0,4,COMPLETE,4,0,4,0,0,,0,0,0,0,0,0,0,0
3,4,0.96326076614793987,0.83291869800730689,1.4210854715202004e-14,0.13034206814063298,0.090020930638532531,0.018942143480646906,0.090020930638532531,9.4933838012956073e-09,3.7631864507975272e-11,1.8637837049689976e-08,0.60288665335125668,6.8599250791032599e-13,0,0,1,0,4,1.0000000000000003e-09,0.76007004920883536,EVALUATED_MATCHED_LINKED_GTSAM,1,0.67838486064993131,0.6783848503248584,9.9999999999999995e-07,1e-08,9.9999999999999995e-07,1,0,1.0325072907768629e-08,1.5220081559421331e-08,1,1,1,0,0,1,1,1,5.4799999999999988e-07,1,NOT_STATIONARY,2.3500949528673654e-05,5.3036831513475491e-05,1.532074912385939e-05,2.1240696951724258e-06,2.172447218409812e-06,5.3036831513475491e-05,6.9981938854629148e-13,0,1,NOT_STATIONARY,0.035412498536640739,0.60288665335125668,1.532074912385939e-05,2.1240696951724258e-06,2.172447218409812e-06,0.60288665335125668,6.8599250791032599e-13,0,1,0.00029480199999999999,0.00020752800000000001,0.00029535,GTSAM_CHECK_ONLY_V1,0,4,1,4,0,0,0,NOT_ENABLED,0,0,4,COMPLETE,4,0,4,0,0,,0,0,0,0,0,0,0,0
4,3,0.83291869800730689,0.77928511337763362,1.4210854715202004e-14,0.05363358462967327,0.045912647373163543,0.01392922459305844,0.045912647373163543,9.8062335474041942e-09,4.3167289928614931e-11,1.7335905690208688e-08,0.35314439533076142,6.9346488357422166e-13,0,0,1,0,3,1.0000000000000002e-08,0.60231064593811423,EVALUATED_MATCHED_LINKED_GTSAM,1,0.57040733746865557,0.57040701922454828,9.9999999999999995e-07,1e-08,9.9999999999999995e-07,1,0,3.1824410728908958e-07,5.579242874072906e-07,1,1,1,0,0,1,1,1,4.63e-07,1,NOT_STATIONARY,9.5228802386028433e-05,6.3707005592925081e-05,2.9512278941441761e-05,7.3089122051106341e-06,9.8001548670470506e-06,9.5228802386028433e-05,6.9883544804578457e-13,0,1,NOT_STATIONARY,0.025583812809259837,0.35314439533076142,2.9512278941441761e-05,7.3089122051106341e-06,9.8001548670470506e-06,0.35314439533076142,6.9346488357422166e-13,0,1,0.00027691400000000001,0.000158314,0.00027737700000000004,GTSAM_CHECK_ONLY_V1,0,3,1,3,0,0,0,NOT_ENABLED,0,0,3,COMPLETE,3,0,3,0,0,,0,0,0,0,0,0,0,0
5,3,0.77928511337763362,0.75283772996764531,1.4210854715202004e-14,0.026447383409988312,0.028097943727543165,0.011457079661368122,0.028097943727543165,9.8742767211341653e-09,4.7546325598423728e-11,1.8705040944954863e-08,0.24512533190101385,6.975877425990982e-13,0,0,1,0,3,1.0000000000000002e-08,0.53097298485804523,EVALUATED_MATCHED_LINKED_GTSAM,1,0.51568641572210572,0.51568632086638977,9.9999999999999995e-07,1e-08,9.9999999999999995e-07,1,0,9.4855715948582997e-08,1.8394069158435825e-07,1,1,1,0,0,1,1,1,5.4700000000000001e-07,1,NOT_STATIONARY,4.4924872119274373e-05,3.9583105794251117e-05,1.1597971235843829e-05,2.87977345404377e-06,3.7947451395903276e-06,4.4924872119274373e-05,6.9787087491431404e-13,0,1,NOT_STATIONARY,0.018861036100698617,0.24512533190101385,1.1597971235843829e-05,2.87977345404377e-06,3.7947451395903276e-06,0.24512533190101385,6.975877425990982e-13,0,1,0.000218617,0.00016336700000000001,0.00021916399999999999,GTSAM_CHECK_ONLY_V1,0,3,1,3,0,0,0,NOT_ENABLED,0,0,3,COMPLETE,3,0,3,0,0,,0,0,0,0,0,0,0,0
6,3,0.75283772996764531,0.73821999281197936,1.4210854715202004e-14,0.014617737155665944,0.018175667356216174,0.010567429212399199,0.018175667356216174,9.6414885354367106e-09,3.6688516981516683e-11,1.7367870426369766e-08,0.18981909787089796,6.9885144063108644e-13,0,0,1,0,3,1.0000000000000002e-08,0.4924108303227368,EVALUATED_MATCHED_LINKED_GTSAM,1,0.48411557211592188,0.48411554026713854,9.9999999999999995e-07,1e-08,9.9999999999999995e-07,1,0,3.1848783332844022e-08,6.578756224188923e-08,1,1,1,0,0,1,1,1,5.4499999999999997e-07,1,NOT_STATIONARY,1.9688853751885504e-05,2.6062240137902926e-05,5.2886805007451576e-06,1.2596324859464117e-06,1.7019254630601388e-06,2.6062240137902926e-05,6.9872420053574705e-13,0,1,NOT_STATIONARY,0.01309311863830552,0.18981909787089796,5.2886805007451576e-06,1.2596324859464117e-06,1.7019254630601388e-06,0.18981909787089796,6.9885144063108644e-13,0,1,0.00037521199999999998,0.00033509000000000002,0.000375757,GTSAM_CHECK_ONLY_V1,0,3,1,3,0,0,0,NOT_ENABLED,0,0,3,COMPLETE,3,0,3,0,0,,0,0,0,0,0,0,0,0
7,3,0.73821999281197936,0.72949061260197301,1.4210854715202004e-14,0.0087293802100063544,0.016367245161916344,0.0092981672153689965,0.016367245161916344,9.5247001397069653e-09,2.8919483652648764e-11,1.6805665199506065e-08,0.15732575687119391,6.9934134615067756e-13,0,0,1,0,3,1.0000000000000002e-08,0.46878834287185667,EVALUATED_MATCHED_LINKED_GTSAM,1,0.46389584427778674,0.46389583000238888,9.9999999999999995e-07,1e-08,9.9999999999999995e-07,1,0,1.4275397863805495e-08,3.0772851362852916e-08,1,1,1,0,0,1,1,1,5.3799999999999997e-07,1,NOT_STATIONARY,1.2783586856052187e-05,1.755802562525971e-05,3.5205741714672278e-06,6.0503980082874179e-07,8.0757634624006869e-07,1.755802562525971e-05,6.9932873223179643e-13,0,1,NOT_STATIONARY,0.0098251102034086386,0.15732575687119391,3.5205741714672278e-06,6.0503980082874179e-07,8.0757634624006869e-07,0.15732575687119391,6.9934134615067756e-13,0,1,0.00026877900000000002,0.00035130200000000001,0.00026931700000000004,GTSAM_CHECK_ONLY_V1,0,3,1,3,0,0,0,NOT_ENABLED,0,0,3,COMPLETE,3,0,3,0,0,,0,0,0,0,0,0,0,0
8,3,0.72949061260197301,0.72402257744222898,1.4210854715202004e-14,0.0054680351597440335,0.014092325388878751,0.0080381013740513374,0.014092325388878751,9.6961921616789404e-09,2.9780626610711116e-11,1.8403928292552095e-08,0.13975386217612468,6.9975025746675417e-13,0,0,1,0,3,1.0000000000000002e-08,0.45342352965983806,EVALUATED_MATCHED_LINKED_GTSAM,1,0.45038964343388604,0.4503896359906292,9.9999999999999995e-07,1e-08,9.9999999999999995e-07,1,0,7.4432568442084346e-09,1.6526261100186801e-08,1,1,1,0,1,1,1,1,5.3199999999999995e-07,1,NOT_STATIONARY,9.6970443168031828e-06,1.2378060405472679e-05,2.6943940622525808e-06,3.9030826856634171e-07,4.1330047797355496e-07,1.2378060405472679e-05,6.9973315320527145e-13,0,1,NOT_STATIONARY,0.0078909070372950221,0.13975386217612468,2.6943940622525808e-06,3.9030826856634171e-07,4.1330047797355496e-07,0.13975386217612468,6.9975025746675417e-13,0,1,0.00034944400000000002,0.000278597,0.000349976,GTSAM_CHECK_ONLY_V1,0,3,1,3,0,0,0,NOT_ENABLED,0,0,3,COMPLETE,3,0,3,0,0,,0,0,0,0,0,0,0,0
9,3,0.72402257744222898,0.72027604647442844,1.4210854715202004e-14,0.0037465309678005321,0.012204113283184298,0.0068848172752886128,0.012204113283184298,9.7278136657052983e-09,1.706861930424101e-11,1.6700608157245039e-08,0.12110026379420261,6.9980741739561014e-13,0,0,1,0,3,1.0000000000000002e-08,0.44284070248473556,EVALUATED_MATCHED_LINKED_GTSAM,1,0.44082104812369405,0.44082104368626579,9.9999999999999995e-07,1e-08,9.9999999999999995e-07,1,0,4.4374282581749469e-09,1.0066280358123481e-08,1,1,1,0,1,1,1,1,5.4300000000000003e-07,1,NOT_STATIONARY,7.9562558508022851e-06,8.9824994382314838e-06,1.8639663171560183e-06,2.7383858680965489e-07,2.4647880050507331e-07,8.9824994382314838e-06,6.9980023951782344e-13,0,1,NOT_STATIONARY,0.0067218383754049493,0.12110026379420261,1.8639663171560183e-06,2.7383858680965489e-07,2.4647880050507331e-07,0.12110026379420261,6.9980741739561014e-13,0,1,0.00026462399999999998,0.00031898000000000001,0.00026516699999999996,GTSAM_CHECK_ONLY_V1,0,3,1,3,0,0,0,NOT_ENABLED,0,0,3,COMPLETE,3,0,3,0,0,,0,0,0,0,0,0,0,0
10,3,0.72027604647442844,0.71750342105487097,1.4210854715202004e-14,0.0027726254195574729,0.010792375370296342,0.005841453512250544,0.010792375370296342,9.2895679204563208e-09,1.5628237084322819e-11,1.7420389321628496e-08,0.10457842844031823,6.9948412753117552e-13,0,0,1,0,3,1.0000000000000002e-08,0.43514514462128062,EVALUATED_MATCHED_LINKED_GTSAM,1,0.43365951647152989,0.43365951352882642,9.9999999999999995e-07,1e-08,9.9999999999999995e-07,1,0,2.9427034697881993e-09,6.7857463240551076e-09,1,1,1,0,1,1,1,1,5.3900000000000005e-07,1,NOT_STATIONARY,6.7176571866556234e-06,6.6705292783228454e-06,1.2678231600393719e-06,1.9073699858429549e-07,2.1976750901736564e-07,6.7176571866556234e-06,6.9950403890512168e-13,0,1,NOT_STATIONARY,0.0056752086444731634,0.10457842844031823,1.2678231600393719e-06,1.9073699858429549e-07,2.1976750901736564e-07,0.10457842844031823,6.9948412753117552e-13,0,1,0.00025592799999999999,0.00028791999999999999,0.00025646699999999997,GTSAM_CHECK_ONLY_V1,0,3,1,3,0,0,0,NOT_ENABLED,0,0,3,COMPLETE,3,0,3,0,0,,0,0,0,0,0,0,0,0
11,3,0.71750342105487097,0.71540789182359676,1.4210854715202004e-14,0.0020955292312742069,0.0089523426700521547,0.0049374810327479368,0.0089523426700521547,9.8866587663184163e-09,1.6179559162323332e-11,1.8126289890624471e-08,0.091706142653942196,6.9904555375174339e-13,0,0,1,0,3,1.0000000000000002e-08,0.42899778218615375,EVALUATED_MATCHED_LINKED_GTSAM,1,0.42787856871232616,0.42787856664813301,9.9999999999999995e-07,1e-08,9.9999999999999995e-07,1,0,2.0641931497422661e-09,4.824249917340629e-09,1,1,1,0,1,1,1,1,6.299999999999999e-07,1,NOT_STATIONARY,5.8307678115626649e-06,5.444436153856369e-06,1.1940335058469032e-06,1.715561293927359e-07,2.0613852468737148e-07,5.8307678115626649e-06,6.9907363223749274e-13,0,1,NOT_STATIONARY,0.0047769824234551936,0.091706142653942196,1.1940335058469032e-06,1.715561293927359e-07,2.0613852468737148e-07,0.091706142653942196,6.9904555375174339e-13,0,1,0.00016915800000000001,0.000164363,0.00016978800000000001,GTSAM_CHECK_ONLY_V1,0,3,1,3,0,0,0,NOT_ENABLED,0,0,3,COMPLETE,3,0,3,0,0,,0,0,0,0,0,0,0,0
12,3,0.71540789182359676,0.7138037740417722,1.4210854715202004e-14,0.0016041177818245655,0.0072647116273997225,0.0041838539178354062,0.0072647116273997225,9.9075536108550466e-09,1.5495764457690451e-11,1.8794557856866115e-08,0.081247875352945628,6.9860177443550455e-13,0,0,1,0,3,1.0000000000000002e-08,0.42402385528110581,EVALUATED_MATCHED_LINKED_GTSAM,1,0.42316950490665334,0.42316950341667825,9.9999999999999995e-07,1e-08,9.9999999999999995e-07,1,0,1.4899750877539475e-09,3.5209888011250247e-09,1,1,1,0,1,1,1,1,4.7199999999999999e-07,1,NOT_STATIONARY,5.124665490421898e-06,5.0504492927760936e-06,1.1167765236741456e-06,1.6843228295079782e-07,1.9307458466732985e-07,5.124665490421898e-06,6.9863063198985549e-13,0,1,NOT_STATIONARY,0.0040336954859561342,0.081247875352945628,1.1167765236741456e-06,1.6843228295079782e-07,1.9307458466732985e-07,0.081247875352945628,6.9860177443550455e-13,0,1,0.000165964,0.00025364000000000002,0.000166436,GTSAM_CHECK_ONLY_V1,0,3,1,3,0,0,0,NOT_ENABLED,0,0,3,COMPLETE,3,0,3,0,0,,0,0,0,0,0,0,0,0
13,2,0.7138037740417722,0.7125617317581765,1.4210854715202004e-14,0.0012420422835957012,0.0058353241413773849,0.0035532740065151724,0.0058353241413773849,9.5789033413850586e-09,1.5341389139711965e-11,1.8897256181574353e-08,0.07250550291399227,6.9819086177445877e-13,0,0,1,0,2,1.0000000000000002e-07,0.41995986462676727,EVALUATED_MATCHED_LINKED_GTSAM,1,0.41930022897073987,0.41929985569518857,9.9999999999999995e-07,1e-08,9.9999999999999995e-07,1,0,3.7327555130195478e-07,8.9023455154851147e-07,1,1,1,0,0,1,1,1,4.3600000000000004e-07,1,NOT_STATIONARY,0.00018236655047029759,0.00043541081015613381,0.00013093344426673426,1.863154809852649e-05,1.4948075980406733e-05,0.00043541081015613381,6.9821772482563031e-13,0,1,NOT_STATIONARY,0.003422794271535471,0.07250550291399227,0.00013093344426673426,1.863154809852649e-05,1.4948075980406733e-05,0.07250550291399227,6.9819086177445877e-13,0,1,0.00030113699999999999,0.00030376399999999999,0.00030157299999999997,GTSAM_CHECK_ONLY_V1,0,2,1,2,0,0,0,NOT_ENABLED,0,0,2,COMPLETE,2,0,2,0,0,,0,0,0,0,0,0,0,0
14,2,0.7125617317581765,0.71158742859346602,1.4210854715202004e-14,0.00097430316471047718,0.0046323928815459881,0.0030280341143557876,0.0046323928815459881,9.4340830156469901e-09,1.5527600584615928e-11,1.9367167647452825e-08,0.065131138655940141,6.9782563168231776e-13,0,0,1,0,2,1.0000000000000002e-07,0.41661488107191091,EVALUATED_MATCHED_LINKED_GTSAM,1,0.41609896982433781,0.41609869604346728,9.9999999999999995e-07,1e-08,9.9999999999999995e-07,1,0,2.7378087052998268e-07,6.5797055600873811e-07,1,1,1,0,0,1,1,1,3.7100000000000003e-07,1,NOT_STATIONARY,0.00016111788400849369,0.00038406260160689376,0.00011561408322219302,1.6463142974727091e-05,1.3208506665550457e-05,0.00038406260160689376,6.9784999201257911e-13,0,1,NOT_STATIONARY,0.0029095390578808668,0.065131138655940141,0.00011561408322219302,1.6463142974727091e-05,1.3208506665550457e-05,0.065131138655940141,6.9782563168231776e-13,0,1,0.00040722000000000002,0.00017693900000000001,0.00040759100000000001,GTSAM_CHECK_ONLY_V1,0,2,1,2,0,0,0,NOT_ENABLED,0,0,2,COMPLETE,2,0,2,0,0,,0,0,0,0,0,0,0,0
15,2,0.71158742859346602,0.71081312902965532,1.4210854715202004e-14,0.00077429956381069864,0.0036367618076565411,0.0025860412587194181,0.0036367618076565411,9.6872938143421905e-09,1.5611466095771544e-11,1.9762988110589656e-08,0.058853610036177867,6.9750602213727083e-13,0,0,1,0,2,1.0000000000000002e-07,0.41383971906964212,EVALUATED_MATCHED_LINKED_GTSAM,1,0.41343101959252859,0.41343081880292415,9.9999999999999995e-07,1e-08,9.9999999999999995e-07,1,0,2.007896044431412e-07,4.8566651975228284e-07,1,1,1,0,0,1,1,1,4.15e-07,1,NOT_STATIONARY,0.00014155128294029984,0.00033703982961863499,0.0001015435443614543,1.4467630311151142e-05,1.160235778813884e-05,0.00033703982961863499,6.9752759157302166e-13,0,1,NOT_STATIONARY,0.0024974530198526232,0.058853610036177867,0.0001015435443614543,1.4467630311151142e-05,1.160235778813884e-05,0.058853610036177867,6.9750602213727083e-13,0,1,0.000166749,0.00016154900000000001,0.000167164,GTSAM_CHECK_ONLY_V1,0,2,1,2,0,0,0,NOT_ENABLED,0,0,2,COMPLETE,2,0,2,0,0,,0,0,0,0,0,0,0,0
16,2,0.71081312902965532,0.71018907732738568,1.4210854715202004e-14,0.00062405170226964568,0.0028035656075770243,0.0022119910651984265,0.0028035656075770243,9.4587080390340361e-09,1.5685905062244369e-11,2.0098803419670908e-08,0.053467234675928274,6.9722841345646327e-13,0,0,1,0,2,1.0000000000000002e-07,0.41152278543934817,EVALUATED_MATCHED_LINKED_GTSAM,1,0.41119452753983665,0.41119437997139957,9.9999999999999995e-07,1e-08,9.9999999999999995e-07,1,0,1.4756843708108036e-07,3.5887743439577726e-07,1,1,1,0,0,1,1,1,4.01e-07,1,NOT_STATIONARY,0.00012409589237788454,0.00029526136305635386,8.9013753755751157e-05,1.2687991396431036e-05,1.0167378578812558e-05,0.00029526136305635386,6.9724739092113338e-13,0,1,NOT_STATIONARY,0.0021468807187113859,0.053467234675928274,8.9013753755751157e-05,1.2687991396431036e-05,1.0167378578812558e-05,0.053467234675928274,6.9722841345646327e-13,0,1,0.00027101099999999998,0.00025098200000000002,0.00027141200000000001,GTSAM_CHECK_ONLY_V1,0,2,1,2,0,0,0,NOT_ENABLED,0,0,2,COMPLETE,2,0,2,0,0,,0,0,0,0,0,0,0,0
17,2,0.71018907732738568,0.7096784636495046,1.4210854715202004e-14,0.0005106136778810777,0.0021032568398578477,0.0018939007961465137,0.0021032568398578477,9.775844813790394e-09,1.8812374753416059e-11,2.0388268991262147e-08,0.048820372553451202,6.9698819853254929e-13,0,0,1,0,2,1.0000000000000002e-07,0.40957734332669449,EVALUATED_MATCHED_LINKED_GTSAM,1,0.40930975064734659,0.40930964197971947,9.9999999999999995e-07,1e-08,9.9999999999999995e-07,1,0,1.0866762711891909e-07,2.654899546054182e-07,1,1,1,0,0,1,1,1,3.2899999999999999e-07,1,NOT_STATIONARY,0.00010867067747177828,0.00025846700230780506,7.7957684604224031e-05,1.1115720586568623e-05,8.8978212041471161e-06,0.00025846700230780506,6.9700486639031891e-13,0,1,NOT_STATIONARY,0.0019212034003036425,0.048820372553451202,7.7957684604224031e-05,1.1115720586568623e-05,8.8978212041471161e-06,0.048820372553451202,6.9698819853254929e-13,0,1,0.000298101,0.00032247500000000002,0.00029842999999999997,GTSAM_CHECK_ONLY_V1,0,2,1,2,0,0,0,NOT_ENABLED,0,0,2,COMPLETE,2,0,2,0,0,,0,0,0,0,0,0,0,0
18,2,0.7096784636495046,0.70925390524224075,1.4210854715202004e-14,0.00042455840726385308,0.0017980082574279679,0.001622250646846235,0.0017980082574279679,9.8462109172173165e-09,1.8437776644879084e-11,2.0711140985823294e-08,0.044795694347470882,6.96780809162847e-13,0,0,1,0,2,1.0000000000000002e-07,0.40793524836189976,EVALUATED_MATCHED_LINKED_GTSAM,1,0.40771362600971678,0.4077135458437634,9.9999999999999995e-07,1e-08,9.9999999999999995e-07,1,0,8.016595337556609e-08,1.9662318907549964e-07,1,1,1,0,0,1,1,1,4.3500000000000002e-07,1,NOT_STATIONARY,9.5122699563687796e-05,0.00022624435521778619,6.8259516217139549e-05,9.7350926722833409e-06,7.7816551097287245e-06,0.00022624435521778619,6.9679545500632973e-13,0,1,NOT_STATIONARY,0.0017364383829908386,0.044795694347470882,6.8259516217139549e-05,9.7350926722833409e-06,7.7816551097287245e-06,0.044795694347470882,6.96780809162847e-13,0,1,0.00019469999999999999,0.000280649,0.00019513499999999998,GTSAM_CHECK_ONLY_V1,0,2,1,2,0,0,0,NOT_ENABLED,0,0,2,COMPLETE,2,0,2,0,0,,0,0,0,0,0,0,0,0
19,2,0.70925390524224075,0.70889494268032305,1.4210854715202004e-14,0.00035896256191769726,0.0015358657145111373,0.0013894072193822715,0.0015358657145111373,9.2783566792021548e-09,1.8113864653267081e-11,1.8334762065189047e-08,0.041299211193629129,6.9660204528876016e-13,0,0,1,0,2,1.0000000000000002e-07,0.40654247693516854,EVALUATED_MATCHED_LINKED_GTSAM,1,0.40635585548461783,0.40635579624221563,9.9999999999999995e-07,1e-08,9.9999999999999995e-07,1,0,5.9242402206116651e-08,1.457894636105698e-07,1,1,1,0,0,1,1,1,3.8300000000000003e-07,1,NOT_STATIONARY,8.3275011603350935e-05,0.00019813679378005711,5.9787927755933223e-05,8.5279759569796554e-06,6.8047064377477207e-06,0.00019813679378005711,6.9661493604683634e-13,0,1,NOT_STATIONARY,0.0015760617338913367,0.041299211193629129,5.9787927755933223e-05,8.5279759569796554e-06,6.8047064377477207e-06,0.041299211193629129,6.9660204528876016e-13,0,1,0.00017345300000000001,0.00017766200000000001,0.00017383600000000002,GTSAM_CHECK_ONLY_V1,0,2,1,2,0,0,0,NOT_ENABLED,0,0,2,COMPLETE,2,0,2,0,0,,0,0,0,0,0,0,0,0
20,2,0.70889494268032305,0.70858623445554914,1.4210854715202004e-14,0.00030870822477391258,0.0013803043367082435,0.0012959076912749355,0.0013803043367082435,9.6019279680059633e-09,1.7833768677323188e-11,1.8394000709466014e-08,0.039678172208614151,6.9644816431008987e-13,0,0,1,0,2,1.0000000000000002e-07,0.40535585571266441,EVALUATED_MATCHED_LINKED_GTSAM,1,0.40519601603375854,0.4051959721743682,9.9999999999999995e-07,1e-08,9.9999999999999995e-07,1,0,4.3859390341793869e-08,1.0824240270452156e-07,1,1,1,0,0,1,1,1,3.2999999999999996e-07,1,NOT_STATIONARY,7.2946761275449745e-05,0.00017368787548260878,5.2410007353370647e-05,7.4758612823959403e-06,5.9523797946645085e-06,0.00017368787548260878,6.9645953768588903e-13,0,1,NOT_STATIONARY,0.0014365904083532208,0.039678172208614151,5.2410007353370647e-05,7.4758612823959403e-06,5.9523797946645085e-06,0.039678172208614151,6.9644816431008987e-13,0,1,0.000195358,0.00025289600000000001,0.00019568799999999999,GTSAM_CHECK_ONLY_V1,0,2,1,2,0,0,0,NOT_ENABLED,0,0,2,COMPLETE,2,0,2,0,0,,0,0,0,0,0,0,0,0
21,2,0.70858623445554914,0.70831624173021346,1.4210854715202004e-14,0.00026999272533567709,0.0012467465433592534,0.001214299757743776,0.0012467465433592534,9.3957247537533678e-09,1.7591584643719026e-11,1.7760087310076596e-08,0.038785034975313451,6.9631587985902699e-13,0,0,1,0,2,1.0000000000000002e-07,0.40434063042445167,EVALUATED_MATCHED_LINKED_GTSAM,1,0.40420139473950134,0.40420136220078928,9.9999999999999995e-07,1e-08,9.9999999999999995e-07,1,0,3.2538712058105546e-08,8.0501236466727207e-08,1,1,1,0,0,1,1,1,5.5899999999999996e-07,1,NOT_STATIONARY,6.3963703897607083e-05,0.00015246403645002848,4.5998486819714968e-05,6.560928276957978e-06,5.2105504844135453e-06,0.00015246403645002848,6.9632594326757115e-13,0,1,NOT_STATIONARY,0.0013151020162663202,0.038785034975313451,4.5998486819714968e-05,6.560928276957978e-06,5.2105504844135453e-06,0.038785034975313451,6.9631587985902699e-13,0,1,0.000172449,0.00024622000000000001,0.00017300799999999999,GTSAM_CHECK_ONLY_V1,0,2,1,2,0,0,0,NOT_ENABLED,0,0,2,COMPLETE,2,0,2,0,0,,0,0,0,0,0,0,0,0
22,2,0.70831624173021346,0.70807626255294409,1.4210854715202004e-14,0.00023997917726936713,0.0011320945751388113,0.001142626612149162,0.001142626612149162,9.5546364639598202e-09,1.738220016263101e-11,1.8123778360610536e-08,0.037964860839914183,6.962023272045744e-13,0,0,1,0,2,1.0000000000000002e-07,0.40346863543099815,EVALUATED_MATCHED_LINKED_GTSAM,1,0.40334534757228729,0.40334532336868667,9.9999999999999995e-07,1e-08,9.9999999999999995e-07,1,0,2.4203600623717847e-08,6.0007139711410933e-08,1,1,1,0,0,1,1,1,3.1e-07,1,NOT_STATIONARY,5.6163640882345156e-05,0.00013406586701525391,4.0435428671742324e-05,5.7665977309072358e-06,4.5660273656281114e-06,0.00013406586701525391,6.9621125979287397e-13,0,1,NOT_STATIONARY,0.0012091211601458901,0.037964860839914183,4.0435428671742324e-05,5.7665977309072358e-06,4.5660273656281114e-06,0.037964860839914183,6.962023272045744e-13,0,1,0.00030077100000000002,0.00023460899999999999,0.00030108100000000003,GTSAM_CHECK_ONLY_V1,0,2,1,2,0,0,0,NOT_ENABLED,0,0,2,COMPLETE,2,0,2,0,0,,0,0,0,0,0,0,0,0
23,2,0.70807626255294409,0.70785971830621996,1.4210854715202004e-14,0.00021654424672412631,0.0010944001024310243,0.0010795931999804803,0.0010944001024310243,9.9346061484660088e-09,1.7201210730008585e-11,1.8468006538785517e-08,0.037208604665183803,6.9610501828491871e-13,0,0,1,0,2,1.0000000000000002e-07,0.40271690096798152,EVALUATED_MATCHED_LINKED_GTSAM,1,0.40260604286680357,0.40260602479991664,9.9999999999999995e-07,1e-08,9.9999999999999995e-07,1,0,1.8066886930956372e-08,4.4874852851956673e-08,1,1,1,0,0,1,1,1,4.5199999999999997e-07,1,NOT_STATIONARY,4.9398867436128979e-05,0.0001181325540330902,3.56138117372784e-05,5.0777794307864388e-06,4.0067662854595398e-06,0.0001181325540330902,6.9611297404540919e-13,0,1,NOT_STATIONARY,0.0011165361372920835,0.037208604665183803,3.56138117372784e-05,5.0777794307864388e-06,4.0067662854595398e-06,0.037208604665183803,6.9610501828491871e-13,0,1,0.00030968599999999999,0.00033347100000000001,0.000310138,GTSAM_CHECK_ONLY_V1,0,2,1,2,0,0,0,NOT_ENABLED,0,0,2,COMPLETE,2,0,2,0,0,,0,0,0,0,0,0,0,0
24,2,0.70785971830621996,0.70766162393087417,1.4210854715202004e-14,0.000198094375345792,0.00106050759747177,0.0010240737859280764,0.00106050759747177,9.8786187934419959e-09,1.7408420378669242e-11,1.8291404936960369e-08,0.036508527276157651,6.960217960963781e-13,0,0,1,0,2,1.0000000000000002e-07,0.40206658446075388,EVALUATED_MATCHED_LINKED_GTSAM,1,0.40196549169195178,0.40196547814067241,9.9999999999999995e-07,1e-08,9.9999999999999995e-07,1,0,1.3551279376411429e-08,3.37125441275355e-08,1,1,1,0,0,1,1,1,3.5599999999999996e-07,1,NOT_STATIONARY,4.3536854749420817e-05,0.00010434249257668116,3.1437889965735266e-05,4.4809399355333346e-06,3.5219360630181495e-06,0.00010434249257668116,6.9602890715885944e-13,0,1,NOT_STATIONARY,0.0010355377065483506,0.036508527276157651,3.1437889965735266e-05,4.4809399355333346e-06,3.5219360630181495e-06,0.036508527276157651,6.960217960963781e-13,0,1,0.00035509300000000001,0.00029202699999999999,0.00035544900000000003,GTSAM_CHECK_ONLY_V1,0,2,1,2,0,0,0,NOT_ENABLED,0,0,2,COMPLETE,2,0,2,0,0,,0,0,0,0,0,0,0,0
25,2,0.70766162393087417,0.7074781930744003,1.4210854715202004e-14,0.00018343085647387625,0.0010299403822052954,0.00097509198486461085,0.0010299403822052954,9.8220270275222715e-09,1.6986254523150715e-11,1.8090410630602503e-08,0.035857983510464167,6.9595079216372914e-13,0,0,1,0,2,1.0000000000000002e-07,0.40150214337061124,EVALUATED_MATCHED_LINKED_GTSAM,1,0.40140879332098434,0.40140878308871214,9.9999999999999995e-07,1e-08,9.9999999999999995e-07,1,0,1.0232272196208925e-08,2.5490901959456439e-08,1,1,1,0,0,1,1,1,3.9799999999999999e-07,1,NOT_STATIONARY,3.8459761094553069e-05,9.2411637263478674e-05,2.7822843520070029e-05,3.9640661335070548e-06,3.1018991062045642e-06,9.2411637263478674e-05,6.9595717185540907e-13,0,1,NOT_STATIONARY,0.00096457108836689974,0.035857983510464167,2.7822843520070029e-05,3.9640661335070548e-06,3.1018991062045642e-06,0.035857983510464167,6.9595079216372914e-13,0,1,0.000356032,0.00028143999999999999,0.00035642999999999997,GTSAM_CHECK_ONLY_V1,0,2,1,2,0,0,0,NOT_ENABLED,0,0,2,COMPLETE,2,0,2,0,0,,0,0,0,0,0,0,0,0
26,2,0.7074781930744003,0.70730654286570571,1.4210854715202004e-14,0.0001716502086945848,0.0010065386493674788,0.00093179835010276379,0.0010065386493674788,9.858145591512546e-09,1.6792930345755783e-11,1.8699205029855711e-08,0.035251213012852792,6.9589038838573221e-13,0,0,1,0,2,1.0000000000000002e-07,0.40101069116361998,EVALUATED_MATCHED_LINKED_GTSAM,1,0.40092354474687497,0.40092353694989158,9.9999999999999995e-07,1e-08,9.9999999999999995e-07,1,0,7.79698339226087e-09,1.9447556758442642e-08,1,1,1,0,1,1,1,1,6.06e-07,1,NOT_STATIONARY,3.4064299697988965e-05,8.2090803775525245e-05,2.4694068054526008e-05,3.5165737539283315e-06,2.7381456721084496e-06,8.2090803775525245e-05,6.9589613395992112e-13,0,1,NOT_STATIONARY,0.0009022972045394876,0.035251213012852792,2.4694068054526008e-05,3.5165737539283315e-06,2.7381456721084496e-06,0.035251213012852792,6.9589038838573221e-13,0,1,0.00022400499999999999,0.00022514400000000001,0.00022461099999999999,GTSAM_CHECK_ONLY_V1,0,2,1,2,0,0,0,NOT_ENABLED,0,0,2,COMPLETE,2,0,2,0,0,,0,0,0,0,0,0,0,0
27,2,0.70730654286570571,0.70714447260886781,1.4210854715202004e-14,0.00016207025683789844,0.0010821638607852735,0.00089345617420086287,0.0010821638607852735,9.7037143055718823e-09,1.6820266365115197e-11,1.767978588293754e-08,0.034683222906580796,6.9583918342664795e-13,0,0,1,0,2,1.0000000000000002e-07,0.40058149153980538,EVALUATED_MATCHED_LINKED_GTSAM,1,0.40049937461595297,0.40049936860156582,9.9999999999999995e-07,1e-08,9.9999999999999995e-07,1,0,6.0143871549733774e-09,1.5017219841455922e-08,1,1,1,0,1,1,1,1,4.2799999999999997e-07,1,NOT_STATIONARY,3.0259077052063876e-05,7.3162407591920164e-05,2.1986277419006051e-05,3.1291872589801761e-06,2.4232038276020273e-06,7.3162407591920164e-05,6.9584437840454423e-13,0,1,NOT_STATIONARY,0.00088276387445646379,0.034683222906580796,2.1986277419006051e-05,3.1291872589801761e-06,2.4232038276020273e-06,0.034683222906580796,6.9583918342664795e-13,0,1,0.00029083199999999998,0.00018840999999999999,0.00029126,GTSAM_CHECK_ONLY_V1,0,2,1,2,0,0,0,NOT_ENABLED,0,0,2,COMPLETE,2,0,2,0,0,,0,0,0,0,0,0,0,0
28,2,0.70714447260886781,0.70699029751451015,1.4210854715202004e-14,0.00015417509435766696,0.0012041198665757313,0.00088766129031861429,0.0012041198665757313,9.8620667474958528e-09,1.6605136691208539e-11,1.8025959478348836e-08,0.034149647190382937,6.9579596337662648e-13,0,0,1,0,2,1.0000000000000002e-07,0.40020555963795174,EVALUATED_MATCHED_LINKED_GTSAM,1,0.40012757396079252,0.40012756924717247,9.9999999999999995e-07,1e-08,9.9999999999999995e-07,1,0,4.7136200498343328e-09,1.1780292977999582e-08,1,1,1,0,1,1,1,1,4.4000000000000002e-07,1,NOT_STATIONARY,2.6964845814381189e-05,6.5437143012714305e-05,1.9642564905858473e-05,2.7938116997187901e-06,2.1505412301017768e-06,6.5437143012714305e-05,6.9580067960128022e-13,0,1,NOT_STATIONARY,0.00088115140103909098,0.034149647190382937,1.9642564905858473e-05,2.7938116997187901e-06,2.1505412301017768e-06,0.034149647190382937,6.9579596337662648e-13,0,1,0.000252534,0.00020875200000000001,0.00025297399999999999,GTSAM_CHECK_ONLY_V1,0,2,1,2,0,0,0,NOT_ENABLED,0,0,2,COMPLETE,2,0,2,0,0,,0,0,0,0,0,0,0,0
29,2,0.70699029751451015,0.70684272356046585,1.4210854715202004e-14,0.00014757395404429996,0.0013081812676171423,0.00088609506233175428,0.0013081812676171423,9.9560037141211455e-09,2.0558033951731246e-11,1.8375349319135607e-08,0.033646670786595431,6.9575967641653112e-13,0,0,1,0,2,1.0000000000000002e-07,0.39987534466727931,EVALUATED_MATCHED_LINKED_GTSAM,1,0.39980080088979997,0.39980079712159677,9.9999999999999995e-07,1e-08,9.9999999999999995e-07,1,0,3.7682031939212379e-09,9.4252017142904515e-09,1,1,1,0,1,1,1,1,4.4700000000000002e-07,1,NOT_STATIONARY,2.4112502546275172e-05,5.8750758584025231e-05,1.7613471139224512e-05,2.5034039503220307e-06,1.9144653234590137e-06,5.8750758584025231e-05,6.9576397572366795e-13,0,1,NOT_STATIONARY,0.00087835119750400217,0.033646670786595431,1.7613471139224512e-05,2.5034039503220307e-06,1.9144653234590137e-06,0.033646670786595431,6.9575967641653112e-13,0,1,0.00027587899999999998,0.00034433400000000001,0.00027632599999999997,GTSAM_CHECK_ONLY_V1,0,2,1,2,0,0,0,NOT_ENABLED,0,0,2,COMPLETE,2,0,2,0,0,,0,0,0,0,0,0,0,0
30,2,0.70684272356046585,0.70670075313722525,1.4210854715202004e-14,0.0001419704232406005,0.0013967392884585983,0.00088390846498218045,0.0013967392884585983,9.9110798438670414e-09,2.0478312955029963e-11,1.7502816750815585e-08,0.033170953889432989,6.9572941076106316e-13,0,0,1,0,2,1.0000000000000002e-07,0.39958447658234142,EVALUATED_MATCHED_LINKED_GTSAM,1,0.39951284376303942,0.39951284067861109,9.9999999999999995e-07,1e-08,9.9999999999999995e-07,1,0,3.0844283238629089e-09,7.7204735017038822e-09,1,1,1,0,1,1,1,1,3.7e-07,1,NOT_STATIONARY,2.1642042625821811e-05,5.2960995818529533e-05,1.585610105257762e-05,2.2518501278066816e-06,1.7100275614481686e-06,5.2960995818529533e-05,6.9573334645356361e-13,0,1,NOT_STATIONARY,0.00087456641332946117,0.033170953889432989,1.585610105257762e-05,2.2518501278066816e-06,1.7100275614481686e-06,0.033170953889432989,6.9572941076106316e-13,0,1,0.000255574,0.00028744000000000003,0.00025594400000000003,GTSAM_CHECK_ONLY_V1,0,2,1,2,0,0,0,NOT_ENABLED,0,0,2,COMPLETE,2,0,2,0,0,,0,0,0,0,0,0,0,0
31,2,0.70670075313722525,0.70656361380885557,1.4210854715202004e-14,0.00013713932836967313,0.0014718462536396082,0.00088117846375529441,0.0014718462536396082,9.8744390812061428e-09,2.1341156773897517e-11,1.7170236284739555e-08,0.032719553840869831,6.9570437572008915e-13,0,0,1,0,2,1.0000000000000002e-07,0.3993275624276163,EVALUATED_MATCHED_LINKED_GTSAM,1,0.39925842991545885,0.39925842732261074,9.9999999999999995e-07,1e-08,9.9999999999999995e-07,1,0,2.5928481028891781e-09,6.4941599440698146e-09,1,1,1,0,1,1,1,1,4.0199999999999997e-07,1,NOT_STATIONARY,1.950146471342562e-05,4.7944860425253033e-05,1.4333321501941443e-05,2.0338533626429456e-06,1.5329350568221711e-06,4.7944860425253033e-05,6.9570799380153715e-13,0,1,NOT_STATIONARY,0.00086996779358763932,0.032719553840869831,1.4333321501941443e-05,2.0338533626429456e-06,1.5329350568221711e-06,0.032719553840869831,6.9570437572008915e-13,0,1,0.00028315600000000001,0.00018439800000000001,0.000283558,GTSAM_CHECK_ONLY_V1,0,2,1,2,0,0,0,NOT_ENABLED,0,0,2,COMPLETE,2,0,2,0,0,,0,0,0,0,0,0,0,0
32,2,0.70656361380885557,0.70643070445536338,1.4210854715202004e-14,0.00013290935349219435,0.0015352702162783338,0.00087797307996084761,0.0015352702162783338,9.9911090188806555e-09,2.667489299424156e-11,1.7916330832836175e-08,0.032289887677587531,6.956838853096585e-13,0,0,1,0,2,1.0000000000000002e-07,0.39910002128385946,EVALUATED_MATCHED_LINKED_GTSAM,1,0.39903306991554832,0.39903306767355645,9.9999999999999995e-07,1e-08,9.9999999999999995e-07,1,0,2.2419918699334573e-09,5.6185615653558592e-09,1,1,1,0,1,1,1,1,3.6800000000000001e-07,1,NOT_STATIONARY,1.7645755032408283e-05,4.3596100112397451e-05,1.3013019577887142e-05,1.8448297458388552e-06,1.3794684078916042e-06,4.3596100112397451e-05,6.95687225520353e-13,0,1,NOT_STATIONARY,0.00086469897159829369,0.032289887677587531,1.3013019577887142e-05,1.8448297458388552e-06,1.3794684078916042e-06,0.032289887677587531,6.956838853096585e-13,0,1,0.00022429399999999999,0.00021694499999999999,0.00022466199999999998,GTSAM_CHECK_ONLY_V1,0,2,1,2,0,0,0,NOT_ENABLED,0,0,2,COMPLETE,2,0,2,0,0,,0,0,0,0,0,0,0,0
33,2,0.70643070445536338,0.70630155449963616,1.4210854715202004e-14,0.00012914995572721466,0.0015885386395281809,0.00087435247763478774,0.0015885386395281809,9.8216594300518943e-09,2.5711510637739635e-11,1.7714540918938404e-08,0.031879681171423466,6.9566734409704971e-13,0,0,1,0,2,1.0000000000000002e-07,0.3988979504661348,EVALUATED_MATCHED_LINKED_GTSAM,1,0.39883293076582338,0.39883292877205423,9.9999999999999995e-07,1e-08,9.9999999999999995e-07,1,0,1.9937691497773358e-09,4.9990083465499661e-09,1,1,1,0,1,1,1,1,3.8400000000000005e-07,1,NOT_STATIONARY,1.6035998947186436e-05,3.9823023016360981e-05,1.1867457086409128e-05,1.6808174631045836e-06,1.2464094762479339e-06,3.9823023016360981e-05,6.9567044081791116e-13,0,1,NOT_STATIONARY,0.00085888099870118535,0.031879681171423466,1.1867457086409128e-05,1.6808174631045836e-06,1.2464094762479339e-06,0.031879681171423466,6.9566734409704971e-13,0,1,0.00028052900000000001,0.00025239199999999999,0.00028091299999999999,GTSAM_CHECK_ONLY_V1,0,2,1,2,0,0,0,NOT_ENABLED,0,0,2,COMPLETE,2,0,2,0,0,,0,0,0,0,0,0,0,0
34,2,0.70630155449963616,0.70617579301233147,1.4210854715202004e-14,0.0001257614873046986,0.0016329743996217894,0.00087036967815351529,0.0016329743996217894,9.8036828622309675e-09,3.4051969800907955e-11,1.8159845561447059e-08,0.031486930963048443,6.9565423508765042e-13,0,0,1,0,2,1.0000000000000002e-07,0.39871801596755013,EVALUATED_MATCHED_LINKED_GTSAM,1,0.39865473162924547,0.39865472980928351,9.9999999999999995e-07,1e-08,9.9999999999999995e-07,1,0,1.8199619589154281e-09,4.5652586424285019e-09,1,1,1,0,1,1,1,1,3.89e-07,1,NOT_STATIONARY,1.4638578952688719e-05,3.6546542259152659e-05,1.0872689894206311e-05,1.5383948083844828e-06,1.130976084555424e-06,3.6546542259152659e-05,6.9565711804548076e-13,0,1,NOT_STATIONARY,0.0008526159322334529,0.031486930963048443,1.0872689894206311e-05,1.5383948083844828e-06,1.130976084555424e-06,0.031486930963048443,6.9565423508765042e-13,0,1,0.000301823,0.00029584799999999998,0.000302212,GTSAM_CHECK_ONLY_V1,0,2,1,2,0,0,0,NOT_ENABLED,0,0,2,COMPLETE,2,0,2,0,0,,0,0,0,0,0,0,0,0
35,2,0.70617579301233147,0.70605312526301822,1.4210854715202004e-14,0.00012266774931324331,0.0016697253768488685,0.00086607151743783861,0.0016697253768488685,9.8061894095650545e-09,4.5715966724171665e-11,1.7742999049268715e-08,0.0311098692009915,6.9564410904009e-13,0,0,1,0,2,1.0000000000000002e-07,0.39855736244265688,EVALUATED_MATCHED_LINKED_GTSAM,1,0.39849565780329199,0.39849565610352994,9.9999999999999995e-07,1e-08,9.9999999999999995e-07,1,0,1.6997620533309998e-09,4.2654468625855073e-09,1,1,1,0,1,1,1,1,3.9200000000000002e-07,1,NOT_STATIONARY,1.3424466037276206e-05,3.3698463800024836e-05,1.000805614470579e-05,1.4146077695221387e-06,1.030764156022268e-06,3.3698463800024836e-05,6.9564680402815172e-13,0,1,NOT_STATIONARY,0.00084599002302474836,0.0311098692009915,1.000805614470579e-05,1.4146077695221387e-06,1.030764156022268e-06,0.0311098692009915,6.9564410904009e-13,0,1,0.00037691899999999997,0.000293078,0.00037731099999999997,GTSAM_CHECK_ONLY_V1,0,2,1,2,0,0,0,NOT_ENABLED,0,0,2,COMPLETE,2,0,2,0,0,,0,0,0,0,0,0,0,0
36,2,0.70605312526301822,0.70593331491722622,1.4210854715202004e-14,0.00011981034579200411,0.0016997893214613091,0.00086149921672828977,0.0016997893214613091,9.7808221746139507e-09,4.6493026228840752e-11,1.5749568552016355e-08,0.030746939194994369,6.9563657554320472e-13,0,0,1,0,2,1.0000000000000002e-07,0.39841353888196146,EVALUATED_MATCHED_LINKED_GTSAM,1,0.39835328940679582,0.39835328778898099,9.9999999999999995e-07,1e-08,9.9999999999999995e-07,1,0,1.6178148265488801e-09,4.0612563510095133e-09,1,1,1,0,1,1,1,1,4.1100000000000001e-07,1,NOT_STATIONARY,1.2368613212229707e-05,3.1220016991961863e-05,9.2557388328279311e-06,1.3069080747659528e-06,9.4369805823946162e-07,3.1220016991961863e-05,6.95639104927811e-13,0,1,NOT_STATIONARY,0.00083907613244617839,0.030746939194994369,9.2557388328279311e-06,1.3069080747659528e-06,9.4369805823946162e-07,0.030746939194994369,6.9563657554320472e-13,0,1,0.000215293,0.00031069700000000002,0.00021570399999999999,GTSAM_CHECK_ONLY_V1,0,2,1,2,0,0,0,NOT_ENABLED,0,0,2,COMPLETE,2,0,2,0,0,,0,0,0,0,0,0,0,0
37,2,0.70593331491722622,0.70581617048936596,1.4210854715202004e-14,0.00011714442786026069,0.0017240340711487667,0.00085668905332461631,0.0017240340711487667,9.774729629644472e-09,4.7956304249972373e-11,1.679717910955755e-08,0.030396773185040277,6.9563129510967962e-13,0,0,1,0,2,1.0000000000000002e-07,0.39828443695390509,EVALUATED_MATCHED_LINKED_GTSAM,1,0.39822554200425692,0.39822554044141556,9.9999999999999995e-07,1e-08,9.9999999999999995e-07,1,0,1.5628413563284482e-09,3.9245130999451107e-09,1,1,1,0,1,1,1,1,4.9699999999999996e-07,1,NOT_STATIONARY,1.1449413309314038e-05,2.9060560311433559e-05,8.6003765923936548e-06,1.2130978874515252e-06,8.6798615892696995e-07,2.9060560311433559e-05,6.9563367831247439e-13,0,1,NOT_STATIONARY,0.00083193574857412002,0.030396773185040277,8.6003765923936548e-06,1.2130978874515252e-06,8.6798615892696995e-07,0.030396773185040277,6.9563129510967962e-13,0,1,0.00028568799999999998,0.00030019600000000002,0.000286185,GTSAM_CHECK_ONLY_V1,0,2,1,2,0,0,0,NOT_ENABLED,0,0,2,COMPLETE,2,0,2,0,0,,0,0,0,0,0,0,0,0
38,2,0.70581617048936596,0.70570153504614275,1.4210854715202004e-14,0.00011463544322320995,0.0017432172679278657,0.00085167309825320836,0.0017432172679278657,9.7715198981227291e-09,4.9985279210956617e-11,1.7614545806635041e-08,0.030058130880669123,6.9562797245015879e-13,0,0,1,0,2,1.0000000000000002e-07,0.39816823983753236,EVALUATED_MATCHED_LINKED_GTSAM,1,0.39811061716285367,0.39811061563626821,9.9999999999999995e-07,1e-08,9.9999999999999995e-07,1,0,1.5265854691470793e-09,3.8345761286808497e-09,1,1,1,0,1,1,1,1,3.4400000000000001e-07,1,NOT_STATIONARY,1.0648207247276886e-05,2.7176401901141123e-05,8.0287098155468195e-06,1.1312795169613615e-06,8.0208053807734325e-07,2.7176401901141123e-05,6.9563022631273469e-13,0,1,NOT_STATIONARY,0.00082462096585190874,0.030058130880669123,8.0287098155468195e-06,1.1312795169613615e-06,8.0208053807734325e-07,0.030058130880669123,6.9562797245015879e-13,0,1,0.00025074100000000002,0.00031018199999999999,0.00025108500000000001,GTSAM_CHECK_ONLY_V1,0,2,1,2,0,0,0,NOT_ENABLED,0,0,2,COMPLETE,2,0,2,0,0,,0,0,0,0,0,0,0,0
39,2,0.70570153504614275,0.70558929837129458,1.4210854715202004e-14,0.00011223667484816513,0.0017579968276713043,0.00084647901193762864,0.0017579968276713043,9.7707678498848845e-09,5.2467040252384009e-11,1.7239169872207164e-08,0.029729967920907915,6.956263503622575e-13,0,0,1,0,2,1.0000000000000002e-07,0.39806337833303962,EVALUATED_MATCHED_LINKED_GTSAM,1,0.39800695989779267,0.39800695839474609,9.9999999999999995e-07,1e-08,9.9999999999999995e-07,1,0,1.5030465760901279e-09,3.7764328957365648e-09,1,1,1,0,1,1,1,1,3.5200000000000003e-07,1,NOT_STATIONARY,9.948935289036398e-06,2.5529971588444944e-05,7.5293321200459173e-06,1.0598200542409619e-06,7.4464812531427338e-07,2.5529971588444944e-05,6.9562848958267354e-13,0,1,NOT_STATIONARY,0.00081717571330896036,0.029729967920907915,7.5293321200459173e-06,1.0598200542409619e-06,7.4464812531427338e-07,0.029729967920907915,6.956263503622575e-13,0,1,0.000203654,0.00030098100000000002,0.00020400600000000001,GTSAM_CHECK_ONLY_V1,0,2,1,2,0,0,0,NOT_ENABLED,0,0,2,COMPLETE,2,0,2,0,0,,0,0,0,0,0,0,0,0
40,2,0.70558929837129458,0.70547956000905843,1.4210854715202004e-14,0.00010973836223615585,0.001768320124543421,0.00084155269992325366,0.001768320124543421,9.769457547322169e-09,4.3703987575913201e-11,1.6788140580821612e-08,0.029416972680343337,6.9563204344076905e-13,0,0,1,0,2,1.0000000000000002e-07,0.39796852763401042,EVALUATED_MATCHED_LINKED_GTSAM,1,0.39791333956859892,0.39791333802415396,9.9999999999999995e-07,1e-08,9.9999999999999995e-07,1,0,1.5444449608104094e-09,3.8813601033954589e-09,1,1,1,0,1,1,1,1,5.7899999999999998e-07,1,NOT_STATIONARY,9.8317961585159264e-06,2.5293195910214283e-05,7.4561356643160215e-06,1.049230029227799e-06,7.3300742085141701e-07,2.5293195910214283e-05,6.9563379949487659e-13,0,1,NOT_STATIONARY,0.0008093101612040559,0.029416972680343337,7.4561356643160215e-06,1.049230029227799e-06,7.3300742085141701e-07,0.029416972680343337,6.9563204344076905e-13,0,1,0.00027422600000000003,0.00017314300000000001,0.00027480500000000004,GTSAM_CHECK_ONLY_V1,0,2,1,2,0,0,0,NOT_ENABLED,0,0,2,COMPLETE,2,0,2,0,0,,0,0,0,0,0,0,0,0
41,2,0.70547956000905843,0.70537230689730956,1.4210854715202004e-14,0.00010725311174886176,0.0017744565009537305,0.00083688656660357852,0.0017744565009537305,9.8508375970252082e-09,3.7144852175534838e-11,1.8612836890485125e-08,0.029105106521970056,6.9564631947284061e-13,0,0,1,0,2,1.0000000000000002e-07,0.39788261348958659,EVALUATED_MATCHED_LINKED_GTSAM,1,0.39782868372493857,0.39782868211435068,9.9999999999999995e-07,1e-08,9.9999999999999995e-07,1,0,1.6105878852812339e-09,4.0484458541325422e-09,1,1,1,0,1,1,1,1,4.2799999999999997e-07,1,NOT_STATIONARY,9.8080680868140035e-06,2.5271547961502883e-05,7.4490985979697166e-06,1.0481690179958009e-06,7.2906123115348831e-07,2.5271547961502883e-05,6.9564763248378544e-13,0,1,NOT_STATIONARY,0.00080064531059514249,0.029105106521970056,7.4490985979697166e-06,1.0481690179958009e-06,7.2906123115348831e-07,0.029105106521970056,6.9564631947284061e-13,0,1,0.00017207100000000001,0.000266739,0.000172499,GTSAM_CHECK_ONLY_V1,0,2,1,2,0,0,0,NOT_ENABLED,0,0,2,COMPLETE,2,0,2,0,0,,0,0,0,0,0,0,0,0
42,2,0.70537230689730956,0.70526742871722659,1.4210854715202004e-14,0.000104878180082979,0.0017780161045380383,0.00083179162425967013,0.0017780161045380383,9.7668707301671289e-09,3.3076255445754488e-11,1.6635862282606878e-08,0.028779895855564938,6.9566233743122226e-13,0,0,1,0,2,1.0000000000000002e-07,0.39780469661730589,EVALUATED_MATCHED_LINKED_GTSAM,1,0.39775196673019231,0.39775196512318106,9.9999999999999995e-07,1e-08,9.9999999999999995e-07,1,0,1.6070112462962527e-09,4.0402345700689878e-09,1,1,1,0,1,1,1,1,9.4499999999999995e-07,1,NOT_STATIONARY,9.166465958165837e-06,2.3733942609571734e-05,6.985443710028072e-06,9.8202920266465821e-07,6.7730891041908881e-07,2.3733942609571734e-05,6.9566354145242932e-13,0,1,NOT_STATIONARY,0.00079147838840944867,0.028779895855564938,6.985443710028072e-06,9.8202920266465821e-07,6.7730891041908881e-07,0.028779895855564938,6.9566233743122226e-13,0,1,0.000225916,0.00026289500000000002,0.000226861,GTSAM_CHECK_ONLY_V1,0,2,1,2,0,0,0,NOT_ENABLED,0,0,2,COMPLETE,2,0,2,0,0,,0,0,0,0,0,0,0,0
43,2,0.70526742871722659,0.70516483298889687,1.4210854715202004e-14,0.00010259572832971298,0.0017801057555765498,0.0008261984407431644,0.0017801057555765498,9.768375145831936e-09,2.9278314987023938e-11,1.8282854795106372e-08,0.028453888536576752,6.9567898642208364e-13,0,0,1,0,2,1.0000000000000002e-07,0.39773402402169133,EVALUATED_MATCHED_LINKED_GTSAM,1,0.39768244613916098,0.39768244454585405,9.9999999999999995e-07,1e-08,9.9999999999999995e-07,1,0,1.5933069308360359e-09,4.0064804124607759e-09,1,1,1,0,1,1,1,1,3.7500000000000001e-07,1,NOT_STATIONARY,8.4931670445015373e-06,2.211737459539842e-05,6.497979775837992e-06,9.1251030690311929e-07,6.2328047935669706e-07,2.211737459539842e-05,6.9568013462128636e-13,0,1,NOT_STATIONARY,0.00078225120001394234,0.028453888536576752,6.497979775837992e-06,9.1251030690311929e-07,6.2328047935669706e-07,0.028453888536576752,6.9567898642208364e-13,0,1,0.00030118400000000002,0.00031086500000000001,0.00030155900000000002,GTSAM_CHECK_ONLY_V1,0,2,1,2,0,0,0,NOT_ENABLED,0,0,2,COMPLETE,2,0,2,0,0,,0,0,0,0,0,0,0,0
44,2,0.70516483298889687,0.7050644617187446,1.4210854715202004e-14,0.00010037127015227743,0.001780872861281424,0.00082025778849992292,0.001780872861281424,9.9888726489351283e-09,3.2296244067205495e-11,1.5200054715338764e-08,0.028131769970770382,6.9569613569399446e-13,0,0,1,0,2,1.0000000000000002e-07,0.39766980220873049,EVALUATED_MATCHED_LINKED_GTSAM,1,0.39761933451790044,0.39761933293976209,9.9999999999999995e-07,1e-08,9.9999999999999995e-07,1,0,1.578138342228641e-09,3.9689678172769909e-09,1,1,1,0,1,1,1,1,4.1899999999999998e-07,1,NOT_STATIONARY,7.8662214907654349e-06,2.0610987488955956e-05,6.0436672082581078e-06,8.4771729844286547e-07,5.7308840058917232e-07,2.0610987488955956e-05,6.9569722534255584e-13,0,1,NOT_STATIONARY,0.0007730635802315252,0.028131769970770382,6.0436672082581078e-06,8.4771729844286547e-07,5.7308840058917232e-07,0.028131769970770382,6.9569613569399446e-13,0,1,0.00030669999999999997,0.00034488599999999998,0.00030711899999999996,GTSAM_CHECK_ONLY_V1,0,2,1,2,0,0,0,NOT_ENABLED,0,0,2,COMPLETE,2,0,2,0,0,,0,0,0,0,0,0,0,0
45,2,0.7050644617187446,0.70496669142305513,1.4210854715202004e-14,9.7770295689469933e-05,0.0017807549757694052,0.00081433657115179137,0.0017807549757694052,9.7585902079939081e-09,3.1347346865339268e-11,1.6024724292209106e-08,0.027751334997979216,6.9571555775036563e-13,0,0,1,0,2,1.0000000000000002e-07,0.39760779143034114,EVALUATED_MATCHED_LINKED_GTSAM,1,0.39755853957459852,0.39755853793949236,9.9999999999999995e-07,1e-08,9.9999999999999995e-07,1,0,1.6351061615793583e-09,4.1128689207103408e-09,1,1,1,0,1,1,1,1,4.1600000000000002e-07,1,NOT_STATIONARY,8.4294534909573615e-06,2.1982308683721197e-05,6.4586486407391952e-06,9.0701016959224279e-07,6.1639714384054134e-07,2.1982308683721197e-05,6.957162753570019e-13,0,1,NOT_STATIONARY,0.00076310122283768621,0.027751334997979216,6.4586486407391952e-06,9.0701016959224279e-07,6.1639714384054134e-07,0.027751334997979216,6.9571555775036563e-13,0,1,0.00019485100000000001,0.00018689800000000001,0.000195267,GTSAM_CHECK_ONLY_V1,0,2,1,2,0,0,0,NOT_ENABLED,0,0,2,COMPLETE,2,0,2,0,0,,0,0,0,0,0,0,0,0
46,2,0.70496669142305513,0.70487173052857655,1.4210854715202004e-14,9.4960894478579583e-05,0.0017803147283201592,0.00080795741246744712,0.0017803147283201592,9.8928906733242172e-09,2.7605069237450947e-11,1.7749315673948984e-08,0.027235242721142236,6.9574142085960574e-13,0,0,1,0,2,1.0000000000000002e-07,0.39754408508369143,EVALUATED_MATCHED_LINKED_GTSAM,1,0.39749626544295485,0.39749626358745449,9.9999999999999995e-07,1e-08,9.9999999999999995e-07,1,0,1.8555003644671331e-09,4.6679693012950283e-09,1,1,1,0,1,1,1,1,4.1100000000000001e-07,1,NOT_STATIONARY,1.0733476014490595e-05,2.7576996823930333e-05,8.1488025449605317e-06,1.1482486746514781e-06,7.9536861284645877e-07,2.7576996823930333e-05,6.9574131926710337e-13,0,1,NOT_STATIONARY,0.00075110334360760193,0.027235242721142236,8.1488025449605317e-06,1.1482486746514781e-06,7.9536861284645877e-07,0.027235242721142236,6.9574142085960574e-13,0,1,0.00026751200000000002,0.00028993299999999998,0.00026792300000000004,GTSAM_CHECK_ONLY_V1,0,2,1,2,0,0,0,NOT_ENABLED,0,0,2,COMPLETE,2,0,2,0,0,,0,0,0,0,0,0,0,0
47,2,0.70487173052857655,0.70477941949827183,1.4210854715202004e-14,9.231103030471477e-05,0.0017794421672728544,0.00079926931470056251,0.0017794421672728544,9.7461994308378763e-09,2.8809067947129294e-11,1.7442336434087362e-08,0.026724701043904758,6.9577269568006381e-13,0,0,1,0,2,1.0000000000000002e-07,0.39748686338076883,EVALUATED_MATCHED_LINKED_GTSAM,1,0.39744038407943644,0.3974403821496732,9.9999999999999995e-07,1e-08,9.9999999999999995e-07,1,0,1.929763238095461e-09,4.8554784953855091e-09,1,1,1,0,1,1,1,1,4.6899999999999998e-07,1,NOT_STATIONARY,1.1232174126879491e-05,2.8822801838079837e-05,8.5239600720043995e-06,1.201638673883898e-06,8.3140008328222437e-07,2.8822801838079837e-05,6.9577236670791263e-13,0,1,NOT_STATIONARY,0.00073862253461395161,0.026724701043904758,8.5239600720043995e-06,1.201638673883898e-06,8.3140008328222437e-07,0.026724701043904758,6.9577269568006381e-13,0,1,0.00016949000000000001,0.00018317600000000001,0.00016995900000000002,GTSAM_CHECK_ONLY_V1,0,2,1,2,0,0,0,NOT_ENABLED,0,0,2,COMPLETE,2,0,2,0,0,,0,0,0,0,0,0,0,0
48,2,0.70477941949827183,0.70468964696227954,1.4210854715202004e-14,8.9772535992294067e-05,0.0017800955543328112,0.00078959603911057941,0.0017800955543328112,9.6917685345635077e-09,3.0608030078931815e-11,1.7227260010538161e-08,0.026243044197937174,6.9580544799780513e-13,0,0,1,0,2,1.0000000000000002e-07,0.39743520624329043,EVALUATED_MATCHED_LINKED_GTSAM,1,0.39739000890102177,0.39739000695681426,9.9999999999999995e-07,1e-08,9.9999999999999995e-07,1,0,1.9442075172015905e-09,4.8924418673189033e-09,1,1,1,0,1,1,1,1,2.8700000000000002e-07,1,NOT_STATIONARY,1.1252877306341946e-05,2.8898316191017237e-05,8.5452797784629775e-06,1.2045249421100551e-06,8.3151641572937196e-07,2.8898316191017237e-05,6.9580512382283793e-13,0,1,NOT_STATIONARY,0.00072641216683198492,0.026243044197937174,8.5452797784629775e-06,1.2045249421100551e-06,8.3151641572937196e-07,0.026243044197937174,6.9580544799780513e-13,0,1,0.00026286799999999998,0.00028245499999999998,0.000263155,GTSAM_CHECK_ONLY_V1,0,2,1,2,0,0,0,NOT_ENABLED,0,0,2,COMPLETE,2,0,2,0,0,,0,0,0,0,0,0,0,0
49,2,0.70468964696227954,0.7046023172573519,1.4210854715202004e-14,8.7329704927641139e-05,0.0017807077674081573,0.00077969097764396533,0.0017807077674081573,9.6837244417029681e-09,2.8248384749450208e-11,1.700956025078847e-08,0.025789012638257794,6.9583848048233865e-13,0,0,1,0,2,1.0000000000000002e-07,0.39738850409809562,EVALUATED_MATCHED_LINKED_GTSAM,1,0.3973445394521003,0.3973445375173828,9.9999999999999995e-07,1e-08,9.9999999999999995e-07,1,0,1.9347174973205483e-09,4.8691181209847169e-09,1,1,1,0,1,1,1,1,3.9799999999999999e-07,1,NOT_STATIONARY,1.1105414085277321e-05,2.8556762080245157e-05,8.4409323011236381e-06,1.1895130499987167e-06,8.1920595444706645e-07,2.8556762080245157e-05,6.9583818918626408e-13,0,1,NOT_STATIONARY,0.00071452774491847539,0.025789012638257794,8.4409323011236381e-06,1.1895130499987167e-06,8.1920595444706645e-07,0.025789012638257794,6.9583848048233865e-13,0,1,0.000301169,0.000171068,0.00030156699999999998,GTSAM_CHECK_ONLY_V1,0,2,1,2,0,0,0,NOT_ENABLED,0,0,2,COMPLETE,2,0,2,0,0,,0,0,0,0,0,0,0,0
50,2,0.7046023172573519,0.70451734429048529,1.4210854715202004e-14,8.4972966866603272e-05,0.0017797784067911937,0.0007698431979424325,0.0017797784067911937,9.803020521501091e-09,3.1780047782984579e-11,1.679474305133742e-08,0.025358616798414779,6.9587148590864142e-13,0,0,1,0,2,1.0000000000000002e-07,0.39734622632430627,EVALUATED_MATCHED_LINKED_GTSAM,1,0.39730345032519576,0.39730344841039966,9.9999999999999995e-07,1e-08,9.9999999999999995e-07,1,0,1.9147960994558844e-09,4.8194801678379837e-09,1,1,1,0,1,1,1,1,3.4299999999999999e-07,1,NOT_STATIONARY,1.0894348295584222e-05,2.8054409924371804e-05,8.2884475627043042e-06,1.167672381136714e-06,8.0229209557802772e-07,2.8054409924371804e-05,6.9587121528987304e-13,0,1,NOT_STATIONARY,0.00070295852458299689,0.025358616798414779,8.2884475627043042e-06,1.167672381136714e-06,8.0229209557802772e-07,0.025358616798414779,6.9587148590864142e-13,0,1,0.00016752299999999999,0.00027979799999999999,0.000167866,GTSAM_CHECK_ONLY_V1,0,2,1,2,0,0,0,NOT_ENABLED,0,0,2,COMPLETE,2,0,2,0,0,,0,0,0,0,0,0,0,0
