timestamp_ns,attempted_timestamp_ns,state_timestamp_ns,fde_profile,scope_digest,detector_contract_id,pl_status,within_alert_limits,state_valid,fresh,deadline_missed,reason_codes,publication_protected,publication_certificate_id,final_packet_protocol_version,final_packet_digest,final_packet_authoritative,protected_frame_id,protected_position_reference,protection_packet_id,group_size,measurement_model_valid,global_statistic,global_threshold,global_dof,global_passed,postfit_statistic,postfit_threshold,postfit_dof,postfit_passed,conditional_statistic,conditional_threshold,conditional_dof,conditional_passed,conditional_formal,pl_x,pl_y,pl_z,hpl_m,vpl_m,availability,label,formal_eligible,risk_budget_valid,allocated_hmi_risk,hmi_risk_requirement,batch_committed,transaction_id,window_id,base_graph_version,linearization_version,selected_action_id,selected_action_type,fde_status,bridge_pl_x,bridge_pl_y,bridge_pl_z,history_provenance_valid,backend_updates,stale_state,controlled_reinitialization_required,historical_groups_removed,historical_groups_added,recovery_epoch_begin,recovery_epoch_end,reinitialization_request_id,reinitialization_phase,reinitialization_reason,reason
50000000,50000000,50000000,"joint_order2","fbbf232a0a941ee9","dual_channel_v1",UNBOUNDED,0,1,1,0,"ACTION_SEARCH_CERTIFICATE_V1:generated=1;planned_evaluations=1;actual_candidate_evaluations=1;actual_post_evaluations=1;actual_pl_evaluations=1;omitted=0;lifecycle=READY_FOR_EVALUATION;cap=1;trusted_snapshot=GENERATED_ACTION_SNAPSHOT_V1|1;137:414354494f4e5f53454d414e544943535f56317c34323a3431343335343439346634653566346635303435353234313534343934663465356635363331376333303362333033623330336233303362333033623330336233303362333033613362333033613362333033623b313b383a346234353435353035663431346334633b303b303b303b303b;42:414354494f4e5f4f5045524154494f4e5f56317c303b303b303b303b303b303b303b303a3b303a3b303b;;generator_identity=censusAndCapActionsV1/raw-generator-output;terminal_reason=COMPLETE;validation=VALID;validation_valid=1;validation_exhaustive=1;IMU_MODEL_UNQUALIFIED",0,0,2,0,0,"","","",8,1,nan,nan,0,0,inf,0,0,0,0.022197153337149608,42.700913926544274,8,1,0,inf,inf,inf,inf,inf,UNAVAILABLE,IMPLEMENTED_UNVERIFIED,0,0,inf,0,1,1,1,1,1,0,"KEEP_ALL_BEST_EFFORT","RISK_BUDGET_INVALID",0,0,0,1,1,0,0,"","",0,0,0,"RUNNING","","IMU_MODEL_UNQUALIFIED: no authenticated V1 calibration artifact is bound to the complete model/config digest; profile declarations and calibration identifiers are not qualification evidence;"
100000000,100000000,100000000,"joint_order2","fbbf232a0a941ee9","dual_channel_v1",UNBOUNDED,0,1,1,1,"ACTION_SEARCH_CERTIFICATE_V1:generated=1;planned_evaluations=1;actual_candidate_evaluations=1;actual_post_evaluations=1;actual_pl_evaluations=1;omitted=0;lifecycle=READY_FOR_EVALUATION;cap=1;trusted_snapshot=GENERATED_ACTION_SNAPSHOT_V1|1;137:414354494f4e5f53454d414e544943535f56317c34323a3431343335343439346634653566346635303435353234313534343934663465356635363331376333303362333033623330336233303362333033623330336233303362333033613362333033613362333033623b313b383a346234353435353035663431346334633b303b303b303b303b;42:414354494f4e5f4f5045524154494f4e5f56317c303b303b303b303b303b303b303b303a3b303a3b303b;;generator_identity=censusAndCapActionsV1/raw-generator-output;terminal_reason=COMPLETE;validation=VALID;validation_valid=1;validation_exhaustive=1;IMU_MODEL_UNQUALIFIED;FINISH_DEADLINE_MISSED",0,0,2,0,0,"","","",8,1,nan,nan,0,0,inf,0,0,0,0.051008174662323859,58.324390014388904,16,1,0,inf,inf,inf,inf,inf,UNAVAILABLE,IMPLEMENTED_UNVERIFIED,0,0,inf,0,1,2,2,2,2,0,"KEEP_ALL_BEST_EFFORT","RISK_BUDGET_INVALID",0,0,0,1,1,0,0,"","",0,0,0,"RUNNING","","FINISH_DEADLINE_MISSED after 43.757697 ms; upstream=IMU_MODEL_UNQUALIFIED: no authenticated V1 calibration artifact is bound to the complete model/config digest; profile declarations and calibration identifiers are not qualification evidence;"
150000000,150000000,150000000,"joint_order2","fbbf232a0a941ee9","dual_channel_v1",UNBOUNDED,0,1,1,1,"ACTION_SEARCH_CERTIFICATE_V1:generated=1;planned_evaluations=1;actual_candidate_evaluations=1;actual_post_evaluations=1;actual_pl_evaluations=1;omitted=0;lifecycle=READY_FOR_EVALUATION;cap=1;trusted_snapshot=GENERATED_ACTION_SNAPSHOT_V1|1;137:414354494f4e5f53454d414e544943535f56317c34323a3431343335343439346634653566346635303435353234313534343934663465356635363331376333303362333033623330336233303362333033623330336233303362333033613362333033613362333033623b313b383a346234353435353035663431346334633b303b303b303b303b;42:414354494f4e5f4f5045524154494f4e5f56317c303b303b303b303b303b303b303b303a3b303a3b303b;;generator_identity=censusAndCapActionsV1/raw-generator-output;terminal_reason=COMPLETE;validation=VALID;validation_valid=1;validation_exhaustive=1;IMU_MODEL_UNQUALIFIED;FINISH_DEADLINE_MISSED",0,0,2,0,0,"","","",8,1,nan,nan,0,0,inf,0,0,0,0.062734939044488847,72.228853820144309,24,1,0,inf,inf,inf,inf,inf,UNAVAILABLE,IMPLEMENTED_UNVERIFIED,0,0,inf,0,1,3,3,3,3,0,"KEEP_ALL_BEST_EFFORT","RISK_BUDGET_INVALID",0,0,0,1,1,0,0,"","",0,0,0,"RUNNING","","FINISH_DEADLINE_MISSED after 111.207311 ms; upstream=IMU_MODEL_UNQUALIFIED: no authenticated V1 calibration artifact is bound to the complete model/config digest; profile declarations and calibration identifiers are not qualification evidence;"
200000000,200000000,200000000,"joint_order2","fbbf232a0a941ee9","dual_channel_v1",UNBOUNDED,0,1,1,1,"ACTION_SEARCH_CERTIFICATE_V1:generated=1;planned_evaluations=1;actual_candidate_evaluations=1;actual_post_evaluations=1;actual_pl_evaluations=1;omitted=0;lifecycle=READY_FOR_EVALUATION;cap=1;trusted_snapshot=GENERATED_ACTION_SNAPSHOT_V1|1;137:414354494f4e5f53454d414e544943535f56317c34323a3431343335343439346634653566346635303435353234313534343934663465356635363331376333303362333033623330336233303362333033623330336233303362333033613362333033613362333033623b313b383a346234353435353035663431346334633b303b303b303b303b;42:414354494f4e5f4f5045524154494f4e5f56317c303b303b303b303b303b303b303b303a3b303a3b303b;;generator_identity=censusAndCapActionsV1/raw-generator-output;terminal_reason=COMPLETE;validation=VALID;validation_valid=1;validation_exhaustive=1;IMU_MODEL_UNQUALIFIED;FINISH_DEADLINE_MISSED",0,0,2,0,0,"","","",8,1,nan,nan,0,0,inf,0,0,0,0.079758906920383218,85.231550717098969,32,1,0,inf,inf,inf,inf,inf,UNAVAILABLE,IMPLEMENTED_UNVERIFIED,0,0,inf,0,1,4,4,4,4,0,"KEEP_ALL_BEST_EFFORT","RISK_BUDGET_INVALID",0,0,0,1,1,0,0,"","",0,0,0,"RUNNING","","FINISH_DEADLINE_MISSED after 212.006475 ms; upstream=IMU_MODEL_UNQUALIFIED: no authenticated V1 calibration artifact is bound to the complete model/config digest; profile declarations and calibration identifiers are not qualification evidence;"
250000000,250000000,250000000,"joint_order2","fbbf232a0a941ee9","dual_channel_v1",UNBOUNDED,0,1,1,1,"ACTION_SEARCH_CERTIFICATE_V1:generated=1;planned_evaluations=1;actual_candidate_evaluations=1;actual_post_evaluations=1;actual_pl_evaluations=1;omitted=0;lifecycle=READY_FOR_EVALUATION;cap=1;trusted_snapshot=GENERATED_ACTION_SNAPSHOT_V1|1;137:414354494f4e5f53454d414e544943535f56317c34323a3431343335343439346634653566346635303435353234313534343934663465356635363331376333303362333033623330336233303362333033623330336233303362333033613362333033613362333033623b313b383a346234353435353035663431346334633b303b303b303b303b;42:414354494f4e5f4f5045524154494f4e5f56317c303b303b303b303b303b303b303b303a3b303a3b303b;;generator_identity=censusAndCapActionsV1/raw-generator-output;terminal_reason=COMPLETE;validation=VALID;validation_valid=1;validation_exhaustive=1;IMU_MODEL_UNQUALIFIED;FINISH_DEADLINE_MISSED",0,0,2,0,0,"","","",8,1,nan,nan,0,0,inf,0,0,0,0.093718225730886895,97.652957415063028,40,1,0,inf,inf,inf,inf,inf,UNAVAILABLE,IMPLEMENTED_UNVERIFIED,0,0,inf,0,1,5,5,5,5,0,"KEEP_ALL_BEST_EFFORT","RISK_BUDGET_INVALID",0,0,0,1,1,0,0,"","",0,0,0,"RUNNING","","FINISH_DEADLINE_MISSED after 350.608258 ms; upstream=IMU_MODEL_UNQUALIFIED: no authenticated V1 calibration artifact is bound to the complete model/config digest; profile declarations and calibration identifiers are not qualification evidence;"
300000000,300000000,300000000,"joint_order2","fbbf232a0a941ee9","dual_channel_v1",UNBOUNDED,0,1,1,1,"ACTION_SEARCH_CERTIFICATE_V1:generated=1;planned_evaluations=1;actual_candidate_evaluations=1;actual_post_evaluations=1;actual_pl_evaluations=1;omitted=0;lifecycle=READY_FOR_EVALUATION;cap=1;trusted_snapshot=GENERATED_ACTION_SNAPSHOT_V1|1;137:414354494f4e5f53454d414e544943535f56317c34323a3431343335343439346634653566346635303435353234313534343934663465356635363331376333303362333033623330336233303362333033623330336233303362333033613362333033613362333033623b313b383a346234353435353035663431346334633b303b303b303b303b;42:414354494f4e5f4f5045524154494f4e5f56317c303b303b303b303b303b303b303b303a3b303a3b303b;;generator_identity=censusAndCapActionsV1/raw-generator-output;terminal_reason=COMPLETE;validation=VALID;validation_valid=1;validation_exhaustive=1;IMU_MODEL_UNQUALIFIED;FINISH_DEADLINE_MISSED",0,0,2,0,0,"","","",8,1,nan,nan,0,0,inf,0,0,0,0.10108735345733884,109.65896637531097,48,1,0,inf,inf,inf,inf,inf,UNAVAILABLE,IMPLEMENTED_UNVERIFIED,0,0,inf,0,1,6,6,6,6,0,"KEEP_ALL_BEST_EFFORT","RISK_BUDGET_INVALID",0,0,0,1,1,0,0,"","",0,0,0,"RUNNING","","FINISH_DEADLINE_MISSED after 565.860870 ms; upstream=IMU_MODEL_UNQUALIFIED: no authenticated V1 calibration artifact is bound to the complete model/config digest; profile declarations and calibration identifiers are not qualification evidence;"
350000000,350000000,350000000,"joint_order2","fbbf232a0a941ee9","dual_channel_v1",UNBOUNDED,0,1,1,1,"ACTION_SEARCH_CERTIFICATE_V1:generated=1;planned_evaluations=1;actual_candidate_evaluations=1;actual_post_evaluations=1;actual_pl_evaluations=1;omitted=0;lifecycle=READY_FOR_EVALUATION;cap=1;trusted_snapshot=GENERATED_ACTION_SNAPSHOT_V1|1;137:414354494f4e5f53454d414e544943535f56317c34323a3431343335343439346634653566346635303435353234313534343934663465356635363331376333303362333033623330336233303362333033623330336233303362333033613362333033613362333033623b313b383a346234353435353035663431346334633b303b303b303b303b;42:414354494f4e5f4f5045524154494f4e5f56317c303b303b303b303b303b303b303b303a3b303a3b303b;;generator_identity=censusAndCapActionsV1/raw-generator-output;terminal_reason=COMPLETE;validation=VALID;validation_valid=1;validation_exhaustive=1;IMU_MODEL_UNQUALIFIED;FINISH_DEADLINE_MISSED",0,0,2,0,0,"","","",8,1,nan,nan,0,0,inf,0,0,0,0.10686129317427231,121.34881015252451,56,1,0,inf,inf,inf,inf,inf,UNAVAILABLE,IMPLEMENTED_UNVERIFIED,0,0,inf,0,1,7,7,7,7,0,"KEEP_ALL_BEST_EFFORT","RISK_BUDGET_INVALID",0,0,0,1,1,0,0,"","",0,0,0,"RUNNING","","FINISH_DEADLINE_MISSED after 816.822783 ms; upstream=IMU_MODEL_UNQUALIFIED: no authenticated V1 calibration artifact is bound to the complete model/config digest; profile declarations and calibration identifiers are not qualification evidence;"
400000000,400000000,400000000,"joint_order2","fbbf232a0a941ee9","dual_channel_v1",UNBOUNDED,0,1,1,1,"ACTION_SEARCH_CERTIFICATE_V1:generated=1;planned_evaluations=1;actual_candidate_evaluations=1;actual_post_evaluations=1;actual_pl_evaluations=1;omitted=0;lifecycle=READY_FOR_EVALUATION;cap=1;trusted_snapshot=GENERATED_ACTION_SNAPSHOT_V1|1;137:414354494f4e5f53454d414e544943535f56317c34323a3431343335343439346634653566346635303435353234313534343934663465356635363331376333303362333033623330336233303362333033623330336233303362333033613362333033613362333033623b313b383a346234353435353035663431346334633b303b303b303b303b;42:414354494f4e5f4f5045524154494f4e5f56317c303b303b303b303b303b303b303b303a3b303a3b303b;;generator_identity=censusAndCapActionsV1/raw-generator-output;terminal_reason=COMPLETE;validation=VALID;validation_valid=1;validation_exhaustive=1;IMU_MODEL_UNQUALIFIED;FINISH_DEADLINE_MISSED",0,0,2,0,0,"","","",8,1,nan,nan,0,0,inf,0,0,0,0.1182666301862506,132.78749090314236,64,1,0,inf,inf,inf,inf,inf,UNAVAILABLE,IMPLEMENTED_UNVERIFIED,0,0,inf,0,1,8,8,8,8,0,"KEEP_ALL_BEST_EFFORT","RISK_BUDGET_INVALID",0,0,0,1,1,0,0,"","",0,0,0,"RUNNING","","FINISH_DEADLINE_MISSED after 1165.382121 ms; upstream=IMU_MODEL_UNQUALIFIED: no authenticated V1 calibration artifact is bound to the complete model/config digest; profile declarations and calibration identifiers are not qualification evidence;"
450000000,450000000,450000000,"joint_order2","fbbf232a0a941ee9","dual_channel_v1",UNBOUNDED,0,1,1,1,"ACTION_SEARCH_CERTIFICATE_V1:generated=1;planned_evaluations=1;actual_candidate_evaluations=1;actual_post_evaluations=1;actual_pl_evaluations=1;omitted=0;lifecycle=READY_FOR_EVALUATION;cap=1;trusted_snapshot=GENERATED_ACTION_SNAPSHOT_V1|1;137:414354494f4e5f53454d414e544943535f56317c34323a3431343335343439346634653566346635303435353234313534343934663465356635363331376333303362333033623330336233303362333033623330336233303362333033613362333033613362333033623b313b383a346234353435353035663431346334633b303b303b303b303b;42:414354494f4e5f4f5045524154494f4e5f56317c303b303b303b303b303b303b303b303a3b303a3b303b;;generator_identity=censusAndCapActionsV1/raw-generator-output;terminal_reason=COMPLETE;validation=VALID;validation_valid=1;validation_exhaustive=1;IMU_MODEL_UNQUALIFIED;FINISH_DEADLINE_MISSED",0,0,2,0,0,"","","",8,1,nan,nan,0,0,inf,0,0,0,0.13790896485787457,144.02035191949273,72,1,0,inf,inf,inf,inf,inf,UNAVAILABLE,IMPLEMENTED_UNVERIFIED,0,0,inf,0,1,9,9,9,9,0,"KEEP_ALL_BEST_EFFORT","RISK_BUDGET_INVALID",0,0,0,1,1,0,0,"","",0,0,0,"RUNNING","","FINISH_DEADLINE_MISSED after 1549.591245 ms; upstream=IMU_MODEL_UNQUALIFIED: no authenticated V1 calibration artifact is bound to the complete model/config digest; profile declarations and calibration identifiers are not qualification evidence;"
500000000,500000000,500000000,"joint_order2","fbbf232a0a941ee9","dual_channel_v1",UNBOUNDED,0,1,1,1,"ACTION_SEARCH_CERTIFICATE_V1:generated=1;planned_evaluations=1;actual_candidate_evaluations=1;actual_post_evaluations=1;actual_pl_evaluations=1;omitted=0;lifecycle=READY_FOR_EVALUATION;cap=1;trusted_snapshot=GENERATED_ACTION_SNAPSHOT_V1|1;137:414354494f4e5f53454d414e544943535f56317c34323a3431343335343439346634653566346635303435353234313534343934663465356635363331376333303362333033623330336233303362333033623330336233303362333033613362333033613362333033623b313b383a346234353435353035663431346334633b303b303b303b303b;42:414354494f4e5f4f5045524154494f4e5f56317c303b303b303b303b303b303b303b303a3b303a3b303b;;generator_identity=censusAndCapActionsV1/raw-generator-output;terminal_reason=COMPLETE;validation=VALID;validation_valid=1;validation_exhaustive=1;IMU_MODEL_UNQUALIFIED;FINISH_DEADLINE_MISSED",0,0,2,0,0,"","","",8,1,nan,nan,0,0,inf,0,0,0,0.1491005260516374,155.08052230817057,80,1,0,inf,inf,inf,inf,inf,UNAVAILABLE,IMPLEMENTED_UNVERIFIED,0,0,inf,0,1,10,10,10,10,0,"KEEP_ALL_BEST_EFFORT","RISK_BUDGET_INVALID",0,0,0,1,1,0,0,"","",0,0,0,"RUNNING","","FINISH_DEADLINE_MISSED after 2065.407253 ms; upstream=IMU_MODEL_UNQUALIFIED: no authenticated V1 calibration artifact is bound to the complete model/config digest; profile declarations and calibration identifiers are not qualification evidence;"
550000000,550000000,550000000,"joint_order2","fbbf232a0a941ee9","dual_channel_v1",UNBOUNDED,0,1,1,1,"ACTION_SEARCH_CERTIFICATE_V1:generated=1;planned_evaluations=1;actual_candidate_evaluations=1;actual_post_evaluations=1;actual_pl_evaluations=1;omitted=0;lifecycle=READY_FOR_EVALUATION;cap=1;trusted_snapshot=GENERATED_ACTION_SNAPSHOT_V1|1;137:414354494f4e5f53454d414e544943535f56317c34323a3431343335343439346634653566346635303435353234313534343934663465356635363331376333303362333033623330336233303362333033623330336233303362333033613362333033613362333033623b313b383a346234353435353035663431346334633b303b303b303b303b;42:414354494f4e5f4f5045524154494f4e5f56317c303b303b303b303b303b303b303b303a3b303a3b303b;;generator_identity=censusAndCapActionsV1/raw-generator-output;terminal_reason=COMPLETE;validation=VALID;validation_valid=1;validation_exhaustive=1;IMU_MODEL_UNQUALIFIED;FINISH_DEADLINE_MISSED",0,0,2,0,0,"","","",8,1,nan,nan,0,0,inf,0,0,0,0.15486382825277265,165.99308436134967,88,1,0,inf,inf,inf,inf,inf,UNAVAILABLE,IMPLEMENTED_UNVERIFIED,0,0,inf,0,1,11,11,11,11,0,"KEEP_ALL_BEST_EFFORT","RISK_BUDGET_INVALID",0,0,0,1,1,0,0,"","",0,0,0,"RUNNING","","FINISH_DEADLINE_MISSED after 2266.483160 ms; upstream=IMU_MODEL_UNQUALIFIED: no authenticated V1 calibration artifact is bound to the complete model/config digest; profile declarations and calibration identifiers are not qualification evidence;"
600000000,600000000,600000000,"joint_order2","fbbf232a0a941ee9","dual_channel_v1",UNBOUNDED,0,1,1,1,"ACTION_SEARCH_CERTIFICATE_V1:generated=1;planned_evaluations=1;actual_candidate_evaluations=1;actual_post_evaluations=1;actual_pl_evaluations=1;omitted=0;lifecycle=READY_FOR_EVALUATION;cap=1;trusted_snapshot=GENERATED_ACTION_SNAPSHOT_V1|1;137:414354494f4e5f53454d414e544943535f56317c34323a3431343335343439346634653566346635303435353234313534343934663465356635363331376333303362333033623330336233303362333033623330336233303362333033613362333033613362333033623b313b383a346234353435353035663431346334633b303b303b303b303b;42:414354494f4e5f4f5045524154494f4e5f56317c303b303b303b303b303b303b303b303a3b303a3b303b;;generator_identity=censusAndCapActionsV1/raw-generator-output;terminal_reason=COMPLETE;validation=VALID;validation_valid=1;validation_exhaustive=1;IMU_MODEL_UNQUALIFIED;FINISH_DEADLINE_MISSED",0,0,2,0,0,"","","",8,1,nan,nan,0,0,inf,0,0,0,0.17358407605220527,176.77757234093806,96,1,0,inf,inf,inf,inf,inf,UNAVAILABLE,IMPLEMENTED_UNVERIFIED,0,0,inf,0,1,12,12,12,12,0,"KEEP_ALL_BEST_EFFORT","NO_VALID_CANDIDATE",0,0,0,1,1,0,0,"","",0,0,0,"RUNNING","","FINISH_DEADLINE_MISSED after 944.715746 ms; upstream=IMU_MODEL_UNQUALIFIED: no authenticated V1 calibration artifact is bound to the complete model/config digest; profile declarations and calibration identifiers are not qualification evidence;"
650000000,650000000,650000000,"joint_order2","fbbf232a0a941ee9","dual_channel_v1",UNBOUNDED,0,1,1,1,"ACTION_SEARCH_CERTIFICATE_V1:generated=1;planned_evaluations=1;actual_candidate_evaluations=1;actual_post_evaluations=1;actual_pl_evaluations=1;omitted=0;lifecycle=READY_FOR_EVALUATION;cap=1;trusted_snapshot=GENERATED_ACTION_SNAPSHOT_V1|1;137:414354494f4e5f53454d414e544943535f56317c34323a3431343335343439346634653566346635303435353234313534343934663465356635363331376333303362333033623330336233303362333033623330336233303362333033613362333033613362333033623b313b383a346234353435353035663431346334633b303b303b303b303b;42:414354494f4e5f4f5045524154494f4e5f56317c303b303b303b303b303b303b303b303a3b303a3b303b;;generator_identity=censusAndCapActionsV1/raw-generator-output;terminal_reason=COMPLETE;validation=VALID;validation_valid=1;validation_exhaustive=1;IMU_MODEL_UNQUALIFIED;FINISH_DEADLINE_MISSED",0,0,2,0,0,"","","",8,1,nan,nan,0,0,inf,0,0,0,0.19768405355128735,187.4495535390318,104,1,0,inf,inf,inf,inf,inf,UNAVAILABLE,IMPLEMENTED_UNVERIFIED,0,0,inf,0,1,13,13,13,13,0,"KEEP_ALL_BEST_EFFORT","NO_VALID_CANDIDATE",0,0,0,1,1,0,0,"","",0,0,0,"RUNNING","","FINISH_DEADLINE_MISSED after 1125.214380 ms; upstream=IMU_MODEL_UNQUALIFIED: no authenticated V1 calibration artifact is bound to the complete model/config digest; profile declarations and calibration identifiers are not qualification evidence;"
700000000,700000000,700000000,"joint_order2","fbbf232a0a941ee9","dual_channel_v1",UNBOUNDED,0,1,1,1,"ACTION_SEARCH_CERTIFICATE_V1:generated=1;planned_evaluations=1;actual_candidate_evaluations=1;actual_post_evaluations=1;actual_pl_evaluations=1;omitted=0;lifecycle=READY_FOR_EVALUATION;cap=1;trusted_snapshot=GENERATED_ACTION_SNAPSHOT_V1|1;137:414354494f4e5f53454d414e544943535f56317c34323a3431343335343439346634653566346635303435353234313534343934663465356635363331376333303362333033623330336233303362333033623330336233303362333033613362333033613362333033623b313b383a346234353435353035663431346334633b303b303b303b303b;42:414354494f4e5f4f5045524154494f4e5f56317c303b303b303b303b303b303b303b303a3b303a3b303b;;generator_identity=censusAndCapActionsV1/raw-generator-output;terminal_reason=COMPLETE;validation=VALID;validation_valid=1;validation_exhaustive=1;IMU_MODEL_UNQUALIFIED;FINISH_DEADLINE_MISSED",0,0,2,0,0,"","","",8,1,nan,nan,0,0,inf,0,0,0,0.2227378746526755,198.02167294306923,112,1,0,inf,inf,inf,inf,inf,UNAVAILABLE,IMPLEMENTED_UNVERIFIED,0,0,inf,0,1,14,14,14,14,0,"KEEP_ALL_BEST_EFFORT","NO_VALID_CANDIDATE",0,0,0,1,1,0,0,"","",0,0,0,"RUNNING","","FINISH_DEADLINE_MISSED after 1329.033622 ms; upstream=IMU_MODEL_UNQUALIFIED: no authenticated V1 calibration artifact is bound to the complete model/config digest; profile declarations and calibration identifiers are not qualification evidence;"
750000000,750000000,750000000,"joint_order2","fbbf232a0a941ee9","dual_channel_v1",UNBOUNDED,0,1,1,1,"ACTION_SEARCH_CERTIFICATE_V1:generated=1;planned_evaluations=1;actual_candidate_evaluations=1;actual_post_evaluations=1;actual_pl_evaluations=1;omitted=0;lifecycle=READY_FOR_EVALUATION;cap=1;trusted_snapshot=GENERATED_ACTION_SNAPSHOT_V1|1;137:414354494f4e5f53454d414e544943535f56317c34323a3431343335343439346634653566346635303435353234313534343934663465356635363331376333303362333033623330336233303362333033623330336233303362333033613362333033613362333033623b313b383a346234353435353035663431346334633b303b303b303b303b;42:414354494f4e5f4f5045524154494f4e5f56317c303b303b303b303b303b303b303b303a3b303a3b303b;;generator_identity=censusAndCapActionsV1/raw-generator-output;terminal_reason=COMPLETE;validation=VALID;validation_valid=1;validation_exhaustive=1;IMU_MODEL_UNQUALIFIED;FINISH_DEADLINE_MISSED",0,0,2,0,0,"","","",8,1,nan,nan,0,0,inf,0,0,0,0.25308950179128492,208.5043685560909,120,1,0,inf,inf,inf,inf,inf,UNAVAILABLE,IMPLEMENTED_UNVERIFIED,0,0,inf,0,1,15,15,15,15,0,"KEEP_ALL_BEST_EFFORT","NO_VALID_CANDIDATE",0,0,0,1,1,0,0,"","",0,0,0,"RUNNING","","FINISH_DEADLINE_MISSED after 1572.334653 ms; upstream=IMU_MODEL_UNQUALIFIED: no authenticated V1 calibration artifact is bound to the complete model/config digest; profile declarations and calibration identifiers are not qualification evidence;"
800000000,800000000,800000000,"joint_order2","fbbf232a0a941ee9","dual_channel_v1",UNBOUNDED,0,1,1,1,"ACTION_SEARCH_CERTIFICATE_V1:generated=1;planned_evaluations=1;actual_candidate_evaluations=1;actual_post_evaluations=1;actual_pl_evaluations=1;omitted=0;lifecycle=READY_FOR_EVALUATION;cap=1;trusted_snapshot=GENERATED_ACTION_SNAPSHOT_V1|1;137:414354494f4e5f53454d414e544943535f56317c34323a3431343335343439346634653566346635303435353234313534343934663465356635363331376333303362333033623330336233303362333033623330336233303362333033613362333033613362333033623b313b383a346234353435353035663431346334633b303b303b303b303b;42:414354494f4e5f4f5045524154494f4e5f56317c303b303b303b303b303b303b303b303a3b303a3b303b;;generator_identity=censusAndCapActionsV1/raw-generator-output;terminal_reason=COMPLETE;validation=VALID;validation_valid=1;validation_exhaustive=1;IMU_MODEL_UNQUALIFIED;FINISH_DEADLINE_MISSED",0,0,2,0,0,"","","",8,1,nan,nan,0,0,inf,0,0,0,0.27487837055915865,218.90637608343386,128,1,0,inf,inf,inf,inf,inf,UNAVAILABLE,IMPLEMENTED_UNVERIFIED,0,0,inf,0,1,16,16,16,16,0,"KEEP_ALL_BEST_EFFORT","NO_VALID_CANDIDATE",0,0,0,1,1,0,0,"","",0,0,0,"RUNNING","","FINISH_DEADLINE_MISSED after 1878.227652 ms; upstream=IMU_MODEL_UNQUALIFIED: no authenticated V1 calibration artifact is bound to the complete model/config digest; profile declarations and calibration identifiers are not qualification evidence;"
850000000,850000000,850000000,"joint_order2","fbbf232a0a941ee9","dual_channel_v1",UNBOUNDED,0,1,1,1,"ACTION_SEARCH_CERTIFICATE_V1:generated=1;planned_evaluations=1;actual_candidate_evaluations=1;actual_post_evaluations=1;actual_pl_evaluations=1;omitted=0;lifecycle=READY_FOR_EVALUATION;cap=1;trusted_snapshot=GENERATED_ACTION_SNAPSHOT_V1|1;137:414354494f4e5f53454d414e544943535f56317c34323a3431343335343439346634653566346635303435353234313534343934663465356635363331376333303362333033623330336233303362333033623330336233303362333033613362333033613362333033623b313b383a346234353435353035663431346334633b303b303b303b303b;42:414354494f4e5f4f5045524154494f4e5f56317c303b303b303b303b303b303b303b303a3b303a3b303b;;generator_identity=censusAndCapActionsV1/raw-generator-output;terminal_reason=COMPLETE;validation=VALID;validation_valid=1;validation_exhaustive=1;IMU_MODEL_UNQUALIFIED;FINISH_DEADLINE_MISSED",0,0,2,0,0,"","","",8,1,nan,nan,0,0,inf,0,0,0,0.29627553922668631,229.23509419948442,136,1,0,inf,inf,inf,inf,inf,UNAVAILABLE,IMPLEMENTED_UNVERIFIED,0,0,inf,0,1,17,17,17,17,0,"KEEP_ALL_BEST_EFFORT","NO_VALID_CANDIDATE",0,0,0,1,1,0,0,"","",0,0,0,"RUNNING","","FINISH_DEADLINE_MISSED after 2204.883748 ms; upstream=IMU_MODEL_UNQUALIFIED: no authenticated V1 calibration artifact is bound to the complete model/config digest; profile declarations and calibration identifiers are not qualification evidence;"
900000000,900000000,900000000,"joint_order2","fbbf232a0a941ee9","dual_channel_v1",UNBOUNDED,0,1,1,1,"ACTION_SEARCH_CERTIFICATE_V1:generated=1;planned_evaluations=1;actual_candidate_evaluations=1;actual_post_evaluations=1;actual_pl_evaluations=1;omitted=0;lifecycle=READY_FOR_EVALUATION;cap=1;trusted_snapshot=GENERATED_ACTION_SNAPSHOT_V1|1;137:414354494f4e5f53454d414e544943535f56317c34323a3431343335343439346634653566346635303435353234313534343934663465356635363331376333303362333033623330336233303362333033623330336233303362333033613362333033613362333033623b313b383a346234353435353035663431346334633b303b303b303b303b;42:414354494f4e5f4f5045524154494f4e5f56317c303b303b303b303b303b303b303b303a3b303a3b303b;;generator_identity=censusAndCapActionsV1/raw-generator-output;terminal_reason=COMPLETE;validation=VALID;validation_valid=1;validation_exhaustive=1;IMU_MODEL_UNQUALIFIED;FINISH_DEADLINE_MISSED",0,0,2,0,0,"","","",8,1,nan,nan,0,0,inf,0,0,0,0.31331677019271897,239.49685478145489,144,1,0,inf,inf,inf,inf,inf,UNAVAILABLE,IMPLEMENTED_UNVERIFIED,0,0,inf,0,1,18,18,18,18,0,"KEEP_ALL_BEST_EFFORT","NO_VALID_CANDIDATE",0,0,0,1,1,0,0,"","",0,0,0,"RUNNING","","FINISH_DEADLINE_MISSED after 2608.736016 ms; upstream=IMU_MODEL_UNQUALIFIED: no authenticated V1 calibration artifact is bound to the complete model/config digest; profile declarations and calibration identifiers are not qualification evidence;"
950000000,950000000,950000000,"joint_order2","fbbf232a0a941ee9","dual_channel_v1",UNBOUNDED,0,1,1,1,"ACTION_SEARCH_CERTIFICATE_V1:generated=1;planned_evaluations=1;actual_candidate_evaluations=1;actual_post_evaluations=1;actual_pl_evaluations=1;omitted=0;lifecycle=READY_FOR_EVALUATION;cap=1;trusted_snapshot=GENERATED_ACTION_SNAPSHOT_V1|1;137:414354494f4e5f53454d414e544943535f56317c34323a3431343335343439346634653566346635303435353234313534343934663465356635363331376333303362333033623330336233303362333033623330336233303362333033613362333033613362333033623b313b383a346234353435353035663431346334633b303b303b303b303b;42:414354494f4e5f4f5045524154494f4e5f56317c303b303b303b303b303b303b303b303a3b303a3b303b;;generator_identity=censusAndCapActionsV1/raw-generator-output;terminal_reason=COMPLETE;validation=VALID;validation_valid=1;validation_exhaustive=1;IMU_MODEL_UNQUALIFIED;FINISH_DEADLINE_MISSED",0,0,2,0,0,"","","",8,1,nan,nan,0,0,inf,0,0,0,0.3374957423786526,249.69712669933801,152,1,0,inf,inf,inf,inf,inf,UNAVAILABLE,IMPLEMENTED_UNVERIFIED,0,0,inf,0,1,19,19,19,19,0,"KEEP_ALL_BEST_EFFORT","NO_VALID_CANDIDATE",0,0,0,1,1,0,0,"","",0,0,0,"RUNNING","","FINISH_DEADLINE_MISSED after 3031.292562 ms; upstream=IMU_MODEL_UNQUALIFIED: no authenticated V1 calibration artifact is bound to the complete model/config digest; profile declarations and calibration identifiers are not qualification evidence;"
1000000000,1000000000,1000000000,"joint_order2","fbbf232a0a941ee9","dual_channel_v1",UNBOUNDED,0,1,1,1,"ACTION_SEARCH_CERTIFICATE_V1:generated=1;planned_evaluations=1;actual_candidate_evaluations=1;actual_post_evaluations=1;actual_pl_evaluations=1;omitted=0;lifecycle=READY_FOR_EVALUATION;cap=1;trusted_snapshot=GENERATED_ACTION_SNAPSHOT_V1|1;137:414354494f4e5f53454d414e544943535f56317c34323a3431343335343439346634653566346635303435353234313534343934663465356635363331376333303362333033623330336233303362333033623330336233303362333033613362333033613362333033623b313b383a346234353435353035663431346334633b303b303b303b303b;42:414354494f4e5f4f5045524154494f4e5f56317c303b303b303b303b303b303b303b303a3b303a3b303b;;generator_identity=censusAndCapActionsV1/raw-generator-output;terminal_reason=COMPLETE;validation=VALID;validation_valid=1;validation_exhaustive=1;IMU_MODEL_UNQUALIFIED;FINISH_DEADLINE_MISSED",0,0,2,0,0,"","","",8,1,nan,nan,0,0,inf,0,0,0,0.35924526860203754,259.84067210787128,160,1,0,inf,inf,inf,inf,inf,UNAVAILABLE,IMPLEMENTED_UNVERIFIED,0,0,inf,0,1,20,20,20,20,0,"KEEP_ALL_BEST_EFFORT","NO_VALID_CANDIDATE",0,0,0,1,1,0,0,"","",0,0,0,"RUNNING","","FINISH_DEADLINE_MISSED after 3563.898162 ms; upstream=IMU_MODEL_UNQUALIFIED: no authenticated V1 calibration artifact is bound to the complete model/config digest; profile declarations and calibration identifiers are not qualification evidence;"
1050000000,1050000000,1050000000,"joint_order2","fbbf232a0a941ee9","dual_channel_v1",UNBOUNDED,0,1,1,1,"ACTION_SEARCH_CERTIFICATE_V1:generated=1;planned_evaluations=1;actual_candidate_evaluations=1;actual_post_evaluations=1;actual_pl_evaluations=1;omitted=0;lifecycle=READY_FOR_EVALUATION;cap=1;trusted_snapshot=GENERATED_ACTION_SNAPSHOT_V1|1;137:414354494f4e5f53454d414e544943535f56317c34323a3431343335343439346634653566346635303435353234313534343934663465356635363331376333303362333033623330336233303362333033623330336233303362333033613362333033613362333033623b313b383a346234353435353035663431346334633b303b303b303b303b;42:414354494f4e5f4f5045524154494f4e5f56317c303b303b303b303b303b303b303b303a3b303a3b303b;;generator_identity=censusAndCapActionsV1/raw-generator-output;terminal_reason=COMPLETE;validation=VALID;validation_valid=1;validation_exhaustive=1;IMU_MODEL_UNQUALIFIED;FINISH_DEADLINE_MISSED",0,0,2,0,0,"","","",8,1,nan,nan,0,0,inf,0,0,0,0.37878602135483092,269.93166811300756,168,1,0,inf,inf,inf,inf,inf,UNAVAILABLE,IMPLEMENTED_UNVERIFIED,0,0,inf,0,1,21,21,21,21,0,"KEEP_ALL_BEST_EFFORT","NO_VALID_CANDIDATE",0,0,0,1,1,0,0,"","",0,0,0,"RUNNING","","FINISH_DEADLINE_MISSED after 4132.665805 ms; upstream=IMU_MODEL_UNQUALIFIED: no authenticated V1 calibration artifact is bound to the complete model/config digest; profile declarations and calibration identifiers are not qualification evidence;"
1100000000,1100000000,1100000000,"joint_order2","fbbf232a0a941ee9","dual_channel_v1",UNBOUNDED,0,1,1,1,"ACTION_SEARCH_CERTIFICATE_V1:generated=1;planned_evaluations=1;actual_candidate_evaluations=1;actual_post_evaluations=1;actual_pl_evaluations=1;omitted=0;lifecycle=READY_FOR_EVALUATION;cap=1;trusted_snapshot=GENERATED_ACTION_SNAPSHOT_V1|1;137:414354494f4e5f53454d414e544943535f56317c34323a3431343335343439346634653566346635303435353234313534343934663465356635363331376333303362333033623330336233303362333033623330336233303362333033613362333033613362333033623b313b383a346234353435353035663431346334633b303b303b303b303b;42:414354494f4e5f4f5045524154494f4e5f56317c303b303b303b303b303b303b303b303a3b303a3b303b;;generator_identity=censusAndCapActionsV1/raw-generator-output;terminal_reason=COMPLETE;validation=VALID;validation_valid=1;validation_exhaustive=1;IMU_MODEL_UNQUALIFIED;FINISH_DEADLINE_MISSED",0,0,2,0,0,"","","",8,1,nan,nan,0,0,inf,0,0,0,0.38800639521048708,271.18953618702051,169,1,0,inf,inf,inf,inf,inf,UNAVAILABLE,IMPLEMENTED_UNVERIFIED,0,0,inf,0,1,22,22,22,22,0,"KEEP_ALL_BEST_EFFORT","NO_VALID_CANDIDATE",0,0,0,1,1,0,0,"","",0,0,0,"RUNNING","","FINISH_DEADLINE_MISSED after 4338.671398 ms; upstream=IMU_MODEL_UNQUALIFIED: no authenticated V1 calibration artifact is bound to the complete model/config digest; profile declarations and calibration identifiers are not qualification evidence;"
1150000000,1150000000,1150000000,"joint_order2","fbbf232a0a941ee9","dual_channel_v1",UNBOUNDED,0,1,1,1,"ACTION_SEARCH_CERTIFICATE_V1:generated=1;planned_evaluations=1;actual_candidate_evaluations=1;actual_post_evaluations=1;actual_pl_evaluations=1;omitted=0;lifecycle=READY_FOR_EVALUATION;cap=1;trusted_snapshot=GENERATED_ACTION_SNAPSHOT_V1|1;137:414354494f4e5f53454d414e544943535f56317c34323a3431343335343439346634653566346635303435353234313534343934663465356635363331376333303362333033623330336233303362333033623330336233303362333033613362333033613362333033623b313b383a346234353435353035663431346334633b303b303b303b303b;42:414354494f4e5f4f5045524154494f4e5f56317c303b303b303b303b303b303b303b303a3b303a3b303b;;generator_identity=censusAndCapActionsV1/raw-generator-output;terminal_reason=COMPLETE;validation=VALID;validation_valid=1;validation_exhaustive=1;IMU_MODEL_UNQUALIFIED;FINISH_DEADLINE_MISSED",0,0,2,0,0,"","","",8,1,nan,nan,0,0,inf,0,0,0,0.40216169354425879,271.18953618702051,169,1,0,inf,inf,inf,inf,inf,UNAVAILABLE,IMPLEMENTED_UNVERIFIED,0,0,inf,0,1,23,23,23,23,0,"KEEP_ALL_BEST_EFFORT","NO_VALID_CANDIDATE",0,0,0,1,1,0,0,"","",0,0,0,"RUNNING","","FINISH_DEADLINE_MISSED after 4508.833188 ms; upstream=IMU_MODEL_UNQUALIFIED: no authenticated V1 calibration artifact is bound to the complete model/config digest; profile declarations and calibration identifiers are not qualification evidence;"
1200000000,1200000000,1200000000,"joint_order2","fbbf232a0a941ee9","dual_channel_v1",UNBOUNDED,0,1,1,1,"ACTION_SEARCH_CERTIFICATE_V1:generated=1;planned_evaluations=1;actual_candidate_evaluations=1;actual_post_evaluations=1;actual_pl_evaluations=1;omitted=0;lifecycle=READY_FOR_EVALUATION;cap=1;trusted_snapshot=GENERATED_ACTION_SNAPSHOT_V1|1;137:414354494f4e5f53454d414e544943535f56317c34323a3431343335343439346634653566346635303435353234313534343934663465356635363331376333303362333033623330336233303362333033623330336233303362333033613362333033613362333033623b313b383a346234353435353035663431346334633b303b303b303b303b;42:414354494f4e5f4f5045524154494f4e5f56317c303b303b303b303b303b303b303b303a3b303a3b303b;;generator_identity=censusAndCapActionsV1/raw-generator-output;terminal_reason=COMPLETE;validation=VALID;validation_valid=1;validation_exhaustive=1;IMU_MODEL_UNQUALIFIED;FINISH_DEADLINE_MISSED",0,0,2,0,0,"","","",8,1,nan,nan,0,0,inf,0,0,0,0.4257747563531622,271.18953618702051,169,1,0,inf,inf,inf,inf,inf,UNAVAILABLE,IMPLEMENTED_UNVERIFIED,0,0,inf,0,1,24,24,24,24,0,"KEEP_ALL_BEST_EFFORT","NO_VALID_CANDIDATE",0,0,0,1,1,0,0,"","",0,0,0,"RUNNING","","FINISH_DEADLINE_MISSED after 4839.103275 ms; upstream=IMU_MODEL_UNQUALIFIED: no authenticated V1 calibration artifact is bound to the complete model/config digest; profile declarations and calibration identifiers are not qualification evidence;"
1250000000,1250000000,1250000000,"joint_order2","fbbf232a0a941ee9","dual_channel_v1",UNBOUNDED,0,1,1,1,"ACTION_SEARCH_CERTIFICATE_V1:generated=1;planned_evaluations=1;actual_candidate_evaluations=1;actual_post_evaluations=1;actual_pl_evaluations=1;omitted=0;lifecycle=READY_FOR_EVALUATION;cap=1;trusted_snapshot=GENERATED_ACTION_SNAPSHOT_V1|1;137:414354494f4e5f53454d414e544943535f56317c34323a3431343335343439346634653566346635303435353234313534343934663465356635363331376333303362333033623330336233303362333033623330336233303362333033613362333033613362333033623b313b383a346234353435353035663431346334633b303b303b303b303b;42:414354494f4e5f4f5045524154494f4e5f56317c303b303b303b303b303b303b303b303a3b303a3b303b;;generator_identity=censusAndCapActionsV1/raw-generator-output;terminal_reason=COMPLETE;validation=VALID;validation_valid=1;validation_exhaustive=1;IMU_MODEL_UNQUALIFIED;FINISH_DEADLINE_MISSED",0,0,2,0,0,"","","",8,1,nan,nan,0,0,inf,0,0,0,0.43886281784989872,271.18953618702051,169,1,0,inf,inf,inf,inf,inf,UNAVAILABLE,IMPLEMENTED_UNVERIFIED,0,0,inf,0,1,25,25,25,25,0,"KEEP_ALL_BEST_EFFORT","NO_VALID_CANDIDATE",0,0,0,1,1,0,0,"","",0,0,0,"RUNNING","","FINISH_DEADLINE_MISSED after 5433.036341 ms; upstream=IMU_MODEL_UNQUALIFIED: no authenticated V1 calibration artifact is bound to the complete model/config digest; profile declarations and calibration identifiers are not qualification evidence;"
1300000000,1300000000,1300000000,"joint_order2","fbbf232a0a941ee9","dual_channel_v1",UNBOUNDED,0,1,1,1,"ACTION_SEARCH_CERTIFICATE_V1:generated=1;planned_evaluations=1;actual_candidate_evaluations=1;actual_post_evaluations=1;actual_pl_evaluations=1;omitted=0;lifecycle=READY_FOR_EVALUATION;cap=1;trusted_snapshot=GENERATED_ACTION_SNAPSHOT_V1|1;137:414354494f4e5f53454d414e544943535f56317c34323a3431343335343439346634653566346635303435353234313534343934663465356635363331376333303362333033623330336233303362333033623330336233303362333033613362333033613362333033623b313b383a346234353435353035663431346334633b303b303b303b303b;42:414354494f4e5f4f5045524154494f4e5f56317c303b303b303b303b303b303b303b303a3b303a3b303b;;generator_identity=censusAndCapActionsV1/raw-generator-output;terminal_reason=COMPLETE;validation=VALID;validation_valid=1;validation_exhaustive=1;IMU_MODEL_UNQUALIFIED;FINISH_DEADLINE_MISSED",0,0,2,0,0,"","","",8,1,nan,nan,0,0,inf,0,0,0,0.44485253137182412,271.18953618702051,169,1,0,inf,inf,inf,inf,inf,UNAVAILABLE,IMPLEMENTED_UNVERIFIED,0,0,inf,0,1,26,26,26,26,0,"KEEP_ALL_BEST_EFFORT","NO_VALID_CANDIDATE",0,0,0,1,1,0,0,"","",0,0,0,"RUNNING","","FINISH_DEADLINE_MISSED after 5719.049025 ms; upstream=IMU_MODEL_UNQUALIFIED: no authenticated V1 calibration artifact is bound to the complete model/config digest; profile declarations and calibration identifiers are not qualification evidence;"
1350000000,1350000000,1350000000,"joint_order2","fbbf232a0a941ee9","dual_channel_v1",UNBOUNDED,0,1,1,1,"ACTION_SEARCH_CERTIFICATE_V1:generated=1;planned_evaluations=1;actual_candidate_evaluations=1;actual_post_evaluations=1;actual_pl_evaluations=1;omitted=0;lifecycle=READY_FOR_EVALUATION;cap=1;trusted_snapshot=GENERATED_ACTION_SNAPSHOT_V1|1;137:414354494f4e5f53454d414e544943535f56317c34323a3431343335343439346634653566346635303435353234313534343934663465356635363331376333303362333033623330336233303362333033623330336233303362333033613362333033613362333033623b313b383a346234353435353035663431346334633b303b303b303b303b;42:414354494f4e5f4f5045524154494f4e5f56317c303b303b303b303b303b303b303b303a3b303a3b303b;;generator_identity=censusAndCapActionsV1/raw-generator-output;terminal_reason=COMPLETE;validation=VALID;validation_valid=1;validation_exhaustive=1;IMU_MODEL_UNQUALIFIED;FINISH_DEADLINE_MISSED",0,0,2,0,0,"","","",8,1,nan,nan,0,0,inf,0,0,0,0.45290641553180472,271.18953618702051,169,1,0,inf,inf,inf,inf,inf,UNAVAILABLE,IMPLEMENTED_UNVERIFIED,0,0,inf,0,1,27,27,27,27,0,"KEEP_ALL_BEST_EFFORT","NO_VALID_CANDIDATE",0,0,0,1,1,0,0,"","",0,0,0,"RUNNING","","FINISH_DEADLINE_MISSED after 5775.244167 ms; upstream=IMU_MODEL_UNQUALIFIED: no authenticated V1 calibration artifact is bound to the complete model/config digest; profile declarations and calibration identifiers are not qualification evidence;"
1400000000,1400000000,1400000000,"joint_order2","fbbf232a0a941ee9","dual_channel_v1",UNBOUNDED,0,1,1,1,"ACTION_SEARCH_CERTIFICATE_V1:generated=1;planned_evaluations=1;actual_candidate_evaluations=1;actual_post_evaluations=1;actual_pl_evaluations=1;omitted=0;lifecycle=READY_FOR_EVALUATION;cap=1;trusted_snapshot=GENERATED_ACTION_SNAPSHOT_V1|1;137:414354494f4e5f53454d414e544943535f56317c34323a3431343335343439346634653566346635303435353234313534343934663465356635363331376333303362333033623330336233303362333033623330336233303362333033613362333033613362333033623b313b383a346234353435353035663431346334633b303b303b303b303b;42:414354494f4e5f4f5045524154494f4e5f56317c303b303b303b303b303b303b303b303a3b303a3b303b;;generator_identity=censusAndCapActionsV1/raw-generator-output;terminal_reason=COMPLETE;validation=VALID;validation_valid=1;validation_exhaustive=1;IMU_MODEL_UNQUALIFIED;FINISH_DEADLINE_MISSED",0,0,2,0,0,"","","",8,1,nan,nan,0,0,inf,0,0,0,0.46076437320083596,271.18953618702051,169,1,0,inf,inf,inf,inf,inf,UNAVAILABLE,IMPLEMENTED_UNVERIFIED,0,0,inf,0,1,28,28,28,28,0,"KEEP_ALL_BEST_EFFORT","NO_VALID_CANDIDATE",0,0,0,1,1,0,0,"","",0,0,0,"RUNNING","","FINISH_DEADLINE_MISSED after 6101.934049 ms; upstream=IMU_MODEL_UNQUALIFIED: no authenticated V1 calibration artifact is bound to the complete model/config digest; profile declarations and calibration identifiers are not qualification evidence;"
1450000000,1450000000,1450000000,"joint_order2","fbbf232a0a941ee9","dual_channel_v1",UNBOUNDED,0,1,1,1,"ACTION_SEARCH_CERTIFICATE_V1:generated=1;planned_evaluations=1;actual_candidate_evaluations=1;actual_post_evaluations=1;actual_pl_evaluations=1;omitted=0;lifecycle=READY_FOR_EVALUATION;cap=1;trusted_snapshot=GENERATED_ACTION_SNAPSHOT_V1|1;137:414354494f4e5f53454d414e544943535f56317c34323a3431343335343439346634653566346635303435353234313534343934663465356635363331376333303362333033623330336233303362333033623330336233303362333033613362333033613362333033623b313b383a346234353435353035663431346334633b303b303b303b303b;42:414354494f4e5f4f5045524154494f4e5f56317c303b303b303b303b303b303b303b303a3b303a3b303b;;generator_identity=censusAndCapActionsV1/raw-generator-output;terminal_reason=COMPLETE;validation=VALID;validation_valid=1;validation_exhaustive=1;IMU_MODEL_UNQUALIFIED;FINISH_DEADLINE_MISSED",0,0,2,0,0,"","","",8,1,nan,nan,0,0,inf,0,0,0,0.47874508371478258,271.18953618702051,169,1,0,inf,inf,inf,inf,inf,UNAVAILABLE,IMPLEMENTED_UNVERIFIED,0,0,inf,0,1,29,29,29,29,0,"KEEP_ALL_BEST_EFFORT","NO_VALID_CANDIDATE",0,0,0,1,1,0,0,"","",0,0,0,"RUNNING","","FINISH_DEADLINE_MISSED after 6569.496594 ms; upstream=IMU_MODEL_UNQUALIFIED: no authenticated V1 calibration artifact is bound to the complete model/config digest; profile declarations and calibration identifiers are not qualification evidence;"
1500000000,1500000000,1500000000,"joint_order2","fbbf232a0a941ee9","dual_channel_v1",UNBOUNDED,0,1,1,1,"ACTION_SEARCH_CERTIFICATE_V1:generated=1;planned_evaluations=1;actual_candidate_evaluations=1;actual_post_evaluations=1;actual_pl_evaluations=1;omitted=0;lifecycle=READY_FOR_EVALUATION;cap=1;trusted_snapshot=GENERATED_ACTION_SNAPSHOT_V1|1;137:414354494f4e5f53454d414e544943535f56317c34323a3431343335343439346634653566346635303435353234313534343934663465356635363331376333303362333033623330336233303362333033623330336233303362333033613362333033613362333033623b313b383a346234353435353035663431346334633b303b303b303b303b;42:414354494f4e5f4f5045524154494f4e5f56317c303b303b303b303b303b303b303b303a3b303a3b303b;;generator_identity=censusAndCapActionsV1/raw-generator-output;terminal_reason=COMPLETE;validation=VALID;validation_valid=1;validation_exhaustive=1;IMU_MODEL_UNQUALIFIED;FINISH_DEADLINE_MISSED",0,0,2,0,0,"","","",8,1,nan,nan,0,0,inf,0,0,0,0.49317081521109934,271.18953618702051,169,1,0,inf,inf,inf,inf,inf,UNAVAILABLE,IMPLEMENTED_UNVERIFIED,0,0,inf,0,1,30,30,30,30,0,"KEEP_ALL_BEST_EFFORT","NO_VALID_CANDIDATE",0,0,0,1,1,0,0,"","",0,0,0,"RUNNING","","FINISH_DEADLINE_MISSED after 7066.737547 ms; upstream=IMU_MODEL_UNQUALIFIED: no authenticated V1 calibration artifact is bound to the complete model/config digest; profile declarations and calibration identifiers are not qualification evidence;"
1550000000,1550000000,1550000000,"joint_order2","fbbf232a0a941ee9","dual_channel_v1",UNBOUNDED,0,1,1,1,"ACTION_SEARCH_CERTIFICATE_V1:generated=1;planned_evaluations=1;actual_candidate_evaluations=1;actual_post_evaluations=1;actual_pl_evaluations=1;omitted=0;lifecycle=READY_FOR_EVALUATION;cap=1;trusted_snapshot=GENERATED_ACTION_SNAPSHOT_V1|1;137:414354494f4e5f53454d414e544943535f56317c34323a3431343335343439346634653566346635303435353234313534343934663465356635363331376333303362333033623330336233303362333033623330336233303362333033613362333033613362333033623b313b383a346234353435353035663431346334633b303b303b303b303b;42:414354494f4e5f4f5045524154494f4e5f56317c303b303b303b303b303b303b303b303a3b303a3b303b;;generator_identity=censusAndCapActionsV1/raw-generator-output;terminal_reason=COMPLETE;validation=VALID;validation_valid=1;validation_exhaustive=1;IMU_MODEL_UNQUALIFIED;FINISH_DEADLINE_MISSED",0,0,2,0,0,"","","",8,1,nan,nan,0,0,inf,0,0,0,0.49814926568969176,271.18953618702051,169,1,0,inf,inf,inf,inf,inf,UNAVAILABLE,IMPLEMENTED_UNVERIFIED,0,0,inf,0,1,31,31,31,31,0,"KEEP_ALL_BEST_EFFORT","NO_VALID_CANDIDATE",0,0,0,1,1,0,0,"","",0,0,0,"RUNNING","","FINISH_DEADLINE_MISSED after 4143.652509 ms; upstream=IMU_MODEL_UNQUALIFIED: no authenticated V1 calibration artifact is bound to the complete model/config digest; profile declarations and calibration identifiers are not qualification evidence;"
1600000000,1600000000,1600000000,"joint_order2","fbbf232a0a941ee9","dual_channel_v1",UNBOUNDED,0,1,1,1,"ACTION_SEARCH_CERTIFICATE_V1:generated=1;planned_evaluations=1;actual_candidate_evaluations=1;actual_post_evaluations=1;actual_pl_evaluations=1;omitted=0;lifecycle=READY_FOR_EVALUATION;cap=1;trusted_snapshot=GENERATED_ACTION_SNAPSHOT_V1|1;137:414354494f4e5f53454d414e544943535f56317c34323a3431343335343439346634653566346635303435353234313534343934663465356635363331376333303362333033623330336233303362333033623330336233303362333033613362333033613362333033623b313b383a346234353435353035663431346334633b303b303b303b303b;42:414354494f4e5f4f5045524154494f4e5f56317c303b303b303b303b303b303b303b303a3b303a3b303b;;generator_identity=censusAndCapActionsV1/raw-generator-output;terminal_reason=COMPLETE;validation=VALID;validation_valid=1;validation_exhaustive=1;IMU_MODEL_UNQUALIFIED;FINISH_DEADLINE_MISSED",0,0,2,0,0,"","","",8,1,nan,nan,0,0,inf,0,0,0,0.4940650841849869,271.18953618702051,169,1,0,inf,inf,inf,inf,inf,UNAVAILABLE,IMPLEMENTED_UNVERIFIED,0,0,inf,0,1,32,32,32,32,0,"KEEP_ALL_BEST_EFFORT","NO_VALID_CANDIDATE",0,0,0,1,1,0,0,"","",0,0,0,"RUNNING","","FINISH_DEADLINE_MISSED after 4124.636226 ms; upstream=IMU_MODEL_UNQUALIFIED: no authenticated V1 calibration artifact is bound to the complete model/config digest; profile declarations and calibration identifiers are not qualification evidence;"
1650000000,1650000000,1650000000,"joint_order2","fbbf232a0a941ee9","dual_channel_v1",UNBOUNDED,0,1,1,1,"ACTION_SEARCH_CERTIFICATE_V1:generated=1;planned_evaluations=1;actual_candidate_evaluations=1;actual_post_evaluations=1;actual_pl_evaluations=1;omitted=0;lifecycle=READY_FOR_EVALUATION;cap=1;trusted_snapshot=GENERATED_ACTION_SNAPSHOT_V1|1;137:414354494f4e5f53454d414e544943535f56317c34323a3431343335343439346634653566346635303435353234313534343934663465356635363331376333303362333033623330336233303362333033623330336233303362333033613362333033613362333033623b313b383a346234353435353035663431346334633b303b303b303b303b;42:414354494f4e5f4f5045524154494f4e5f56317c303b303b303b303b303b303b303b303a3b303a3b303b;;generator_identity=censusAndCapActionsV1/raw-generator-output;terminal_reason=COMPLETE;validation=VALID;validation_valid=1;validation_exhaustive=1;IMU_MODEL_UNQUALIFIED;FINISH_DEADLINE_MISSED",0,0,2,0,0,"","","",8,1,nan,nan,0,0,inf,0,0,0,0.53895089948101194,271.18953618702051,169,1,0,inf,inf,inf,inf,inf,UNAVAILABLE,IMPLEMENTED_UNVERIFIED,0,0,inf,0,1,33,33,33,33,0,"KEEP_ALL_BEST_EFFORT","NO_VALID_CANDIDATE",0,0,0,1,1,0,0,"","",0,0,0,"RUNNING","","FINISH_DEADLINE_MISSED after 4095.944530 ms; upstream=IMU_MODEL_UNQUALIFIED: no authenticated V1 calibration artifact is bound to the complete model/config digest; profile declarations and calibration identifiers are not qualification evidence;"
1700000000,1700000000,1700000000,"joint_order2","fbbf232a0a941ee9","dual_channel_v1",UNBOUNDED,0,1,1,1,"ACTION_SEARCH_CERTIFICATE_V1:generated=1;planned_evaluations=1;actual_candidate_evaluations=1;actual_post_evaluations=1;actual_pl_evaluations=1;omitted=0;lifecycle=READY_FOR_EVALUATION;cap=1;trusted_snapshot=GENERATED_ACTION_SNAPSHOT_V1|1;137:414354494f4e5f53454d414e544943535f56317c34323a3431343335343439346634653566346635303435353234313534343934663465356635363331376333303362333033623330336233303362333033623330336233303362333033613362333033613362333033623b313b383a346234353435353035663431346334633b303b303b303b303b;42:414354494f4e5f4f5045524154494f4e5f56317c303b303b303b303b303b303b303b303a3b303a3b303b;;generator_identity=censusAndCapActionsV1/raw-generator-output;terminal_reason=COMPLETE;validation=VALID;validation_valid=1;validation_exhaustive=1;IMU_MODEL_UNQUALIFIED;FINISH_DEADLINE_MISSED",0,0,2,0,0,"","","",8,1,nan,nan,0,0,inf,0,0,0,0.5611079627529254,271.18953618702051,169,1,0,inf,inf,inf,inf,inf,UNAVAILABLE,IMPLEMENTED_UNVERIFIED,0,0,inf,0,1,34,34,34,34,0,"KEEP_ALL_BEST_EFFORT","NO_VALID_CANDIDATE",0,0,0,1,1,0,0,"","",0,0,0,"RUNNING","","FINISH_DEADLINE_MISSED after 4026.633193 ms; upstream=IMU_MODEL_UNQUALIFIED: no authenticated V1 calibration artifact is bound to the complete model/config digest; profile declarations and calibration identifiers are not qualification evidence;"
1750000000,1750000000,1750000000,"joint_order2","fbbf232a0a941ee9","dual_channel_v1",UNBOUNDED,0,1,1,1,"ACTION_SEARCH_CERTIFICATE_V1:generated=1;planned_evaluations=1;actual_candidate_evaluations=1;actual_post_evaluations=1;actual_pl_evaluations=1;omitted=0;lifecycle=READY_FOR_EVALUATION;cap=1;trusted_snapshot=GENERATED_ACTION_SNAPSHOT_V1|1;137:414354494f4e5f53454d414e544943535f56317c34323a3431343335343439346634653566346635303435353234313534343934663465356635363331376333303362333033623330336233303362333033623330336233303362333033613362333033613362333033623b313b383a346234353435353035663431346334633b303b303b303b303b;42:414354494f4e5f4f5045524154494f4e5f56317c303b303b303b303b303b303b303b303a3b303a3b303b;;generator_identity=censusAndCapActionsV1/raw-generator-output;terminal_reason=COMPLETE;validation=VALID;validation_valid=1;validation_exhaustive=1;IMU_MODEL_UNQUALIFIED;FINISH_DEADLINE_MISSED",0,0,2,0,0,"","","",8,1,nan,nan,0,0,inf,0,0,0,0.58650168107392819,271.18953618702051,169,1,0,inf,inf,inf,inf,inf,UNAVAILABLE,IMPLEMENTED_UNVERIFIED,0,0,inf,0,1,35,35,35,35,0,"KEEP_ALL_BEST_EFFORT","NO_VALID_CANDIDATE",0,0,0,1,1,0,0,"","",0,0,0,"RUNNING","","FINISH_DEADLINE_MISSED after 4095.350142 ms; upstream=IMU_MODEL_UNQUALIFIED: no authenticated V1 calibration artifact is bound to the complete model/config digest; profile declarations and calibration identifiers are not qualification evidence;"
1800000000,1800000000,1800000000,"joint_order2","fbbf232a0a941ee9","dual_channel_v1",UNBOUNDED,0,1,1,1,"ACTION_SEARCH_CERTIFICATE_V1:generated=1;planned_evaluations=1;actual_candidate_evaluations=1;actual_post_evaluations=1;actual_pl_evaluations=1;omitted=0;lifecycle=READY_FOR_EVALUATION;cap=1;trusted_snapshot=GENERATED_ACTION_SNAPSHOT_V1|1;137:414354494f4e5f53454d414e544943535f56317c34323a3431343335343439346634653566346635303435353234313534343934663465356635363331376333303362333033623330336233303362333033623330336233303362333033613362333033613362333033623b313b383a346234353435353035663431346334633b303b303b303b303b;42:414354494f4e5f4f5045524154494f4e5f56317c303b303b303b303b303b303b303b303a3b303a3b303b;;generator_identity=censusAndCapActionsV1/raw-generator-output;terminal_reason=COMPLETE;validation=VALID;validation_valid=1;validation_exhaustive=1;IMU_MODEL_UNQUALIFIED;FINISH_DEADLINE_MISSED",0,0,2,0,0,"","","",8,1,nan,nan,0,0,inf,0,0,0,0.63523623764280068,271.18953618702051,169,1,0,inf,inf,inf,inf,inf,UNAVAILABLE,IMPLEMENTED_UNVERIFIED,0,0,inf,0,1,36,36,36,36,0,"KEEP_ALL_BEST_EFFORT","NO_VALID_CANDIDATE",0,0,0,1,1,0,0,"","",0,0,0,"RUNNING","","FINISH_DEADLINE_MISSED after 4138.561576 ms; upstream=IMU_MODEL_UNQUALIFIED: no authenticated V1 calibration artifact is bound to the complete model/config digest; profile declarations and calibration identifiers are not qualification evidence;"
1850000000,1850000000,1850000000,"joint_order2","fbbf232a0a941ee9","dual_channel_v1",UNBOUNDED,0,1,1,1,"ACTION_SEARCH_CERTIFICATE_V1:generated=1;planned_evaluations=1;actual_candidate_evaluations=1;actual_post_evaluations=1;actual_pl_evaluations=1;omitted=0;lifecycle=READY_FOR_EVALUATION;cap=1;trusted_snapshot=GENERATED_ACTION_SNAPSHOT_V1|1;137:414354494f4e5f53454d414e544943535f56317c34323a3431343335343439346634653566346635303435353234313534343934663465356635363331376333303362333033623330336233303362333033623330336233303362333033613362333033613362333033623b313b383a346234353435353035663431346334633b303b303b303b303b;42:414354494f4e5f4f5045524154494f4e5f56317c303b303b303b303b303b303b303b303a3b303a3b303b;;generator_identity=censusAndCapActionsV1/raw-generator-output;terminal_reason=COMPLETE;validation=VALID;validation_valid=1;validation_exhaustive=1;IMU_MODEL_UNQUALIFIED;FINISH_DEADLINE_MISSED",0,0,2,0,0,"","","",8,1,nan,nan,0,0,inf,0,0,0,0.65669343195701546,271.18953618702051,169,1,0,inf,inf,inf,inf,inf,UNAVAILABLE,IMPLEMENTED_UNVERIFIED,0,0,inf,0,1,37,37,37,37,0,"KEEP_ALL_BEST_EFFORT","NO_VALID_CANDIDATE",0,0,0,1,1,0,0,"","",0,0,0,"RUNNING","","FINISH_DEADLINE_MISSED after 4094.810068 ms; upstream=IMU_MODEL_UNQUALIFIED: no authenticated V1 calibration artifact is bound to the complete model/config digest; profile declarations and calibration identifiers are not qualification evidence;"
1900000000,1900000000,1900000000,"joint_order2","fbbf232a0a941ee9","dual_channel_v1",UNBOUNDED,0,1,1,1,"ACTION_SEARCH_CERTIFICATE_V1:generated=1;planned_evaluations=1;actual_candidate_evaluations=1;actual_post_evaluations=1;actual_pl_evaluations=1;omitted=0;lifecycle=READY_FOR_EVALUATION;cap=1;trusted_snapshot=GENERATED_ACTION_SNAPSHOT_V1|1;137:414354494f4e5f53454d414e544943535f56317c34323a3431343335343439346634653566346635303435353234313534343934663465356635363331376333303362333033623330336233303362333033623330336233303362333033613362333033613362333033623b313b383a346234353435353035663431346334633b303b303b303b303b;42:414354494f4e5f4f5045524154494f4e5f56317c303b303b303b303b303b303b303b303a3b303a3b303b;;generator_identity=censusAndCapActionsV1/raw-generator-output;terminal_reason=COMPLETE;validation=VALID;validation_valid=1;validation_exhaustive=1;IMU_MODEL_UNQUALIFIED;FINISH_DEADLINE_MISSED",0,0,2,0,0,"","","",8,1,nan,nan,0,0,inf,0,0,0,0.67285621161477061,271.18953618702051,169,1,0,inf,inf,inf,inf,inf,UNAVAILABLE,IMPLEMENTED_UNVERIFIED,0,0,inf,0,1,38,38,38,38,0,"KEEP_ALL_BEST_EFFORT","NO_VALID_CANDIDATE",0,0,0,1,1,0,0,"","",0,0,0,"RUNNING","","FINISH_DEADLINE_MISSED after 4192.480245 ms; upstream=IMU_MODEL_UNQUALIFIED: no authenticated V1 calibration artifact is bound to the complete model/config digest; profile declarations and calibration identifiers are not qualification evidence;"
1950000000,1950000000,1950000000,"joint_order2","fbbf232a0a941ee9","dual_channel_v1",UNBOUNDED,0,1,1,1,"ACTION_SEARCH_CERTIFICATE_V1:generated=1;planned_evaluations=1;actual_candidate_evaluations=1;actual_post_evaluations=1;actual_pl_evaluations=1;omitted=0;lifecycle=READY_FOR_EVALUATION;cap=1;trusted_snapshot=GENERATED_ACTION_SNAPSHOT_V1|1;137:414354494f4e5f53454d414e544943535f56317c34323a3431343335343439346634653566346635303435353234313534343934663465356635363331376333303362333033623330336233303362333033623330336233303362333033613362333033613362333033623b313b383a346234353435353035663431346334633b303b303b303b303b;42:414354494f4e5f4f5045524154494f4e5f56317c303b303b303b303b303b303b303b303a3b303a3b303b;;generator_identity=censusAndCapActionsV1/raw-generator-output;terminal_reason=COMPLETE;validation=VALID;validation_valid=1;validation_exhaustive=1;IMU_MODEL_UNQUALIFIED;FINISH_DEADLINE_MISSED",0,0,2,0,0,"","","",8,1,nan,nan,0,0,inf,0,0,0,0.67601455172695379,271.18953618702051,169,1,0,inf,inf,inf,inf,inf,UNAVAILABLE,IMPLEMENTED_UNVERIFIED,0,0,inf,0,1,39,39,39,39,0,"KEEP_ALL_BEST_EFFORT","NO_VALID_CANDIDATE",0,0,0,1,1,0,0,"","",0,0,0,"RUNNING","","FINISH_DEADLINE_MISSED after 4188.896543 ms; upstream=IMU_MODEL_UNQUALIFIED: no authenticated V1 calibration artifact is bound to the complete model/config digest; profile declarations and calibration identifiers are not qualification evidence;"
2000000000,2000000000,2000000000,"joint_order2","fbbf232a0a941ee9","dual_channel_v1",UNBOUNDED,0,1,1,1,"ACTION_SEARCH_CERTIFICATE_V1:generated=1;planned_evaluations=1;actual_candidate_evaluations=1;actual_post_evaluations=1;actual_pl_evaluations=1;omitted=0;lifecycle=READY_FOR_EVALUATION;cap=1;trusted_snapshot=GENERATED_ACTION_SNAPSHOT_V1|1;137:414354494f4e5f53454d414e544943535f56317c34323a3431343335343439346634653566346635303435353234313534343934663465356635363331376333303362333033623330336233303362333033623330336233303362333033613362333033613362333033623b313b383a346234353435353035663431346334633b303b303b303b303b;42:414354494f4e5f4f5045524154494f4e5f56317c303b303b303b303b303b303b303b303a3b303a3b303b;;generator_identity=censusAndCapActionsV1/raw-generator-output;terminal_reason=COMPLETE;validation=VALID;validation_valid=1;validation_exhaustive=1;IMU_MODEL_UNQUALIFIED;FINISH_DEADLINE_MISSED",0,0,2,0,0,"","","",8,1,nan,nan,0,0,inf,0,0,0,0.70538025426229933,271.18953618702051,169,1,0,inf,inf,inf,inf,inf,UNAVAILABLE,IMPLEMENTED_UNVERIFIED,0,0,inf,0,1,40,40,40,40,0,"KEEP_ALL_BEST_EFFORT","NO_VALID_CANDIDATE",0,0,0,1,1,0,0,"","",0,0,0,"RUNNING","","FINISH_DEADLINE_MISSED after 4321.982123 ms; upstream=IMU_MODEL_UNQUALIFIED: no authenticated V1 calibration artifact is bound to the complete model/config digest; profile declarations and calibration identifiers are not qualification evidence;"
2050000000,2050000000,2050000000,"joint_order2","fbbf232a0a941ee9","dual_channel_v1",UNBOUNDED,0,1,1,1,"ACTION_SEARCH_CERTIFICATE_V1:generated=1;planned_evaluations=1;actual_candidate_evaluations=1;actual_post_evaluations=1;actual_pl_evaluations=1;omitted=0;lifecycle=READY_FOR_EVALUATION;cap=1;trusted_snapshot=GENERATED_ACTION_SNAPSHOT_V1|1;137:414354494f4e5f53454d414e544943535f56317c34323a3431343335343439346634653566346635303435353234313534343934663465356635363331376333303362333033623330336233303362333033623330336233303362333033613362333033613362333033623b313b383a346234353435353035663431346334633b303b303b303b303b;42:414354494f4e5f4f5045524154494f4e5f56317c303b303b303b303b303b303b303b303a3b303a3b303b;;generator_identity=censusAndCapActionsV1/raw-generator-output;terminal_reason=COMPLETE;validation=VALID;validation_valid=1;validation_exhaustive=1;IMU_MODEL_UNQUALIFIED;FINISH_DEADLINE_MISSED",0,0,2,0,0,"","","",8,1,nan,nan,0,0,inf,0,0,0,0.71932680253647752,271.18953618702051,169,1,0,inf,inf,inf,inf,inf,UNAVAILABLE,IMPLEMENTED_UNVERIFIED,0,0,inf,0,1,41,41,41,41,0,"KEEP_ALL_BEST_EFFORT","NO_VALID_CANDIDATE",0,0,0,1,1,0,0,"","",0,0,0,"RUNNING","","FINISH_DEADLINE_MISSED after 4284.782342 ms; upstream=IMU_MODEL_UNQUALIFIED: no authenticated V1 calibration artifact is bound to the complete model/config digest; profile declarations and calibration identifiers are not qualification evidence;"
2100000000,2100000000,2100000000,"joint_order2","fbbf232a0a941ee9","dual_channel_v1",UNBOUNDED,0,1,1,1,"ACTION_SEARCH_CERTIFICATE_V1:generated=1;planned_evaluations=1;actual_candidate_evaluations=1;actual_post_evaluations=1;actual_pl_evaluations=1;omitted=0;lifecycle=READY_FOR_EVALUATION;cap=1;trusted_snapshot=GENERATED_ACTION_SNAPSHOT_V1|1;137:414354494f4e5f53454d414e544943535f56317c34323a3431343335343439346634653566346635303435353234313534343934663465356635363331376333303362333033623330336233303362333033623330336233303362333033613362333033613362333033623b313b383a346234353435353035663431346334633b303b303b303b303b;42:414354494f4e5f4f5045524154494f4e5f56317c303b303b303b303b303b303b303b303a3b303a3b303b;;generator_identity=censusAndCapActionsV1/raw-generator-output;terminal_reason=COMPLETE;validation=VALID;validation_valid=1;validation_exhaustive=1;IMU_MODEL_UNQUALIFIED;FINISH_DEADLINE_MISSED",0,0,2,0,0,"","","",8,1,nan,nan,0,0,inf,0,0,0,0.73739664015563744,271.18953618702051,169,1,0,inf,inf,inf,inf,inf,UNAVAILABLE,IMPLEMENTED_UNVERIFIED,0,0,inf,0,1,42,42,42,42,0,"KEEP_ALL_BEST_EFFORT","NO_VALID_CANDIDATE",0,0,0,1,1,0,0,"","",0,0,0,"RUNNING","","FINISH_DEADLINE_MISSED after 4273.187302 ms; upstream=IMU_MODEL_UNQUALIFIED: no authenticated V1 calibration artifact is bound to the complete model/config digest; profile declarations and calibration identifiers are not qualification evidence;"
2150000000,2150000000,2150000000,"joint_order2","fbbf232a0a941ee9","dual_channel_v1",UNBOUNDED,0,1,1,1,"ACTION_SEARCH_CERTIFICATE_V1:generated=1;planned_evaluations=1;actual_candidate_evaluations=1;actual_post_evaluations=1;actual_pl_evaluations=1;omitted=0;lifecycle=READY_FOR_EVALUATION;cap=1;trusted_snapshot=GENERATED_ACTION_SNAPSHOT_V1|1;137:414354494f4e5f53454d414e544943535f56317c34323a3431343335343439346634653566346635303435353234313534343934663465356635363331376333303362333033623330336233303362333033623330336233303362333033613362333033613362333033623b313b383a346234353435353035663431346334633b303b303b303b303b;42:414354494f4e5f4f5045524154494f4e5f56317c303b303b303b303b303b303b303b303a3b303a3b303b;;generator_identity=censusAndCapActionsV1/raw-generator-output;terminal_reason=COMPLETE;validation=VALID;validation_valid=1;validation_exhaustive=1;IMU_MODEL_UNQUALIFIED;FINISH_DEADLINE_MISSED",0,0,2,0,0,"","","",8,1,nan,nan,0,0,inf,0,0,0,0.74599438966909415,271.18953618702051,169,1,0,inf,inf,inf,inf,inf,UNAVAILABLE,IMPLEMENTED_UNVERIFIED,0,0,inf,0,1,43,43,43,43,0,"KEEP_ALL_BEST_EFFORT","NO_VALID_CANDIDATE",0,0,0,1,1,0,0,"","",0,0,0,"RUNNING","","FINISH_DEADLINE_MISSED after 4351.413699 ms; upstream=IMU_MODEL_UNQUALIFIED: no authenticated V1 calibration artifact is bound to the complete model/config digest; profile declarations and calibration identifiers are not qualification evidence;"
2200000000,2200000000,2200000000,"joint_order2","fbbf232a0a941ee9","dual_channel_v1",UNBOUNDED,0,1,1,1,"ACTION_SEARCH_CERTIFICATE_V1:generated=1;planned_evaluations=1;actual_candidate_evaluations=1;actual_post_evaluations=1;actual_pl_evaluations=1;omitted=0;lifecycle=READY_FOR_EVALUATION;cap=1;trusted_snapshot=GENERATED_ACTION_SNAPSHOT_V1|1;137:414354494f4e5f53454d414e544943535f56317c34323a3431343335343439346634653566346635303435353234313534343934663465356635363331376333303362333033623330336233303362333033623330336233303362333033613362333033613362333033623b313b383a346234353435353035663431346334633b303b303b303b303b;42:414354494f4e5f4f5045524154494f4e5f56317c303b303b303b303b303b303b303b303a3b303a3b303b;;generator_identity=censusAndCapActionsV1/raw-generator-output;terminal_reason=COMPLETE;validation=VALID;validation_valid=1;validation_exhaustive=1;IMU_MODEL_UNQUALIFIED;FINISH_DEADLINE_MISSED",0,0,2,0,0,"","","",8,1,nan,nan,0,0,inf,0,0,0,0.78576735081260751,271.18953618702051,169,1,0,inf,inf,inf,inf,inf,UNAVAILABLE,IMPLEMENTED_UNVERIFIED,0,0,inf,0,1,44,44,44,44,0,"KEEP_ALL_BEST_EFFORT","NO_VALID_CANDIDATE",0,0,0,1,1,0,0,"","",0,0,0,"RUNNING","","FINISH_DEADLINE_MISSED after 4124.629696 ms; upstream=IMU_MODEL_UNQUALIFIED: no authenticated V1 calibration artifact is bound to the complete model/config digest; profile declarations and calibration identifiers are not qualification evidence;"
2250000000,2250000000,2250000000,"joint_order2","fbbf232a0a941ee9","dual_channel_v1",UNBOUNDED,0,1,1,1,"ACTION_SEARCH_CERTIFICATE_V1:generated=1;planned_evaluations=1;actual_candidate_evaluations=1;actual_post_evaluations=1;actual_pl_evaluations=1;omitted=0;lifecycle=READY_FOR_EVALUATION;cap=1;trusted_snapshot=GENERATED_ACTION_SNAPSHOT_V1|1;137:414354494f4e5f53454d414e544943535f56317c34323a3431343335343439346634653566346635303435353234313534343934663465356635363331376333303362333033623330336233303362333033623330336233303362333033613362333033613362333033623b313b383a346234353435353035663431346334633b303b303b303b303b;42:414354494f4e5f4f5045524154494f4e5f56317c303b303b303b303b303b303b303b303a3b303a3b303b;;generator_identity=censusAndCapActionsV1/raw-generator-output;terminal_reason=COMPLETE;validation=VALID;validation_valid=1;validation_exhaustive=1;IMU_MODEL_UNQUALIFIED;FINISH_DEADLINE_MISSED",0,0,2,0,0,"","","",8,1,nan,nan,0,0,inf,0,0,0,0.80060336974260515,271.18953618702051,169,1,0,inf,inf,inf,inf,inf,UNAVAILABLE,IMPLEMENTED_UNVERIFIED,0,0,inf,0,1,45,45,45,45,0,"KEEP_ALL_BEST_EFFORT","NO_VALID_CANDIDATE",0,0,0,1,1,0,0,"","",0,0,0,"RUNNING","","FINISH_DEADLINE_MISSED after 4149.821950 ms; upstream=IMU_MODEL_UNQUALIFIED: no authenticated V1 calibration artifact is bound to the complete model/config digest; profile declarations and calibration identifiers are not qualification evidence;"
