timestamp_ns,sequence,anchor_id,fault_mode,active,outage,injected_bias_m,true_range_m,sensor_type,fault_kind,axis,epoch_begin,epoch_end,injected_value,injected_units
1790262654144509528,1,3,"none",0,0,0,7.14143,"","",0,0,0,0,""
1790262654150770098,2,4,"none",0,0,0,8.66025,"","",0,0,0,0,""
1790262654157042428,3,5,"none",0,0,0,7.14143,"","",0,0,0,0,""
1790262654163283248,4,6,"none",0,0,0,8.66025,"","",0,0,0,0,""
1790262654169503592,5,7,"none",0,0,0,7.14143,"","",0,0,0,0,""
1790262654175806903,6,8,"none",0,0,0,8.66025,"","",0,0,0,0,""
1790262654182041392,7,1,"none",0,0,0,7.14143,"","",0,0,0,0,""
1790262654188307972,8,2,"none",0,0,0,8.66025,"","",0,0,0,0,""
1790262654194512807,9,3,"none",0,0,0,7.14143,"","",0,0,0,0,""
1790262654200763337,10,4,"none",0,0,0,8.66025,"","",0,0,0,0,""
1790262654207026552,11,5,"none",0,0,0,7.14143,"","",0,0,0,0,""
1790262654213281533,12,6,"none",0,0,0,8.66025,"","",0,0,0,0,""
1790262654219511194,13,7,"none",0,0,0,7.14143,"","",0,0,0,0,""
1790262654225785920,14,8,"none",0,0,0,8.66025,"","",0,0,0,0,""
1790262654232058483,15,1,"none",0,0,0,7.14143,"","",0,0,0,0,""
1790262654238274984,16,2,"none",0,0,0,8.66025,"","",0,0,0,0,""
1790262654244502081,17,3,"none",0,0,0,7.14143,"","",0,0,0,0,""
1790262654250818391,18,4,"none",0,0,0,8.66025,"","",0,0,0,0,""
1790262654257006211,19,5,"none",0,0,0,7.14143,"","",0,0,0,0,""
1790262654263298797,20,6,"none",0,0,0,8.66025,"","",0,0,0,0,""
1790262654269511882,21,7,"none",0,0,0,7.14143,"","",0,0,0,0,""
1790262654275775800,22,8,"none",0,0,0,8.66025,"","",0,0,0,0,""
1790262654282015783,23,1,"none",0,0,0,7.14143,"","",0,0,0,0,""
1790262654288308292,24,2,"none",0,0,0,8.66025,"","",0,0,0,0,""
1790262654294506953,25,3,"none",0,0,0,7.14143,"","",0,0,0,0,""
1790262654300756418,26,4,"none",0,0,0,8.66025,"","",0,0,0,0,""
1790262654307021503,27,5,"none",0,0,0,7.14143,"","",0,0,0,0,""
1790262654313253394,28,6,"none",0,0,0,8.66025,"","",0,0,0,0,""
1790262654319512179,29,7,"none",0,0,0,7.14143,"","",0,0,0,0,""
1790262654325790928,30,8,"none",0,0,0,8.66025,"","",0,0,0,0,""
1790262654332049089,31,1,"none",0,0,0,7.14143,"","",0,0,0,0,""
1790262654338318163,32,2,"none",0,0,0,8.66025,"","",0,0,0,0,""
1790262654344521598,33,3,"none",0,0,0,7.14143,"","",0,0,0,0,""
1790262654350789172,34,4,"none",0,0,0,8.66025,"","",0,0,0,0,""
1790262654357039916,35,5,"none",0,0,0,7.14143,"","",0,0,0,0,""
1790262654363296101,36,6,"none",0,0,0,8.66025,"","",0,0,0,0,""
1790262654369507618,37,7,"none",0,0,0,7.14143,"","",0,0,0,0,""
1790262654375784810,38,8,"none",0,0,0,8.66025,"","",0,0,0,0,""
1790262654382076469,39,1,"none",0,0,0,7.14143,"","",0,0,0,0,""
1790262654388293257,40,2,"none",0,0,0,8.66025,"","",0,0,0,0,""
1790262654394568715,41,3,"none",0,0,0,7.14143,"","",0,0,0,0,""
1790262654400781920,42,4,"none",0,0,0,8.66025,"","",0,0,0,0,""
1790262654407075963,43,5,"none",0,0,0,7.14143,"","",0,0,0,0,""
1790262654413287108,44,6,"none",0,0,0,8.66025,"","",0,0,0,0,""
1790262654419499546,45,7,"none",0,0,0,7.14143,"","",0,0,0,0,""
1790262654425796203,46,8,"none",0,0,0,8.66025,"","",0,0,0,0,""
1790262654432046208,47,1,"none",0,0,0,7.14143,"","",0,0,0,0,""
1790262654438294125,48,2,"none",0,0,0,8.66025,"","",0,0,0,0,""
1790262654444682022,49,3,"none",0,0,0,7.14143,"","",0,0,0,0,""
1790262654450816659,50,4,"none",0,0,0,8.66025,"","",0,0,0,0,""
1790262654457045943,51,5,"none",0,0,0,7.14143,"","",0,0,0,0,""
1790262654463315721,52,6,"none",0,0,0,8.66024,"","",0,0,0,0,""
1790262654469526822,53,7,"none",0,0,0,7.14142,"","",0,0,0,0,""
1790262654475769166,54,8,"none",0,0,0,8.66021,"","",0,0,0,0,""
1790262654482072596,55,1,"none",0,0,0,7.14141,"","",0,0,0,0,""
1790262654488312049,56,2,"none",0,0,0,8.66018,"","",0,0,0,0,""
1790262654494530618,57,3,"none",0,0,0,7.1414,"","",0,0,0,0,""
1790262654500822752,58,4,"none",0,0,0,8.66009,"","",0,0,0,0,""
1790262654507094973,59,5,"none",0,0,0,7.14138,"","",0,0,0,0,""
1790262654513332203,60,6,"none",0,0,0,8.66002,"","",0,0,0,0,""
1790262654519563218,61,7,"none",0,0,0,7.14135,"","",0,0,0,0,""
1790262654525822231,62,8,"none",0,0,0,8.65987,"","",0,0,0,0,""
1790262654532114854,63,1,"none",0,0,0,7.14132,"","",0,0,0,0,""
1790262654538323445,64,2,"none",0,0,0,8.65974,"","",0,0,0,0,""
1790262654544548776,65,3,"none",0,0,0,7.14127,"","",0,0,0,0,""
1790262654550815945,66,4,"none",0,0,0,8.65951,"","",0,0,0,0,""
1790262654557067299,67,5,"none",0,0,0,7.14123,"","",0,0,0,0,""
1790262654563316148,68,6,"none",0,0,0,8.65933,"","",0,0,0,0,""
1790262654569559218,69,7,"none",0,0,0,7.14116,"","",0,0,0,0,""
1790262654575808466,70,8,"none",0,0,0,8.65902,"","",0,0,0,0,""
1790262654582063985,71,1,"none",0,0,0,7.1411,"","",0,0,0,0,""
1790262654588392405,72,2,"none",0,0,0,8.65878,"","",0,0,0,0,""
1790262654594538364,73,3,"none",0,0,0,7.14101,"","",0,0,0,0,""
1790262654600807833,74,4,"none",0,0,0,8.65837,"","",0,0,0,0,""
1790262654607083397,75,5,"none",0,0,0,7.14094,"","",0,0,0,0,""
1790262654613312864,76,6,"none",0,0,0,8.65807,"","",0,0,0,0,""
1790262654619545530,77,7,"none",0,0,0,7.14082,"","",0,0,0,0,""
1790262654625809557,78,8,"none",0,0,0,8.65756,"","",0,0,0,0,""
1790262654632001209,79,1,"none",0,0,0,7.14073,"","",0,0,0,0,""
1790262654638341399,80,2,"none",0,0,0,8.65719,"","",0,0,0,0,""
1790262654644512363,81,3,"none",0,0,0,7.14059,"","",0,0,0,0,""
1790262654650805515,82,4,"none",0,0,0,8.65658,"","",0,0,0,0,""
1790262654657060475,83,5,"none",0,0,0,7.14049,"","",0,0,0,0,""
1790262654663333416,84,6,"none",0,0,0,8.65613,"","",0,0,0,0,""
1790262654669548797,85,7,"none",0,0,0,7.14032,"","",0,0,0,0,""
1790262654675843136,86,8,"none",0,0,0,8.65541,"","",0,0,0,0,""
1790262654682074847,87,1,"none",0,0,0,7.1402,"","",0,0,0,0,""
1790262654688304293,88,2,"none",0,0,0,8.65489,"","",0,0,0,0,""
1790262654694568758,89,3,"none",0,0,0,7.14,"","",0,0,0,0,""
1790262654700821999,90,4,"none",0,0,0,8.65405,"","",0,0,0,0,""
1790262654707036997,91,5,"none",0,0,0,7.13986,"","",0,0,0,0,""
1790262654713336458,92,6,"none",0,0,0,8.65346,"","",0,0,0,0,""
1790262654719503990,93,7,"none",0,0,0,7.13964,"","",0,0,0,0,""
1790262654725829999,94,8,"none",0,0,0,8.6525,"","",0,0,0,0,""
1790262654732020597,95,1,"none",0,0,0,7.13948,"","",0,0,0,0,""
1790262654738283067,96,2,"none",0,0,0,8.65182,"","",0,0,0,0,""
1790262654744517945,97,3,"none",0,0,0,7.13923,"","",0,0,0,0,""
1790262654750808828,98,4,"none",0,0,0,8.65074,"","",0,0,0,0,""
1790262654757073751,99,5,"none",0,0,0,7.13905,"","",0,0,0,0,""
1790262654763323491,100,6,"none",0,0,0,8.64998,"","",0,0,0,0,""
1790262654769559008,101,7,"none",0,0,0,7.13876,"","",0,0,0,0,""
1790262654775815604,102,8,"none",0,0,0,8.64877,"","",0,0,0,0,""
1790262654782109855,103,1,"none",0,0,0,7.13857,"","",0,0,0,0,""
1790262654788329161,104,2,"none",0,0,0,8.64792,"","",0,0,0,0,""
1790262654794553291,105,3,"none",0,0,0,7.13825,"","",0,0,0,0,""
1790262654800788356,106,4,"none",0,0,0,8.64658,"","",0,0,0,0,""
1790262654807119202,107,5,"none",0,0,0,7.13803,"","",0,0,0,0,""
1790262654813328426,108,6,"none",0,0,0,8.64564,"","",0,0,0,0,""
1790262654819529822,109,7,"none",0,0,0,7.13769,"","",0,0,0,0,""
1790262654825811258,110,8,"none",0,0,0,8.64416,"","",0,0,0,0,""
1790262654831998379,111,1,"none",0,0,0,7.13745,"","",0,0,0,0,""
1790262654838269541,112,2,"none",0,0,0,8.64313,"","",0,0,0,0,""
1790262654844526070,113,3,"none",0,0,0,7.13708,"","",0,0,0,0,""
